strategy,score_variant,top_n,daily_replace_k,cap_min_pct,cap_bonus,window_id,start_date,end_date,initial_cash,final_nav,day_count,period_return,ten_day_return,annual_return,sharpe,max_drawdown,total_return,turnover_mean
baseline_y_top20_k3,y_score,20,3,0.0,0.0,1,2026-01-05,2026-01-16,1000000.0,1044901.2804699253,10.0,0.044901280469925364,0.044901280469925364,2.0247994601314594,8.99189170397517,-0.01000587552577259,0.044901280469925364,0.36999999999999994
baseline_y_top20_k3,y_score,20,3,0.0,0.0,2,2026-01-06,2026-01-19,1000000.0,1049672.5640337944,10.0,0.0496725640337945,0.0496725640337945,2.392789513350783,11.034729451115671,-0.007117440959215182,0.0496725640337945,0.36999999999999994
baseline_y_top20_k3,y_score,20,3,0.0,0.0,3,2026-01-07,2026-01-20,1000000.0,1051938.3526974397,10.0,0.05193835269743974,0.05193835269743974,2.582245057967075,10.426814350212684,-0.0050777205978274065,0.05193835269743974,0.36999999999999994
baseline_y_top20_k3,y_score,20,3,0.0,0.0,4,2026-01-08,2026-01-21,1000000.0,1100502.287477441,10.0,0.10050228747744083,0.10050228747744083,10.170996867458365,22.688929462576237,-0.001983962406180706,0.10050228747744083,0.36999999999999994
baseline_y_top20_k3,y_score,20,3,0.0,0.0,5,2026-01-09,2026-01-22,1000000.0,1090731.5475852534,10.0,0.09073154758525348,0.09073154758525348,7.922579760407361,18.435614782835604,-0.0023257673354096786,0.09073154758525348,0.36999999999999994
baseline_y_top20_k3,y_score,20,3,0.0,0.0,6,2026-01-12,2026-01-23,1000000.0,1054713.2846158445,10.0,0.05471328461584446,0.05471328461584446,2.8281353802794458,13.49718387401093,-0.004321883672767646,0.05471328461584446,0.36999999999999994
baseline_y_top20_k3,y_score,20,3,0.0,0.0,7,2026-01-13,2026-01-26,1000000.0,1031264.1050803369,10.0,0.031264105080336835,0.031264105080336835,1.1723085997975784,6.917635226486036,-0.009899156203269976,0.031264105080336835,0.36999999999999994
baseline_y_top20_k3,y_score,20,3,0.0,0.0,8,2026-01-14,2026-01-27,1000000.0,1037105.7361655424,10.0,0.03710573616554247,0.03710573616554247,1.5046123364090107,8.891059174442336,-0.0102216330820184,0.03710573616554247,0.36999999999999994
baseline_y_top20_k3,y_score,20,3,0.0,0.0,9,2026-01-15,2026-01-28,1000000.0,1028103.9050462554,10.0,0.028103905046255484,0.028103905046255484,1.0106321381085093,4.4034823058236245,-0.025486296834168143,0.028103905046255484,0.36999999999999994
baseline_y_top20_k3,y_score,20,3,0.0,0.0,10,2026-01-16,2026-01-29,1000000.0,1018336.560772116,10.0,0.018336560772115984,0.018336560772115984,0.5807444813253186,2.547597498070125,-0.035405187281609796,0.018336560772115984,0.36999999999999994
baseline_y_top20_k3,y_score,20,3,0.0,0.0,11,2026-01-19,2026-01-30,1000000.0,1051803.5282583116,10.0,0.05180352825831158,0.05180352825831158,2.5706929618134673,7.290208310178416,-0.0290852923624777,0.05180352825831158,0.36999999999999994
baseline_y_top20_k3,y_score,20,3,0.0,0.0,12,2026-01-20,2026-02-02,1000000.0,1009958.7246955346,10.0,0.009958724695534604,0.009958724695534604,0.28366398510499313,1.530236342888957,-0.03489594297302423,0.009958724695534604,0.36999999999999994
baseline_y_top20_k3,y_score,20,3,0.0,0.0,13,2026-01-21,2026-02-03,1000000.0,1000632.8274947774,10.0,0.0006328274947773327,0.0006328274947773327,0.016069964077240373,0.17868664749808094,-0.039446571192847224,0.0006328274947773327,0.36999999999999994
baseline_y_top20_k3,y_score,20,3,0.0,0.0,14,2026-01-22,2026-02-04,1000000.0,1004617.0419529438,10.0,0.004617041952943879,0.004617041952943879,0.12308760885650138,0.825570877804282,-0.03402820368230497,0.004617041952943879,0.36999999999999994
baseline_y_top20_k3,y_score,20,3,0.0,0.0,15,2026-01-23,2026-02-05,1000000.0,987484.0784333397,10.0,-0.01251592156666026,-0.01251592156666026,-0.27195441584369195,-2.0363132164932063,-0.03430855836204172,-0.01251592156666026,0.36999999999999994
baseline_y_top20_k3,y_score,20,3,0.0,0.0,16,2026-01-26,2026-02-06,1000000.0,991585.9938527292,10.0,-0.008414006147270836,-0.008414006147270836,-0.19178730090885532,-1.0244027266902214,-0.032251877044940036,-0.008414006147270836,0.36999999999999994
baseline_y_top20_k3,y_score,20,3,0.0,0.0,17,2026-01-27,2026-02-09,1000000.0,1012517.0785075774,10.0,0.01251707850757744,0.01251707850757744,0.36816792718404656,1.7563389200163186,-0.03068033594678432,0.01251707850757744,0.36999999999999994
baseline_y_top20_k3,y_score,20,3,0.0,0.0,18,2026-01-28,2026-02-10,1000000.0,1021539.9985716855,10.0,0.021539998571685537,0.021539998571685537,0.7109427570916509,3.1419538309928376,-0.010245737654864806,0.021539998571685537,0.36999999999999994
baseline_y_top20_k3,y_score,20,3,0.0,0.0,19,2026-01-29,2026-02-11,1000000.0,1035871.803469417,10.0,0.035871803469416985,0.035871803469416985,1.430588812728434,5.250142524240569,-0.012355805409848708,0.035871803469416985,0.36999999999999994
baseline_y_top20_k3,y_score,20,3,0.0,0.0,20,2026-01-30,2026-02-12,1000000.0,1039535.7144999336,10.0,0.03953571449993354,0.03953571449993354,1.6567656575403689,6.838417481733798,-0.014111161267161387,0.03953571449993354,0.36999999999999994
baseline_y_top20_k3,y_score,20,3,0.0,0.0,21,2026-02-02,2026-02-13,1000000.0,1034902.5600780796,10.0,0.03490256007807968,0.03490256007807968,1.3739218851296418,8.628789808262933,-0.0031824759559333504,0.03490256007807968,0.36999999999999994
baseline_y_top20_k3,y_score,20,3,0.0,0.0,22,2026-02-03,2026-02-24,1000000.0,1058693.2363575355,10.0,0.05869323635753543,0.05869323635753543,3.209276849671114,9.794083653316518,-0.015187961084544677,0.05869323635753543,0.36999999999999994
baseline_y_top20_k3,y_score,20,3,0.0,0.0,23,2026-02-04,2026-02-25,1000000.0,1042415.565287235,10.0,0.04241556528723489,0.04241556528723489,1.8485927710334344,8.751663150928604,-0.011094100808501262,0.04241556528723489,0.36999999999999994
baseline_y_top20_k3,y_score,20,3,0.0,0.0,24,2026-02-05,2026-02-26,1000000.0,1027188.049322477,10.0,0.02718804932247698,0.02718804932247698,0.9659793053832892,8.435936303491083,-0.0031206235641241253,0.02718804932247698,0.36999999999999994
baseline_y_top20_k3,y_score,20,3,0.0,0.0,25,2026-02-06,2026-02-27,1000000.0,1035145.0344169865,10.0,0.035145034416986576,0.035145034416986576,1.387977990174189,8.241175883597904,-0.006642853876352328,0.035145034416986576,0.36999999999999994
baseline_y_top20_k3,y_score,20,3,0.0,0.0,26,2026-02-09,2026-03-02,1000000.0,1016451.1170950716,10.0,0.016451117095071632,0.016451117095071632,0.5086195693502857,3.6352407846679546,-0.01942594913683815,0.016451117095071632,0.36999999999999994
baseline_y_top20_k3,y_score,20,3,0.0,0.0,27,2026-02-10,2026-03-03,1000000.0,974785.668736926,10.0,-0.02521433126307393,-0.02521433126307393,-0.4745756246800663,-2.9941469301229624,-0.05333448349777892,-0.02521433126307393,0.36999999999999994
baseline_y_top20_k3,y_score,20,3,0.0,0.0,28,2026-02-11,2026-03-04,1000000.0,979133.5093130806,10.0,-0.02086649068691937,-0.02086649068691937,-0.412218071358337,-2.6078608440773974,-0.049284236770080536,-0.02086649068691937,0.36999999999999994
baseline_y_top20_k3,y_score,20,3,0.0,0.0,29,2026-02-12,2026-03-05,1000000.0,972064.2715148049,10.0,-0.0279357284851951,-0.0279357284851951,-0.5103187033566658,-3.2852261707567916,-0.053405631893183925,-0.0279357284851951,0.36999999999999994
baseline_y_top20_k3,y_score,20,3,0.0,0.0,30,2026-02-13,2026-03-06,1000000.0,998428.6136856405,10.0,-0.0015713863143594908,-0.0015713863143594908,-0.03885508022438422,-0.10059463377085626,-0.04538445867165486,-0.0015713863143594908,0.36999999999999994
baseline_y_top20_k3,y_score,20,3,0.0,0.0,31,2026-02-24,2026-03-09,1000000.0,1037746.8060589128,10.0,0.037746806058912785,0.037746806058912785,1.543919802483145,4.317384179982739,-0.04286443849755939,0.037746806058912785,0.36999999999999994
baseline_y_top20_k3,y_score,20,3,0.0,0.0,32,2026-02-25,2026-03-10,1000000.0,1034426.3941754539,10.0,0.0344263941754539,0.0344263941754539,1.3465496775314358,3.6647064894264294,-0.045729931150753966,0.0344263941754539,0.36999999999999994
baseline_y_top20_k3,y_score,20,3,0.0,0.0,33,2026-02-26,2026-03-11,1000000.0,1009030.8587159486,10.0,0.009030858715948664,0.009030858715948664,0.25427306550060247,1.100207537435892,-0.04288651701362167,0.009030858715948664,0.36999999999999994
baseline_y_top20_k3,y_score,20,3,0.0,0.0,34,2026-02-27,2026-03-12,1000000.0,985627.95607967,10.0,-0.01437204392032998,-0.01437204392032998,-0.3056667985431284,-1.5025920368098409,-0.03353322831800387,-0.01437204392032998,0.36999999999999994
baseline_y_top20_k3,y_score,20,3,0.0,0.0,35,2026-03-02,2026-03-13,1000000.0,991880.5469208396,10.0,-0.0081194530791604,-0.0081194530791604,-0.1857154491775177,-0.7822574388245122,-0.031053245582025046,-0.0081194530791604,0.36999999999999994
baseline_y_top20_k3,y_score,20,3,0.0,0.0,36,2026-03-03,2026-03-16,1000000.0,1007589.8796354145,10.0,0.007589879635414354,0.007589879635414354,0.20990613192890706,0.7795229599848189,-0.034134423144513204,0.007589879635414354,0.36999999999999994
baseline_y_top20_k3,y_score,20,3,0.0,0.0,37,2026-03-04,2026-03-17,1000000.0,1058283.7917393846,10.0,0.05828379173938458,0.05828379173938458,3.1684447181606634,6.132586486119507,-0.03288035256599342,0.05828379173938458,0.36999999999999994
baseline_y_top20_k3,y_score,20,3,0.0,0.0,38,2026-03-05,2026-03-18,1000000.0,1011017.8131963973,10.0,0.011017813196397164,0.011017813196397164,0.31801984584264,1.3303401650222768,-0.04917094360890317,0.011017813196397164,0.36999999999999994
baseline_y_top20_k3,y_score,20,3,0.0,0.0,39,2026-03-06,2026-03-19,1000000.0,986989.0621523047,10.0,-0.013010937847695359,-0.013010937847695359,-0.2810958946218963,-1.380486385142407,-0.05644848262329483,-0.013010937847695359,0.36999999999999994
baseline_y_top20_k3,y_score,20,3,0.0,0.0,40,2026-03-09,2026-03-20,1000000.0,935697.2594601506,10.0,-0.06430274053984941,-0.06430274053984941,-0.8126684145946081,-5.3777762673843235,-0.09361626106848486,-0.06430274053984941,0.36999999999999994
baseline_y_top20_k3,y_score,20,3,0.0,0.0,41,2026-03-10,2026-03-23,1000000.0,896255.4385751181,10.0,-0.10374456142488186,-0.10374456142488186,-0.9367178156508578,-9.621766195103795,-0.1165816987800179,-0.10374456142488186,0.36999999999999994
baseline_y_top20_k3,y_score,20,3,0.0,0.0,42,2026-03-11,2026-03-24,1000000.0,902478.6744974377,10.0,-0.09752132550256232,-0.09752132550256232,-0.9246625183831764,-7.394209786631092,-0.11500946999001538,-0.09752132550256232,0.36999999999999994
baseline_y_top20_k3,y_score,20,3,0.0,0.0,43,2026-03-12,2026-03-25,1000000.0,921861.8562359388,10.0,-0.07813814376406114,-0.07813814376406114,-0.8712997741324164,-5.592262136196169,-0.10915065849462013,-0.07813814376406114,0.36999999999999994
baseline_y_top20_k3,y_score,20,3,0.0,0.0,44,2026-03-13,2026-03-26,1000000.0,897037.1098188402,10.0,-0.10296289018115978,-0.10296289018115978,-0.9353122077681462,-7.2079249258405245,-0.12100280392344898,-0.10296289018115978,0.36999999999999994
baseline_y_top20_k3,y_score,20,3,0.0,0.0,45,2026-03-16,2026-03-27,1000000.0,930938.6751754923,10.0,-0.06906132482450766,-0.06906132482450766,-0.8352554551284628,-4.245292762386464,-0.10980133379428225,-0.06906132482450766,0.36999999999999994
baseline_y_top20_k3,y_score,20,3,0.0,0.0,46,2026-03-17,2026-03-30,1000000.0,948996.3883889584,10.0,-0.05100361161104161,-0.05100361161104161,-0.7326581785554733,-2.7942622882422534,-0.10030003785905683,-0.05100361161104161,0.36999999999999994
baseline_y_top20_k3,y_score,20,3,0.0,0.0,47,2026-03-18,2026-03-31,1000000.0,973662.5892891324,10.0,-0.026337410710867593,-0.026337410710867593,-0.4896198371906949,-1.3654179436691847,-0.10186763840570134,-0.026337410710867593,0.36999999999999994
baseline_y_top20_k3,y_score,20,3,0.0,0.0,48,2026-03-19,2026-04-01,1000000.0,989591.9631533767,10.0,-0.010408036846623281,-0.010408036846623281,-0.2317629979149547,-0.5669170037444202,-0.07104607824728071,-0.010408036846623281,0.36999999999999994
baseline_y_top20_k3,y_score,20,3,0.0,0.0,49,2026-03-20,2026-04-02,1000000.0,979721.5035014194,10.0,-0.0202784964985806,-0.0202784964985806,-0.4032580960051848,-1.060892309406022,-0.03081449497282507,-0.0202784964985806,0.36999999999999994
baseline_y_top20_k3,y_score,20,3,0.0,0.0,50,2026-03-23,2026-04-03,1000000.0,990516.6656242283,10.0,-0.009483334375771646,-0.009483334375771646,-0.21346684753430123,-0.6130729525769655,-0.04853500830387192,-0.009483334375771646,0.36999999999999994
baseline_y_top20_k3,y_score,20,3,0.0,0.0,51,2026-03-24,2026-04-07,1000000.0,1059459.3178141308,10.0,0.05945931781413072,0.05945931781413072,3.286708767762831,4.3343425670049935,-0.03786544660217639,0.05945931781413072,0.36999999999999994
baseline_y_top20_k3,y_score,20,3,0.0,0.0,52,2026-03-25,2026-04-08,1000000.0,1037262.2697876017,10.0,0.03726226978760172,0.03726226978760172,1.5141560853005402,2.9211814604313546,-0.04720159012144631,0.03726226978760172,0.36999999999999994
baseline_y_top20_k3,y_score,20,3,0.0,0.0,53,2026-03-26,2026-04-09,1000000.0,1016024.0463644586,10.0,0.016024046364458533,0.016024046364458533,0.49272725187366206,1.3151337265084113,-0.05120942625673741,0.016024046364458533,0.36999999999999994
baseline_y_top20_k3,y_score,20,3,0.0,0.0,54,2026-03-27,2026-04-10,1000000.0,1063335.6323082368,10.0,0.0633356323082368,0.0633356323082368,3.699950197231206,4.900327001248322,-0.044525925745802386,0.0633356323082368,0.36999999999999994
baseline_y_top20_k3,y_score,20,3,0.0,0.0,55,2026-03-30,2026-04-13,1000000.0,1048190.3404283521,10.0,0.04819034042835213,0.04819034042835213,2.2740993945240855,3.995469459112898,-0.045766985484436806,0.04819034042835213,0.36999999999999994
baseline_y_top20_k3,y_score,20,3,0.0,0.0,56,2026-03-31,2026-04-14,1000000.0,1017566.5655794946,10.0,0.017566565579494542,0.017566565579494542,0.5508981801626829,1.7325671454745526,-0.04109038802035336,0.017566565579494542,0.36999999999999994
baseline_y_top20_k3,y_score,20,3,0.0,0.0,57,2026-04-01,2026-04-15,1000000.0,1011308.5906697771,10.0,0.011308590669777185,0.011308590669777185,0.32760582644471836,1.0195401842392053,-0.048110327240268314,0.011308590669777185,0.36999999999999994
baseline_y_top20_k3,y_score,20,3,0.0,0.0,58,2026-04-02,2026-04-16,1000000.0,1021741.2793193829,10.0,0.021741279319382745,0.021741279319382745,0.7194584235882457,1.9565862663630345,-0.02779722403526308,0.021741279319382745,0.36999999999999994
baseline_y_top20_k3,y_score,20,3,0.0,0.0,59,2026-04-03,2026-04-17,1000000.0,1056663.470994239,10.0,0.056663470994239074,0.056663470994239074,3.010556974290238,4.757182372210652,-0.009412915481030959,0.056663470994239074,0.36999999999999994
baseline_y_top20_k3,y_score,20,3,0.0,0.0,60,2026-04-07,2026-04-20,1000000.0,1070282.0813135474,10.0,0.0702820813135474,0.0702820813135474,4.53803905205291,9.085774105868644,-0.00769368751775068,0.0702820813135474,0.36999999999999994
baseline_y_top20_k3,y_score,20,3,0.0,0.0,61,2026-04-08,2026-04-21,1000000.0,1036919.0582292057,10.0,0.036919058229205604,0.036919058229205604,1.4932761909497856,7.756246179482532,-0.008462386240959185,0.036919058229205604,0.36999999999999994
baseline_y_top20_k3,y_score,20,3,0.0,0.0,62,2026-04-09,2026-04-22,1000000.0,1017321.8620664022,10.0,0.017321862066402183,0.017321862066402183,0.5415269197709442,4.63042153315746,-0.00832881130069496,0.017321862066402183,0.36999999999999994
baseline_y_top20_k3,y_score,20,3,0.0,0.0,63,2026-04-10,2026-04-23,1000000.0,1011239.2981338722,10.0,0.011239298133872255,0.011239298133872255,0.3253154206531812,2.2033895629514784,-0.019132437855654105,0.011239298133872255,0.36999999999999994
baseline_y_top20_k3,y_score,20,3,0.0,0.0,64,2026-04-13,2026-04-24,1000000.0,1024498.0930941433,10.0,0.024498093094143414,0.024498093094143414,0.840268068216961,4.603895881867597,-0.017703838681578654,0.024498093094143414,0.36999999999999994
baseline_y_top20_k3,y_score,20,3,0.0,0.0,65,2026-04-14,2026-04-27,1000000.0,992000.6245709781,10.0,-0.007999375429021849,-0.007999375429021849,-0.18322764700876815,-1.1698439201087028,-0.029579584134128534,-0.007999375429021849,0.36999999999999994
baseline_y_top20_k3,y_score,20,3,0.0,0.0,66,2026-04-15,2026-04-28,1000000.0,977885.2924826706,10.0,-0.022114707517329357,-0.022114707517329357,-0.4308123855840852,-2.9616894456339895,-0.034497924554138915,-0.022114707517329357,0.36999999999999994
baseline_y_top20_k3,y_score,20,3,0.0,0.0,67,2026-04-16,2026-04-29,1000000.0,1031462.1166712145,10.0,0.03146211667121457,0.03146211667121457,1.182844025722821,3.794189026256487,-0.021232450416088122,0.03146211667121457,0.36999999999999994
baseline_y_top20_k3,y_score,20,3,0.0,0.0,68,2026-04-17,2026-04-30,1000000.0,1012125.1793352239,10.0,0.012125179335223946,0.012125179335223946,0.35488544309482317,1.5117702670421727,-0.0309103737508738,0.012125179335223946,0.36999999999999994
baseline_y_top20_k3,y_score,20,3,0.0,0.0,69,2026-04-20,2026-05-06,1000000.0,1014958.228974769,10.0,0.01495822897476895,0.01495822897476895,0.45376383238308127,2.270016940721906,-0.020770941955171596,0.01495822897476895,0.36999999999999994
baseline_y_top20_k3,y_score,20,3,0.0,0.0,70,2026-04-21,2026-05-07,1000000.0,1005996.9863487512,10.0,0.005996986348751232,0.005996986348751232,0.16261608911291492,0.9362053978344097,-0.02276030303230092,0.005996986348751232,0.36999999999999994
baseline_y_top20_k3,y_score,20,3,0.0,0.0,71,2026-04-22,2026-05-08,1000000.0,1027226.0672155417,10.0,0.02722606721554177,0.02722606721554177,0.9678137815606269,3.5204734240838333,-0.022507255932092685,0.02722606721554177,0.36999999999999994
baseline_y_top20_k3,y_score,20,3,0.0,0.0,72,2026-04-23,2026-05-11,1000000.0,1013803.4271970873,10.0,0.01380342719708727,0.01380342719708727,0.4126501728061447,1.8287506914146014,-0.02292366329371931,0.01380342719708727,0.36999999999999994
baseline_y_top20_k3,y_score,20,3,0.0,0.0,73,2026-04-24,2026-05-12,1000000.0,1049608.0527201144,10.0,0.04960805272011437,0.04960805272011437,2.3875388210466912,9.161580045407817,-0.012303833884894866,0.04960805272011437,0.36999999999999994
baseline_y_top20_k3,y_score,20,3,0.0,0.0,74,2026-04-27,2026-05-13,1000000.0,1021660.729448181,10.0,0.021660729448180982,0.021660729448180982,0.7160456937793827,3.113027707692475,-0.02608905922412874,0.021660729448180982,0.36999999999999994
baseline_y_top20_k3,y_score,20,3,0.0,0.0,75,2026-04-28,2026-05-14,1000000.0,1000663.9638144473,10.0,0.0006639638144472215,0.0006639638144472215,0.016867004248019013,0.1854343192618188,-0.02480670115696315,0.0006639638144472215,0.36999999999999994
baseline_y_top20_k3,y_score,20,3,0.0,0.0,76,2026-04-29,2026-05-15,1000000.0,1016621.511138749,10.0,0.01662151113874888,0.01662151113874888,0.5150055759124534,2.702695619547198,-0.02932231260469842,0.01662151113874888,0.36999999999999994
baseline_y_top20_k3,y_score,20,3,0.0,0.0,77,2026-04-30,2026-05-18,1000000.0,1031423.60608877,10.0,0.03142360608877004,0.03142360608877004,1.180791191572601,4.337049832743526,-0.02797193680753529,0.03142360608877004,0.36999999999999994
baseline_y_top20_k3,y_score,20,3,0.0,0.0,78,2026-05-06,2026-05-19,1000000.0,985798.7256113219,10.0,-0.014201274388678131,-0.014201274388678131,-0.3026288767729147,-2.594430074514121,-0.03524426678415826,-0.014201274388678131,0.36999999999999994
baseline_y_top20_k3,y_score,20,3,0.0,0.0,79,2026-05-07,2026-05-20,1000000.0,992707.9818192015,10.0,-0.0072920181807984985,-0.0072920181807984985,-0.16842361425907193,-0.8816891823193932,-0.039544231333037416,-0.0072920181807984985,0.36999999999999994
val_best_zy_dir_top20_k3,z_y_plus_direction,20,3,0.0,0.0,1,2026-01-05,2026-01-16,1000000.0,1057930.341642534,10.0,0.057930341642533856,0.057930341642533856,3.1335028227379453,10.50970651968584,-0.009124342387318629,0.057930341642533856,0.36999999999999994
val_best_zy_dir_top20_k3,z_y_plus_direction,20,3,0.0,0.0,2,2026-01-06,2026-01-19,1000000.0,1049977.40732536,10.0,0.049977407325360046,0.049977407325360046,2.417707166341815,11.470887956322823,-0.00618450347125532,0.049977407325360046,0.36999999999999994
val_best_zy_dir_top20_k3,z_y_plus_direction,20,3,0.0,0.0,3,2026-01-07,2026-01-20,1000000.0,1057666.774870326,10.0,0.05766677487032612,0.05766677487032612,3.107630005437696,11.466729094762982,-0.005285431666076201,0.05766677487032612,0.36999999999999994
val_best_zy_dir_top20_k3,z_y_plus_direction,20,3,0.0,0.0,4,2026-01-08,2026-01-21,1000000.0,1093300.5522989093,10.0,0.09330055229890921,0.09330055229890921,8.46753895843197,21.048174142500823,-8.670220874251733e-05,0.09330055229890921,0.36999999999999994
val_best_zy_dir_top20_k3,z_y_plus_direction,20,3,0.0,0.0,5,2026-01-09,2026-01-22,1000000.0,1074550.4222174755,10.0,0.07455042221747554,0.07455042221747554,5.122310315316991,17.34216303419458,-0.003370019176751393,0.07455042221747554,0.36999999999999994
val_best_zy_dir_top20_k3,z_y_plus_direction,20,3,0.0,0.0,6,2026-01-12,2026-01-23,1000000.0,1070365.519853457,10.0,0.07036551985345718,0.07036551985345718,4.548929223660143,14.713883619836034,-0.004616188433986368,0.07036551985345718,0.36999999999999994
val_best_zy_dir_top20_k3,z_y_plus_direction,20,3,0.0,0.0,7,2026-01-13,2026-01-26,1000000.0,1033225.9873799641,10.0,0.03322598737996407,0.03322598737996407,1.2788833016370518,7.432917520770853,-0.006432038767039794,0.03322598737996407,0.36999999999999994
val_best_zy_dir_top20_k3,z_y_plus_direction,20,3,0.0,0.0,8,2026-01-14,2026-01-27,1000000.0,1028108.5569853948,10.0,0.028108556985394717,0.028108556985394717,1.0108614116577663,6.436746104251632,-0.015634654167769213,0.028108556985394717,0.36999999999999994
val_best_zy_dir_top20_k3,z_y_plus_direction,20,3,0.0,0.0,9,2026-01-15,2026-01-28,1000000.0,1016453.9501912444,10.0,0.016453950191244404,0.016453950191244404,0.5087255361319662,2.666408290515838,-0.03321411728381063,0.016453950191244404,0.36999999999999994
val_best_zy_dir_top20_k3,z_y_plus_direction,20,3,0.0,0.0,10,2026-01-16,2026-01-29,1000000.0,1002760.3221136847,10.0,0.00276032211368471,0.00276032211368471,0.07193378112625703,0.5493634042729455,-0.03497957401524754,0.00276032211368471,0.36999999999999994
val_best_zy_dir_top20_k3,z_y_plus_direction,20,3,0.0,0.0,11,2026-01-19,2026-01-30,1000000.0,1029888.3431838878,10.0,0.029888343183887667,0.029888343183887667,1.1004463517053735,4.408488909119788,-0.03454088057149096,0.029888343183887667,0.36999999999999994
val_best_zy_dir_top20_k3,z_y_plus_direction,20,3,0.0,0.0,12,2026-01-20,2026-02-02,1000000.0,1002990.6616812815,10.0,0.0029906616812815923,0.0029906616812815923,0.0781560312502465,0.5450041266544908,-0.0389855937510486,0.0029906616812815923,0.36999999999999994
val_best_zy_dir_top20_k3,z_y_plus_direction,20,3,0.0,0.0,13,2026-01-21,2026-02-03,1000000.0,1006641.2180321437,10.0,0.00664121803214357,0.00664121803214357,0.18152433002925417,1.155587315143205,-0.0356126617324356,0.00664121803214357,0.36999999999999994
val_best_zy_dir_top20_k3,z_y_plus_direction,20,3,0.0,0.0,14,2026-01-22,2026-02-04,1000000.0,1009971.4358120235,10.0,0.009971435812023532,0.009971435812023532,0.2840711760485217,2.1671629531159353,-0.027184512375061032,0.009971435812023532,0.36999999999999994
val_best_zy_dir_top20_k3,z_y_plus_direction,20,3,0.0,0.0,15,2026-01-23,2026-02-05,1000000.0,974556.3471739546,10.0,-0.025443652826045438,-0.025443652826045438,-0.4776816912331261,-4.19871997275143,-0.043609254454252566,-0.025443652826045438,0.36999999999999994
val_best_zy_dir_top20_k3,z_y_plus_direction,20,3,0.0,0.0,16,2026-01-26,2026-02-06,1000000.0,993788.9009857753,10.0,-0.006211099014224675,-0.006211099014224675,-0.14530260525765526,-0.7242882257674822,-0.031903451572522834,-0.006211099014224675,0.36999999999999994
val_best_zy_dir_top20_k3,z_y_plus_direction,20,3,0.0,0.0,17,2026-01-27,2026-02-09,1000000.0,1013589.0550436206,10.0,0.013589055043620624,0.013589055043620624,0.40514191806061994,2.0283508912450414,-0.02685023610820958,0.013589055043620624,0.36999999999999994
val_best_zy_dir_top20_k3,z_y_plus_direction,20,3,0.0,0.0,18,2026-01-28,2026-02-10,1000000.0,1025628.8082900044,10.0,0.025628808290004468,0.025628808290004468,0.8921402184245564,3.9992167964638656,-0.00847730882257225,0.025628808290004468,0.36999999999999994
val_best_zy_dir_top20_k3,z_y_plus_direction,20,3,0.0,0.0,19,2026-01-29,2026-02-11,1000000.0,1022450.0562019473,10.0,0.022450056201947177,0.022450056201947177,0.7497701323768924,3.9987863208873478,-0.006827768904864806,0.022450056201947177,0.36999999999999994
val_best_zy_dir_top20_k3,z_y_plus_direction,20,3,0.0,0.0,20,2026-01-30,2026-02-12,1000000.0,1022870.9591208579,10.0,0.022870959120857792,0.022870959120857792,0.7680127072168215,5.222924979148173,-0.0068900999964773835,0.022870959120857792,0.36999999999999994
val_best_zy_dir_top20_k3,z_y_plus_direction,20,3,0.0,0.0,21,2026-02-02,2026-02-13,1000000.0,1025730.2585186835,10.0,0.025730258518683602,0.025730258518683602,0.8968623334205852,6.536357110106023,-0.004914604162573832,0.025730258518683602,0.36999999999999994
val_best_zy_dir_top20_k3,z_y_plus_direction,20,3,0.0,0.0,22,2026-02-03,2026-02-24,1000000.0,1046310.7859977911,10.0,0.04631078599779115,0.04631078599779115,2.1293179999595893,10.281561723946902,-0.007240436540693063,0.04631078599779115,0.36999999999999994
val_best_zy_dir_top20_k3,z_y_plus_direction,20,3,0.0,0.0,23,2026-02-04,2026-02-25,1000000.0,1027143.7198581372,10.0,0.02714371985813724,0.02714371985813724,0.9638423510528602,7.1630743802368055,-0.00802821390122177,0.02714371985813724,0.36999999999999994
val_best_zy_dir_top20_k3,z_y_plus_direction,20,3,0.0,0.0,24,2026-02-05,2026-02-26,1000000.0,1037893.5059432199,10.0,0.03789350594321994,0.03789350594321994,1.5529977017922167,10.744530338342052,-0.005250220222175139,0.03789350594321994,0.36999999999999994
val_best_zy_dir_top20_k3,z_y_plus_direction,20,3,0.0,0.0,25,2026-02-06,2026-02-27,1000000.0,1023276.3287473783,10.0,0.023276328747378283,0.023276328747378283,0.785754611828732,5.80932561772343,-0.007885072063301246,0.023276328747378283,0.36999999999999994
val_best_zy_dir_top20_k3,z_y_plus_direction,20,3,0.0,0.0,26,2026-02-09,2026-03-02,1000000.0,998919.9135771649,10.0,-0.0010800864228350804,-0.0010800864228350804,-0.026865415689879213,-0.2615613531970577,-0.016478322152637892,-0.0010800864228350804,0.36999999999999994
val_best_zy_dir_top20_k3,z_y_plus_direction,20,3,0.0,0.0,27,2026-02-10,2026-03-03,1000000.0,961673.7028324814,10.0,-0.038326297167518675,-0.038326297167518675,-0.6264927325374563,-4.575280047223895,-0.05242882131586435,-0.038326297167518675,0.36999999999999994
val_best_zy_dir_top20_k3,z_y_plus_direction,20,3,0.0,0.0,28,2026-02-11,2026-03-04,1000000.0,972741.5716965472,10.0,-0.02725842830345282,-0.02725842830345282,-0.5016477663075558,-3.279082262502371,-0.05834309872175192,-0.02725842830345282,0.36999999999999994
val_best_zy_dir_top20_k3,z_y_plus_direction,20,3,0.0,0.0,29,2026-02-12,2026-03-05,1000000.0,974523.0323983714,10.0,-0.025476967601628653,-0.025476967601628653,-0.4781314566922876,-3.449512446198368,-0.0473769458824046,-0.025476967601628653,0.36999999999999994
val_best_zy_dir_top20_k3,z_y_plus_direction,20,3,0.0,0.0,30,2026-02-13,2026-03-06,1000000.0,998604.7272229947,10.0,-0.001395272777005352,-0.001395272777005352,-0.034573615808456526,-0.07187894497320294,-0.04508917468560125,-0.001395272777005352,0.36999999999999994
val_best_zy_dir_top20_k3,z_y_plus_direction,20,3,0.0,0.0,31,2026-02-24,2026-03-09,1000000.0,1016264.2891777249,10.0,0.016264289177724933,0.016264289177724933,0.5016473672435493,1.8000101495138283,-0.050286239457419946,0.016264289177724933,0.36999999999999994
val_best_zy_dir_top20_k3,z_y_plus_direction,20,3,0.0,0.0,32,2026-02-25,2026-03-10,1000000.0,1017953.3348693325,10.0,0.017953334869332593,0.017953334869332593,0.5658217124742704,2.0442255626228416,-0.0471006929144312,0.017953334869332593,0.36999999999999994
val_best_zy_dir_top20_k3,z_y_plus_direction,20,3,0.0,0.0,33,2026-02-26,2026-03-11,1000000.0,1015932.9727887218,10.0,0.015932972788721855,0.015932972788721855,0.48935904750556625,1.973831589325899,-0.041140631999578736,0.015932972788721855,0.36999999999999994
val_best_zy_dir_top20_k3,z_y_plus_direction,20,3,0.0,0.0,34,2026-02-27,2026-03-12,1000000.0,1009428.6914340485,10.0,0.009428691434048453,0.009428691434048453,0.26679472660868875,1.2265727550047612,-0.04133472013965689,0.009428691434048453,0.36999999999999994
val_best_zy_dir_top20_k3,z_y_plus_direction,20,3,0.0,0.0,35,2026-03-02,2026-03-13,1000000.0,1027089.8483635539,10.0,0.02708984836355377,0.02708984836355377,0.9612484142889364,3.6862590553684145,-0.022700963577032107,0.02708984836355377,0.36999999999999994
val_best_zy_dir_top20_k3,z_y_plus_direction,20,3,0.0,0.0,36,2026-03-03,2026-03-16,1000000.0,1024627.5331788242,10.0,0.024627533178824157,0.024627533178824157,0.846136247098249,2.5102429289054116,-0.009111389552950877,0.024627533178824157,0.36999999999999994
val_best_zy_dir_top20_k3,z_y_plus_direction,20,3,0.0,0.0,37,2026-03-04,2026-03-17,1000000.0,1073843.3145174824,10.0,0.07384331451748238,0.07384331451748238,5.0215892171381675,8.230040008722014,-0.016030406614542136,0.07384331451748238,0.36999999999999994
val_best_zy_dir_top20_k3,z_y_plus_direction,20,3,0.0,0.0,38,2026-03-05,2026-03-18,1000000.0,1025558.7037386639,10.0,0.02555870373866398,0.02555870373866398,0.888883721209381,4.177637588644468,-0.018031764270840522,0.02555870373866398,0.36999999999999994
val_best_zy_dir_top20_k3,z_y_plus_direction,20,3,0.0,0.0,39,2026-03-06,2026-03-19,1000000.0,1009220.4799206104,10.0,0.00922047992061037,0.00922047992061037,0.2602264363496831,1.2066129853658074,-0.039167759670631574,0.00922047992061037,0.36999999999999994
val_best_zy_dir_top20_k3,z_y_plus_direction,20,3,0.0,0.0,40,2026-03-09,2026-03-20,1000000.0,942641.972145267,10.0,-0.057358027854733096,-0.057358027854733096,-0.7742962957883623,-4.9200026842078675,-0.08360642763600634,-0.057358027854733096,0.36999999999999994
val_best_zy_dir_top20_k3,z_y_plus_direction,20,3,0.0,0.0,41,2026-03-10,2026-03-23,1000000.0,908329.4561050247,10.0,-0.09167054389497531,-0.09167054389497531,-0.9113387944733501,-8.510871785507687,-0.10434683470808759,-0.09167054389497531,0.36999999999999994
val_best_zy_dir_top20_k3,z_y_plus_direction,20,3,0.0,0.0,42,2026-03-11,2026-03-24,1000000.0,906798.7601720971,10.0,-0.09320123982790285,-0.09320123982790285,-0.9150281399609698,-7.115079790659144,-0.11013002325636678,-0.09320123982790285,0.36999999999999994
val_best_zy_dir_top20_k3,z_y_plus_direction,20,3,0.0,0.0,43,2026-03-12,2026-03-25,1000000.0,918814.7072812171,10.0,-0.08118529271878294,-0.08118529271878294,-0.8816020879358256,-5.945893662266678,-0.10939546118577748,-0.08118529271878294,0.36999999999999994
val_best_zy_dir_top20_k3,z_y_plus_direction,20,3,0.0,0.0,44,2026-03-13,2026-03-26,1000000.0,911055.4173990838,10.0,-0.0889445826009162,-0.0889445826009162,-0.9043843830374707,-6.049334224496117,-0.11094435101014066,-0.0889445826009162,0.36999999999999994
val_best_zy_dir_top20_k3,z_y_plus_direction,20,3,0.0,0.0,45,2026-03-16,2026-03-27,1000000.0,925881.9601072189,10.0,-0.0741180398927811,-0.0741180398927811,-0.8563843778244404,-4.352685379615039,-0.11608835578733956,-0.0741180398927811,0.36999999999999994
val_best_zy_dir_top20_k3,z_y_plus_direction,20,3,0.0,0.0,46,2026-03-17,2026-03-30,1000000.0,952089.6172585991,10.0,-0.0479103827414008,-0.0479103827414008,-0.7098107677213457,-2.5847195572165744,-0.10293357683190951,-0.0479103827414008,0.36999999999999994
val_best_zy_dir_top20_k3,z_y_plus_direction,20,3,0.0,0.0,47,2026-03-18,2026-03-31,1000000.0,985812.6094752708,10.0,-0.014187390524729171,-0.014187390524729171,-0.3023813280958255,-0.6244063685877536,-0.09838808952389022,-0.014187390524729171,0.36999999999999994
val_best_zy_dir_top20_k3,z_y_plus_direction,20,3,0.0,0.0,48,2026-03-19,2026-04-01,1000000.0,983674.6330246782,10.0,-0.01632536697532183,-0.01632536697532183,-0.3395239205059324,-0.997570946019432,-0.06851828904024004,-0.01632536697532183,0.36999999999999994
val_best_zy_dir_top20_k3,z_y_plus_direction,20,3,0.0,0.0,49,2026-03-20,2026-04-02,1000000.0,983193.0334483976,10.0,-0.016806966551602298,-0.016806966551602298,-0.34762460262094386,-0.8172503686651745,-0.02787227745890619,-0.016806966551602298,0.36999999999999994
val_best_zy_dir_top20_k3,z_y_plus_direction,20,3,0.0,0.0,50,2026-03-23,2026-04-03,1000000.0,976798.1803102166,10.0,-0.02320181968978341,-0.02320181968978341,-0.4465453820411033,-1.724852914994411,-0.04737919817152847,-0.02320181968978341,0.36999999999999994
val_best_zy_dir_top20_k3,z_y_plus_direction,20,3,0.0,0.0,51,2026-03-24,2026-04-07,1000000.0,1064569.3789463036,10.0,0.06456937894630355,0.06456937894630355,3.839316709768351,4.538502058510304,-0.042862959836210135,0.06456937894630355,0.36999999999999994
val_best_zy_dir_top20_k3,z_y_plus_direction,20,3,0.0,0.0,52,2026-03-25,2026-04-08,1000000.0,1030758.4988733067,10.0,0.030758498873306728,0.030758498873306728,1.145628325416451,2.5989708399154168,-0.04384934646598415,0.030758498873306728,0.36999999999999994
val_best_zy_dir_top20_k3,z_y_plus_direction,20,3,0.0,0.0,53,2026-03-26,2026-04-09,1000000.0,1019408.5995519771,10.0,0.019408599551977046,0.019408599551977046,0.6232184900137039,1.6440639700212016,-0.04666758808884319,0.019408599551977046,0.36999999999999994
val_best_zy_dir_top20_k3,z_y_plus_direction,20,3,0.0,0.0,54,2026-03-27,2026-04-10,1000000.0,1046287.3206198078,10.0,0.04628732061980778,0.04628732061980778,2.12754993082158,3.5673175070804426,-0.05121335216146794,0.04628732061980778,0.36999999999999994
val_best_zy_dir_top20_k3,z_y_plus_direction,20,3,0.0,0.0,55,2026-03-30,2026-04-13,1000000.0,1051829.1511046572,10.0,0.051829151104657134,0.051829151104657134,2.572885634556324,4.3140388838651225,-0.04340073669660238,0.051829151104657134,0.36999999999999994
val_best_zy_dir_top20_k3,z_y_plus_direction,20,3,0.0,0.0,56,2026-03-31,2026-04-14,1000000.0,1027867.1898841062,10.0,0.02786718988410608,0.02786718988410608,0.9989985744206791,2.6835267524864648,-0.04031320227329693,0.02786718988410608,0.36999999999999994
val_best_zy_dir_top20_k3,z_y_plus_direction,20,3,0.0,0.0,57,2026-04-01,2026-04-15,1000000.0,1020445.9844278615,10.0,0.020445984427861497,0.020445984427861497,0.6653615358711469,1.7966421266832002,-0.047147510511538426,0.020445984427861497,0.36999999999999994
val_best_zy_dir_top20_k3,z_y_plus_direction,20,3,0.0,0.0,58,2026-04-02,2026-04-16,1000000.0,1041237.5154412097,10.0,0.04123751544120968,0.04123751544120968,1.7685676601296714,3.9294138994870953,-0.024787845125198382,0.04123751544120968,0.36999999999999994
val_best_zy_dir_top20_k3,z_y_plus_direction,20,3,0.0,0.0,59,2026-04-03,2026-04-17,1000000.0,1081256.1083157468,10.0,0.08125610831574681,0.08125610831574681,6.161435141507134,7.675786973934339,-0.004911354778110999,0.08125610831574681,0.36999999999999994
val_best_zy_dir_top20_k3,z_y_plus_direction,20,3,0.0,0.0,60,2026-04-07,2026-04-20,1000000.0,1093866.0582071017,10.0,0.09386605820710159,0.09386605820710159,8.591720114204467,14.001613197091931,-0.006041578052341956,0.09386605820710159,0.36999999999999994
val_best_zy_dir_top20_k3,z_y_plus_direction,20,3,0.0,0.0,61,2026-04-08,2026-04-21,1000000.0,1054000.768073502,10.0,0.05400076807350196,0.05400076807350196,2.763495225290646,11.027313687145709,-0.005498932244032639,0.05400076807350196,0.36999999999999994
val_best_zy_dir_top20_k3,z_y_plus_direction,20,3,0.0,0.0,62,2026-04-09,2026-04-22,1000000.0,1030377.6698236828,10.0,0.03037766982368284,0.03037766982368284,1.125740474170894,6.71743881458252,-0.00811303503602745,0.03037766982368284,0.36999999999999994
val_best_zy_dir_top20_k3,z_y_plus_direction,20,3,0.0,0.0,63,2026-04-10,2026-04-23,1000000.0,1028425.0900187518,10.0,0.02842509001875171,0.02842509001875171,1.0265210409818653,6.630819879573996,-0.011837975661859845,0.02842509001875171,0.36999999999999994
val_best_zy_dir_top20_k3,z_y_plus_direction,20,3,0.0,0.0,64,2026-04-13,2026-04-24,1000000.0,1040872.4024895589,10.0,0.04087240248955881,0.04087240248955881,1.7442068608131467,8.599537591210073,-0.012938005890313686,0.04087240248955881,0.36999999999999994
val_best_zy_dir_top20_k3,z_y_plus_direction,20,3,0.0,0.0,65,2026-04-14,2026-04-27,1000000.0,1033691.5713445162,10.0,0.03369157134451628,0.03369157134451628,1.304902569050228,6.594883186042771,-0.013528863003253955,0.03369157134451628,0.36999999999999994
val_best_zy_dir_top20_k3,z_y_plus_direction,20,3,0.0,0.0,66,2026-04-15,2026-04-28,1000000.0,1012974.7848496909,10.0,0.012974784849690835,0.012974784849690835,0.3838391116043658,2.156878748047483,-0.015942218345301407,0.012974784849690835,0.36999999999999994
val_best_zy_dir_top20_k3,z_y_plus_direction,20,3,0.0,0.0,67,2026-04-16,2026-04-29,1000000.0,1063630.6873885493,10.0,0.06363068738854927,0.06363068738854927,3.7329252392671393,8.708230984209191,-0.012118835968673247,0.06363068738854927,0.36999999999999994
val_best_zy_dir_top20_k3,z_y_plus_direction,20,3,0.0,0.0,68,2026-04-17,2026-04-30,1000000.0,1046726.1334367744,10.0,0.04672613343677434,0.04672613343677434,2.160772913574038,7.484128962617263,-0.013388170895874518,0.04672613343677434,0.36999999999999994
val_best_zy_dir_top20_k3,z_y_plus_direction,20,3,0.0,0.0,69,2026-04-20,2026-05-06,1000000.0,1061955.8960304805,10.0,0.06195589603048046,0.06195589603048046,3.5486582458692784,11.509625635899644,-0.008653513191044349,0.06195589603048046,0.36999999999999994
val_best_zy_dir_top20_k3,z_y_plus_direction,20,3,0.0,0.0,70,2026-04-21,2026-05-07,1000000.0,1009683.8970484462,10.0,0.0096838970484463,0.0096838970484463,0.2748903538298155,1.3732882929061698,-0.02632098799655569,0.0096838970484463,0.36999999999999994
val_best_zy_dir_top20_k3,z_y_plus_direction,20,3,0.0,0.0,71,2026-04-22,2026-05-08,1000000.0,1048985.8568179568,10.0,0.04898585681795686,0.04898585681795686,2.3372961359404907,5.711857190207781,-0.02537156272470953,0.04898585681795686,0.36999999999999994
val_best_zy_dir_top20_k3,z_y_plus_direction,20,3,0.0,0.0,72,2026-04-23,2026-05-11,1000000.0,1045872.3419808052,10.0,0.04587234198080514,0.04587234198080514,2.0964401651363507,6.272519986945421,-0.010513159481584933,0.04587234198080514,0.36999999999999994
val_best_zy_dir_top20_k3,z_y_plus_direction,20,3,0.0,0.0,73,2026-04-24,2026-05-12,1000000.0,1068958.604711005,10.0,0.0689586047110049,0.0689586047110049,4.36802297423734,9.869276986145284,-0.015984242817163374,0.0689586047110049,0.36999999999999994
val_best_zy_dir_top20_k3,z_y_plus_direction,20,3,0.0,0.0,74,2026-04-27,2026-05-13,1000000.0,1022954.7264135255,10.0,0.022954726413525472,0.022954726413525472,0.7716650368302156,2.481412059449608,-0.03048463355541231,0.022954726413525472,0.36999999999999994
val_best_zy_dir_top20_k3,z_y_plus_direction,20,3,0.0,0.0,75,2026-04-28,2026-05-14,1000000.0,1043825.8706797995,10.0,0.04382587067979937,0.04382587067979937,1.947318171068912,5.537806357925897,-0.027912383974008192,0.04382587067979937,0.36999999999999994
val_best_zy_dir_top20_k3,z_y_plus_direction,20,3,0.0,0.0,76,2026-04-29,2026-05-15,1000000.0,1048899.0725895017,10.0,0.04889907258950177,0.04889907258950177,2.330345384318933,7.6224236457253625,-0.022728196693771463,0.04889907258950177,0.36999999999999994
val_best_zy_dir_top20_k3,z_y_plus_direction,20,3,0.0,0.0,77,2026-04-30,2026-05-18,1000000.0,1040255.9588733688,10.0,0.04025595887336886,0.04025595887336886,1.7035434156680074,6.511895959953318,-0.023002157661336176,0.04025595887336886,0.36999999999999994
val_best_zy_dir_top20_k3,z_y_plus_direction,20,3,0.0,0.0,78,2026-05-06,2026-05-19,1000000.0,1018295.1872934569,10.0,0.018295187293456916,0.018295187293456916,0.5791268504416986,3.0010641962110745,-0.027802821826033663,0.018295187293456916,0.36999999999999994
val_best_zy_dir_top20_k3,z_y_plus_direction,20,3,0.0,0.0,79,2026-05-07,2026-05-20,1000000.0,995525.5801041017,10.0,-0.004474419895898363,-0.004474419895898363,-0.10685683681831026,-0.648920131565458,-0.02842628677122161,-0.004474419895898363,0.36999999999999994
ret_cap50_bonus25_top10_k5,return_pred,10,5,0.5,0.25,1,2026-01-05,2026-01-16,1000000.0,1085406.8025734522,10.0,0.08540680257345223,0.08540680257345223,6.887365845612058,7.548568464450639,-0.0213437429249288,0.08540680257345223,1.0
ret_cap50_bonus25_top10_k5,return_pred,10,5,0.5,0.25,2,2026-01-06,2026-01-19,1000000.0,1105671.471763601,10.0,0.10567147176360114,0.10567147176360114,11.571231544073038,8.839760411075288,-0.021343742924928577,0.10567147176360114,1.0
ret_cap50_bonus25_top10_k5,return_pred,10,5,0.5,0.25,3,2026-01-07,2026-01-20,1000000.0,1075277.681425854,10.0,0.075277681425854,0.075277681425854,5.2275886324264995,7.61253687213436,-0.021343742924928688,0.075277681425854,1.0
ret_cap50_bonus25_top10_k5,return_pred,10,5,0.5,0.25,4,2026-01-08,2026-01-21,1000000.0,1088603.9365366083,10.0,0.08860393653660825,0.08860393653660825,7.494180615598621,9.01611966492722,-0.028645791158236178,0.08860393653660825,1.0
ret_cap50_bonus25_top10_k5,return_pred,10,5,0.5,0.25,5,2026-01-09,2026-01-22,1000000.0,1105866.3884953964,10.0,0.10586638849539631,0.10586638849539631,11.627198030836919,9.17816701864211,-0.030988206612604707,0.10586638849539631,1.0
ret_cap50_bonus25_top10_k5,return_pred,10,5,0.5,0.25,6,2026-01-12,2026-01-23,1000000.0,1108027.1321857397,10.0,0.10802713218573978,0.10802713218573978,12.263860803763563,11.931467731165258,-0.01710559469570916,0.10802713218573978,1.0
ret_cap50_bonus25_top10_k5,return_pred,10,5,0.5,0.25,7,2026-01-13,2026-01-26,1000000.0,1066368.9505794058,10.0,0.06636895057940584,0.06636895057940584,4.049737230457246,6.842759308187034,-0.015471375043690228,0.06636895057940584,1.0
ret_cap50_bonus25_top10_k5,return_pred,10,5,0.5,0.25,8,2026-01-14,2026-01-27,1000000.0,1109448.6848787155,10.0,0.10944868487871551,0.10944868487871551,12.699412292233195,15.113495578835266,-0.01233364032506945,0.10944868487871551,1.0
ret_cap50_bonus25_top10_k5,return_pred,10,5,0.5,0.25,9,2026-01-15,2026-01-28,1000000.0,1107005.0383671562,10.0,0.10700503836715614,0.10700503836715614,11.958951283716795,14.059737828181813,-0.013310885484516644,0.10700503836715614,1.0
ret_cap50_bonus25_top10_k5,return_pred,10,5,0.5,0.25,10,2026-01-16,2026-01-29,1000000.0,1083540.0445943305,10.0,0.0835400445943304,0.0835400445943304,6.552542009783691,9.374468323663187,-0.014711108767069492,0.0835400445943304,1.0
ret_cap50_bonus25_top10_k5,return_pred,10,5,0.5,0.25,11,2026-01-19,2026-01-30,1000000.0,1085993.5480509175,10.0,0.08599354805091752,0.08599354805091752,6.995517466174738,9.850995879918909,-0.030300868353988042,0.08599354805091752,1.0
ret_cap50_bonus25_top10_k5,return_pred,10,5,0.5,0.25,12,2026-01-20,2026-02-02,1000000.0,1071189.8514439706,10.0,0.07118985144397061,0.07118985144397061,4.65762980333914,7.290229289310571,-0.037745321266044574,0.07118985144397061,1.0
ret_cap50_bonus25_top10_k5,return_pred,10,5,0.5,0.25,13,2026-01-21,2026-02-03,1000000.0,1062876.9826613201,10.0,0.06287698266132002,0.06287698266132002,3.6491296296813553,6.938334552099544,-0.03994090003597062,0.06287698266132002,1.0
ret_cap50_bonus25_top10_k5,return_pred,10,5,0.5,0.25,14,2026-01-22,2026-02-04,1000000.0,1036663.1740147058,10.0,0.03666317401470587,0.03666317401470587,1.4778174783964495,4.98000689589973,-0.037745321266044574,0.03666317401470587,1.0
ret_cap50_bonus25_top10_k5,return_pred,10,5,0.5,0.25,15,2026-01-23,2026-02-05,1000000.0,1018020.8341330786,10.0,0.018020834133078534,0.018020834133078534,0.5684402723396274,2.7729774991995635,-0.037745321266044574,0.018020834133078534,1.0
ret_cap50_bonus25_top10_k5,return_pred,10,5,0.5,0.25,16,2026-01-26,2026-02-06,1000000.0,1023176.3137660422,10.0,0.023176313766042345,0.023176313766042345,0.7813614124220893,3.194346620768385,-0.03994090003597062,0.023176313766042345,1.0
ret_cap50_bonus25_top10_k5,return_pred,10,5,0.5,0.25,17,2026-01-27,2026-02-09,1000000.0,1034114.453096764,10.0,0.034114453096764086,0.034114453096764086,1.3287824611863415,4.519889830727792,-0.032091046416795055,0.034114453096764086,1.0
ret_cap50_bonus25_top10_k5,return_pred,10,5,0.5,0.25,18,2026-01-28,2026-02-10,1000000.0,1000227.9690880576,10.0,0.00022796908805755578,0.00022796908805755578,0.005760695654946302,0.11365522609324397,-0.03539372223197623,0.00022796908805755578,1.0
ret_cap50_bonus25_top10_k5,return_pred,10,5,0.5,0.25,19,2026-01-29,2026-02-11,1000000.0,1002625.3532110368,10.0,0.0026253532110367406,0.0026253532110367406,0.06830385380080983,0.5122598672240141,-0.018875037961045615,0.0026253532110367406,1.0
ret_cap50_bonus25_top10_k5,return_pred,10,5,0.5,0.25,20,2026-01-30,2026-02-12,1000000.0,1027962.6579201545,10.0,0.02796265792015462,0.02796265792015462,1.003682631365045,4.692202610241617,-0.006876894700527214,0.02796265792015462,1.0
ret_cap50_bonus25_top10_k5,return_pred,10,5,0.5,0.25,21,2026-02-02,2026-02-13,1000000.0,1024011.52399148,10.0,0.02401152399147999,0.02401152399147999,0.8183692217169796,5.810191836319655,-0.012149760890162509,0.02401152399147999,1.0
ret_cap50_bonus25_top10_k5,return_pred,10,5,0.5,0.25,22,2026-02-03,2026-02-24,1000000.0,1010070.3154593051,10.0,0.010070315459305146,0.010070315459305146,0.28724294847364895,2.730087319189776,-0.016567689612014047,0.010070315459305146,1.0
ret_cap50_bonus25_top10_k5,return_pred,10,5,0.5,0.25,23,2026-02-04,2026-02-25,1000000.0,1024982.0145396563,10.0,0.024982014539656427,0.024982014539656427,0.8622988292095815,4.937275562942889,-0.016567689612014047,0.024982014539656427,1.0
ret_cap50_bonus25_top10_k5,return_pred,10,5,0.5,0.25,24,2026-02-05,2026-02-26,1000000.0,1015502.5516840878,10.0,0.015502551684087873,0.015502551684087873,0.47353915002133773,2.6877447486702577,-0.016567689612014047,0.015502551684087873,1.0
ret_cap50_bonus25_top10_k5,return_pred,10,5,0.5,0.25,25,2026-02-06,2026-02-27,1000000.0,1012666.324697837,10.0,0.012666324697836906,0.012666324697836906,0.373259074016153,2.1851216395379534,-0.01813788860644272,0.012666324697836906,1.0
ret_cap50_bonus25_top10_k5,return_pred,10,5,0.5,0.25,26,2026-02-09,2026-03-02,1000000.0,1006187.1517351022,10.0,0.006187151735102203,0.006187151735102203,0.16816701374735032,1.1011494567240185,-0.02382746714065398,0.006187151735102203,1.0
ret_cap50_bonus25_top10_k5,return_pred,10,5,0.5,0.25,27,2026-02-10,2026-03-03,1000000.0,951254.9384952865,10.0,-0.04874506150471347,-0.04874506150471347,-0.7161541845278708,-5.1103208389504235,-0.05047343344408772,-0.04874506150471347,1.0
ret_cap50_bonus25_top10_k5,return_pred,10,5,0.5,0.25,28,2026-02-11,2026-03-04,1000000.0,1017220.5521674958,10.0,0.01722055216749574,0.01722055216749574,0.5376630548858607,1.4669351904374868,-0.04451559324366583,0.01722055216749574,1.0
ret_cap50_bonus25_top10_k5,return_pred,10,5,0.5,0.25,29,2026-02-12,2026-03-05,1000000.0,982546.7552353808,10.0,-0.01745324476461918,-0.01745324476461918,-0.3583454333648166,-1.12214056563069,-0.04451559324366583,-0.01745324476461918,1.0
ret_cap50_bonus25_top10_k5,return_pred,10,5,0.5,0.25,30,2026-02-13,2026-03-06,1000000.0,957780.5002562052,10.0,-0.0422194997437948,-0.0422194997437948,-0.6627880397840722,-2.7411322883625804,-0.048543441702482704,-0.0422194997437948,1.0
ret_cap50_bonus25_top10_k5,return_pred,10,5,0.5,0.25,31,2026-02-24,2026-03-09,1000000.0,989402.8412455723,10.0,-0.010597158754427682,-0.010597158754427682,-0.23545428212079633,-0.5392483098584567,-0.04671675463678748,-0.010597158754427682,1.0
ret_cap50_bonus25_top10_k5,return_pred,10,5,0.5,0.25,32,2026-02-25,2026-03-10,1000000.0,982582.5322116083,10.0,-0.017417467788391705,-0.017417467788391705,-0.3577563949822925,-1.0792579566428353,-0.04704994150992814,-0.017417467788391705,1.0
ret_cap50_bonus25_top10_k5,return_pred,10,5,0.5,0.25,33,2026-02-26,2026-03-11,1000000.0,1010693.3538960745,10.0,0.010693353896074509,0.010693353896074509,0.3074019519560831,0.896809563381172,-0.04363045604825022,0.010693353896074509,1.0
ret_cap50_bonus25_top10_k5,return_pred,10,5,0.5,0.25,34,2026-02-27,2026-03-12,1000000.0,1035689.255912326,10.0,0.03568925591232608,0.03568925591232608,1.4198178068541814,2.409417613531016,-0.04576190219248222,0.03568925591232608,1.0
ret_cap50_bonus25_top10_k5,return_pred,10,5,0.5,0.25,35,2026-03-02,2026-03-13,1000000.0,1001375.6941073495,10.0,0.001375694107349501,0.001375694107349501,0.035250749497505174,0.28002558707085146,-0.03964450346231463,0.001375694107349501,1.0
ret_cap50_bonus25_top10_k5,return_pred,10,5,0.5,0.25,36,2026-03-03,2026-03-16,1000000.0,945836.0889518907,10.0,-0.05416391104810925,-0.05416391104810925,-0.7542122718792712,-2.791335024592531,-0.04873680868378072,-0.05416391104810925,1.0
ret_cap50_bonus25_top10_k5,return_pred,10,5,0.5,0.25,37,2026-03-04,2026-03-17,1000000.0,1041744.7599144147,10.0,0.04174475991441473,0.04174475991441473,1.8027565721608307,2.7880037167315126,-0.038211574996090736,0.04174475991441473,1.0
ret_cap50_bonus25_top10_k5,return_pred,10,5,0.5,0.25,38,2026-03-05,2026-03-18,1000000.0,973747.4416709397,10.0,-0.02625255832906037,-0.02625255832906037,-0.48849779831193485,-3.0852257514854564,-0.04008556937065966,-0.02625255832906037,1.0
ret_cap50_bonus25_top10_k5,return_pred,10,5,0.5,0.25,39,2026-03-06,2026-03-19,1000000.0,1016425.8937108705,10.0,0.016425893710870554,0.016425893710870554,0.5076764498206776,1.6091734957467227,-0.048703271112261026,0.016425893710870554,1.0
ret_cap50_bonus25_top10_k5,return_pred,10,5,0.5,0.25,40,2026-03-09,2026-03-20,1000000.0,959224.6761065392,10.0,-0.040775323893460835,-0.040775323893460835,-0.6497383166250192,-4.326215453080554,-0.07734527682215586,-0.040775323893460835,1.0
ret_cap50_bonus25_top10_k5,return_pred,10,5,0.5,0.25,41,2026-03-10,2026-03-23,1000000.0,955238.1714536855,10.0,-0.0447618285463145,-0.0447618285463145,-0.6846345961240226,-4.726516872401354,-0.08196968290015261,-0.0447618285463145,1.0
ret_cap50_bonus25_top10_k5,return_pred,10,5,0.5,0.25,42,2026-03-11,2026-03-24,1000000.0,952336.9728859995,10.0,-0.0476630271140005,-0.0476630271140005,-0.7079049048399214,-4.928086545843176,-0.08554387762118121,-0.0476630271140005,1.0
ret_cap50_bonus25_top10_k5,return_pred,10,5,0.5,0.25,43,2026-03-12,2026-03-25,1000000.0,899555.1205432599,10.0,-0.10044487945674008,-0.10044487945674008,-0.9305775307250497,-16.105054237923156,-0.10071372426938607,-0.10044487945674008,1.0
ret_cap50_bonus25_top10_k5,return_pred,10,5,0.5,0.25,44,2026-03-13,2026-03-26,1000000.0,894668.8688397332,10.0,-0.10533113116026682,-0.10533113116026682,-0.9394811580071215,-19.74594922650111,-0.08842471152510745,-0.10533113116026682,1.0
ret_cap50_bonus25_top10_k5,return_pred,10,5,0.5,0.25,45,2026-03-16,2026-03-27,1000000.0,900569.0309207184,10.0,-0.0994309690792815,-0.0994309690792815,-0.9285785592075837,-17.282731501102592,-0.07470765048606809,-0.0994309690792815,1.0
ret_cap50_bonus25_top10_k5,return_pred,10,5,0.5,0.25,46,2026-03-17,2026-03-30,1000000.0,954114.5653639149,10.0,-0.045885434636085076,-0.045885434636085076,-0.6938507150416158,-5.725117901007276,-0.07049907939290512,-0.045885434636085076,1.0
ret_cap50_bonus25_top10_k5,return_pred,10,5,0.5,0.25,47,2026-03-18,2026-03-31,1000000.0,955931.213476913,10.0,-0.04406878652308699,-0.04406878652308699,-0.6788178553381783,-5.454732197364195,-0.0696993117570609,-0.04406878652308699,1.0
ret_cap50_bonus25_top10_k5,return_pred,10,5,0.5,0.25,48,2026-03-19,2026-04-01,1000000.0,955435.0258925249,10.0,-0.044564974107475175,-0.044564974107475175,-0.6829927538045351,-4.867364504464217,-0.06816029298779991,-0.044564974107475175,1.0
ret_cap50_bonus25_top10_k5,return_pred,10,5,0.5,0.25,49,2026-03-20,2026-04-02,1000000.0,948044.9254781988,10.0,-0.05195507452180115,-0.05195507452180115,-0.7393313921784608,-5.145996959339445,-0.03189007727909021,-0.05195507452180115,1.0
ret_cap50_bonus25_top10_k5,return_pred,10,5,0.5,0.25,50,2026-03-23,2026-04-03,1000000.0,978087.6635582959,10.0,-0.021912336441704094,-0.021912336441704094,-0.4278365811346233,-2.5997217318244146,-0.03312900418963394,-0.021912336441704094,1.0
ret_cap50_bonus25_top10_k5,return_pred,10,5,0.5,0.25,51,2026-03-24,2026-04-07,1000000.0,985894.5180281341,10.0,-0.014105481971865896,-0.014105481971865896,-0.3009191839055221,-1.309460997174242,-0.03486790244462701,-0.014105481971865896,1.0
ret_cap50_bonus25_top10_k5,return_pred,10,5,0.5,0.25,52,2026-03-25,2026-04-08,1000000.0,1008188.573404492,10.0,0.008188573404491972,0.008188573404491972,0.22815343545083744,0.9573939672033328,-0.032444299343418526,0.008188573404491972,1.0
ret_cap50_bonus25_top10_k5,return_pred,10,5,0.5,0.25,53,2026-03-26,2026-04-09,1000000.0,998659.1382990793,10.0,-0.0013408617009207369,-0.0013408617009207369,-0.033247138711998137,0.0029260246761719775,-0.02641232447624209,-0.0013408617009207369,1.0
ret_cap50_bonus25_top10_k5,return_pred,10,5,0.5,0.25,54,2026-03-27,2026-04-10,1000000.0,1033836.7715084631,10.0,0.03383677150846309,0.03383677150846309,1.3130753069434125,3.8311531177258606,-0.02641232447624209,0.03383677150846309,1.0
ret_cap50_bonus25_top10_k5,return_pred,10,5,0.5,0.25,55,2026-03-30,2026-04-13,1000000.0,1028412.8077714775,10.0,0.02841280777147759,0.02841280777147759,1.025911231639189,3.4348177024199984,-0.03244429934341864,0.02841280777147759,1.0
ret_cap50_bonus25_top10_k5,return_pred,10,5,0.5,0.25,56,2026-03-31,2026-04-14,1000000.0,1035709.4156015405,10.0,0.035709415601540506,0.035709415601540506,1.4210050505220124,3.9199197395225336,-0.0324760386766525,0.035709415601540506,1.0
ret_cap50_bonus25_top10_k5,return_pred,10,5,0.5,0.25,57,2026-04-01,2026-04-15,1000000.0,1039467.8215442417,10.0,0.039467821544241666,0.039467821544241666,1.652396517927969,4.283209244907559,-0.032483763349762995,0.039467821544241666,1.0
ret_cap50_bonus25_top10_k5,return_pred,10,5,0.5,0.25,58,2026-04-02,2026-04-16,1000000.0,1037086.332110021,10.0,0.03708633211002099,0.03708633211002099,1.5034317107650583,3.798769763861287,-0.031274439263343834,0.03708633211002099,1.0
ret_cap50_bonus25_top10_k5,return_pred,10,5,0.5,0.25,59,2026-04-03,2026-04-17,1000000.0,1052860.540825094,10.0,0.05286054082509417,0.05286054082509417,2.6622282362043643,5.678838755700761,-0.002233142228052043,0.05286054082509417,1.0
ret_cap50_bonus25_top10_k5,return_pred,10,5,0.5,0.25,60,2026-04-07,2026-04-20,1000000.0,1064793.1307177916,10.0,0.06479313071779158,0.06479313071779158,3.865013683486449,13.89431391128136,-0.00197852748371663,0.06479313071779158,1.0
ret_cap50_bonus25_top10_k5,return_pred,10,5,0.5,0.25,61,2026-04-08,2026-04-21,1000000.0,1026888.462586644,10.0,0.026888462586643902,0.026888462586643902,0.9515807072394642,3.8837299973329187,-0.021623780447244667,0.026888462586643902,1.0
ret_cap50_bonus25_top10_k5,return_pred,10,5,0.5,0.25,62,2026-04-09,2026-04-22,1000000.0,1034688.7429916249,10.0,0.03468874299162494,0.03468874299162494,1.3615929779812728,5.104337672678283,-0.021623780447244667,0.03468874299162494,1.0
ret_cap50_bonus25_top10_k5,return_pred,10,5,0.5,0.25,63,2026-04-10,2026-04-23,1000000.0,1006607.7223617571,10.0,0.006607722361757107,0.006607722361757107,0.18053399457414399,0.9717555495914144,-0.030154800631358447,0.006607722361757107,1.0
ret_cap50_bonus25_top10_k5,return_pred,10,5,0.5,0.25,64,2026-04-13,2026-04-24,1000000.0,1011687.1372271106,10.0,0.011687137227110567,0.011687137227110567,0.3401856206953451,1.4751249911259705,-0.038319542623933556,0.011687137227110567,1.0
ret_cap50_bonus25_top10_k5,return_pred,10,5,0.5,0.25,65,2026-04-14,2026-04-27,1000000.0,994798.2747114142,10.0,-0.005201725288585757,-0.005201725288585757,-0.1231554850652109,-0.507443159334732,-0.04176399537175912,-0.005201725288585757,1.0
ret_cap50_bonus25_top10_k5,return_pred,10,5,0.5,0.25,66,2026-04-15,2026-04-28,1000000.0,966998.3264040115,10.0,-0.03300167359598849,-0.03300167359598849,-0.570732305794449,-5.067661754203743,-0.048077478264574425,-0.03300167359598849,1.0
ret_cap50_bonus25_top10_k5,return_pred,10,5,0.5,0.25,67,2026-04-16,2026-04-29,1000000.0,963583.9054279845,10.0,-0.036416094572015445,-0.036416094572015445,-0.6073402881386437,-6.268714246555938,-0.044468350072339735,-0.036416094572015445,1.0
ret_cap50_bonus25_top10_k5,return_pred,10,5,0.5,0.25,68,2026-04-17,2026-04-30,1000000.0,982945.6959306862,10.0,-0.017054304069313853,-0.017054304069313853,-0.351747741018119,-2.0502108791669538,-0.05090172481423538,-0.017054304069313853,1.0
ret_cap50_bonus25_top10_k5,return_pred,10,5,0.5,0.25,69,2026-04-20,2026-05-06,1000000.0,976069.4256191333,10.0,-0.023930574380866765,-0.023930574380866765,-0.4568573952983378,-3.3090197641062216,-0.0465164646509767,-0.023930574380866765,1.0
ret_cap50_bonus25_top10_k5,return_pred,10,5,0.5,0.25,70,2026-04-21,2026-05-07,1000000.0,978835.0017954493,10.0,-0.021164998204550756,-0.021164998204550756,-0.41671720481883234,-3.000587903265415,-0.02996655756827038,-0.021164998204550756,1.0
ret_cap50_bonus25_top10_k5,return_pred,10,5,0.5,0.25,71,2026-04-22,2026-05-08,1000000.0,1004593.4817785771,10.0,0.004593481778577102,0.004593481778577102,0.12242406611672596,0.7221809283940481,-0.03725217917527002,0.004593481778577102,1.0
ret_cap50_bonus25_top10_k5,return_pred,10,5,0.5,0.25,72,2026-04-23,2026-05-11,1000000.0,994576.307633251,10.0,-0.005423692366749,-0.005423692366749,-0.1280725346154412,-0.8361232633056648,-0.01694056712986214,-0.005423692366749,1.0
ret_cap50_bonus25_top10_k5,return_pred,10,5,0.5,0.25,73,2026-04-24,2026-05-12,1000000.0,1013882.1377865977,10.0,0.013882137786597637,0.013882137786597637,0.4154166215027424,2.695935362655979,-0.004463287114059855,0.013882137786597637,1.0
ret_cap50_bonus25_top10_k5,return_pred,10,5,0.5,0.25,74,2026-04-27,2026-05-13,1000000.0,1026638.7814332151,10.0,0.026638781433215186,0.026638781433215186,0.9396580692408789,5.395089828117969,-0.010807780045270943,0.026638781433215186,1.0
ret_cap50_bonus25_top10_k5,return_pred,10,5,0.5,0.25,75,2026-04-28,2026-05-14,1000000.0,1018907.4246461702,10.0,0.018907424646170234,0.018907424646170234,0.6032273678874578,3.796963913092734,-0.012307106477275065,0.018907424646170234,1.0
ret_cap50_bonus25_top10_k5,return_pred,10,5,0.5,0.25,76,2026-04-29,2026-05-15,1000000.0,989517.8884765914,10.0,-0.01048211152340861,-0.01048211152340861,-0.2332108228878439,-1.6415721912984984,-0.02954988538760861,-0.01048211152340861,1.0
ret_cap50_bonus25_top10_k5,return_pred,10,5,0.5,0.25,77,2026-04-30,2026-05-18,1000000.0,1004226.326803482,10.0,0.004226326803482117,0.004226326803482117,0.11213212742678413,0.7286458955784766,-0.02954988538760872,0.004226326803482117,1.0
ret_cap50_bonus25_top10_k5,return_pred,10,5,0.5,0.25,78,2026-05-06,2026-05-19,1000000.0,1007739.745549712,10.0,0.007739745549711907,0.007739745549711907,0.21444924025855538,1.1478807142195158,-0.029055929456462626,0.007739745549711907,1.0
ret_cap50_bonus25_top10_k5,return_pred,10,5,0.5,0.25,79,2026-05-07,2026-05-20,1000000.0,1018555.8554187703,10.0,0.01855585541877036,0.01855585541877036,0.589345124974032,2.613436603632095,-0.03202558459982785,0.01855585541877036,1.0
ret_cap50_bonus25_top10_k3,return_pred,10,3,0.5,0.25,1,2026-01-05,2026-01-16,1000000.0,1046731.4905581458,10.0,0.04673149055814574,0.04673149055814574,2.161180593332876,4.396451939496789,-0.040737382679775225,0.04673149055814574,0.6399999999999999
ret_cap50_bonus25_top10_k3,return_pred,10,3,0.5,0.25,2,2026-01-06,2026-01-19,1000000.0,1041858.6967758549,10.0,0.041858696775854964,0.041858696775854964,1.8104916323096907,4.040014444313214,-0.04090229939918999,0.041858696775854964,0.6399999999999999
ret_cap50_bonus25_top10_k3,return_pred,10,3,0.5,0.25,3,2026-01-07,2026-01-20,1000000.0,1029167.2762109508,10.0,0.02916727621095072,0.02916727621095072,1.063699281383001,2.6942566998175175,-0.04124082534943996,0.02916727621095072,0.6399999999999999
ret_cap50_bonus25_top10_k3,return_pred,10,3,0.5,0.25,4,2026-01-08,2026-01-21,1000000.0,1028309.0739649478,10.0,0.028309073964947862,0.028309073964947862,1.0207679083402432,2.8970356369360903,-0.056301355562454525,0.028309073964947862,0.6399999999999999
ret_cap50_bonus25_top10_k3,return_pred,10,3,0.5,0.25,5,2026-01-09,2026-01-22,1000000.0,1040912.3247028079,10.0,0.040912324702808034,0.040912324702808034,1.7468604645353927,3.528045360114598,-0.05481266699594811,0.040912324702808034,0.6399999999999999
ret_cap50_bonus25_top10_k3,return_pred,10,3,0.5,0.25,6,2026-01-12,2026-01-23,1000000.0,1016157.2242722759,10.0,0.01615722427227584,0.01615722427227584,0.4976657871832417,1.936254431697325,-0.04637281432383111,0.01615722427227584,0.6399999999999999
ret_cap50_bonus25_top10_k3,return_pred,10,3,0.5,0.25,7,2026-01-13,2026-01-26,1000000.0,982570.445526937,10.0,-0.017429554473062936,-0.017429554473062936,-0.35795545032674314,-2.135138255710907,-0.029613730286739304,-0.017429554473062936,0.6399999999999999
ret_cap50_bonus25_top10_k3,return_pred,10,3,0.5,0.25,8,2026-01-14,2026-01-27,1000000.0,1027536.2733837187,10.0,0.02753627338371878,0.02753627338371878,0.982843701215993,3.929317799190935,-0.02722328508805172,0.02753627338371878,0.6399999999999999
ret_cap50_bonus25_top10_k3,return_pred,10,3,0.5,0.25,9,2026-01-15,2026-01-28,1000000.0,1036314.5716818083,10.0,0.036314571681808294,0.036314571681808294,1.4569054400401957,5.487966374877242,-0.02097189673080646,0.036314571681808294,0.6399999999999999
ret_cap50_bonus25_top10_k3,return_pred,10,3,0.5,0.25,10,2026-01-16,2026-01-29,1000000.0,1017817.6582308026,10.0,0.017817658230802724,0.017817658230802724,0.5605709809449506,2.5496237922606593,-0.01060318732162524,0.017817658230802724,0.6399999999999999
ret_cap50_bonus25_top10_k3,return_pred,10,3,0.5,0.25,11,2026-01-19,2026-01-30,1000000.0,1042446.2671423827,10.0,0.04244626714238264,0.04244626714238264,1.8507077663956286,4.367754481887227,-0.04194582266033897,0.04244626714238264,0.6399999999999999
ret_cap50_bonus25_top10_k3,return_pred,10,3,0.5,0.25,12,2026-01-20,2026-02-02,1000000.0,1058580.5526466996,10.0,0.05858055264669959,0.05858055264669959,3.198001245714467,4.542964338494212,-0.04936186763640715,0.05858055264669959,0.6399999999999999
ret_cap50_bonus25_top10_k3,return_pred,10,3,0.5,0.25,13,2026-01-21,2026-02-03,1000000.0,1005077.8298366597,10.0,0.005077829836659609,0.005077829836659609,0.136141104881216,0.6446903448710071,-0.05577593092645494,0.005077829836659609,0.6399999999999999
ret_cap50_bonus25_top10_k3,return_pred,10,3,0.5,0.25,14,2026-01-22,2026-02-04,1000000.0,1028511.6031800361,10.0,0.028511603180036094,0.028511603180036094,1.0308213859659157,3.168804512479615,-0.045957295654225794,0.028511603180036094,0.6399999999999999
ret_cap50_bonus25_top10_k3,return_pred,10,3,0.5,0.25,15,2026-01-23,2026-02-05,1000000.0,1006526.5115206192,10.0,0.006526511520619227,0.006526511520619227,0.17813621703242966,0.9149556772986484,-0.04395088170805417,0.006526511520619227,0.6399999999999999
ret_cap50_bonus25_top10_k3,return_pred,10,3,0.5,0.25,16,2026-01-26,2026-02-06,1000000.0,990368.6388487753,10.0,-0.009631361151224649,-0.009631361151224649,-0.2164235725811754,-0.9500898485156052,-0.062175964600901135,-0.009631361151224649,0.6399999999999999
ret_cap50_bonus25_top10_k3,return_pred,10,3,0.5,0.25,17,2026-01-27,2026-02-09,1000000.0,1013384.3602482547,10.0,0.013384360248254623,0.013384360248254623,0.39800838403485783,1.7463127493649822,-0.046872392863019474,0.013384360248254623,0.6399999999999999
ret_cap50_bonus25_top10_k3,return_pred,10,3,0.5,0.25,18,2026-01-28,2026-02-10,1000000.0,987534.5767389296,10.0,-0.012465423261070363,-0.012465423261070363,-0.27101561262438423,-1.8763135905426247,-0.044674087175149535,-0.012465423261070363,0.6399999999999999
ret_cap50_bonus25_top10_k3,return_pred,10,3,0.5,0.25,19,2026-01-29,2026-02-11,1000000.0,978526.7764027284,10.0,-0.02147322359727155,-0.02147322359727155,-0.42132809493947343,-2.772908712552124,-0.03709788570461714,-0.02147322359727155,0.6399999999999999
ret_cap50_bonus25_top10_k3,return_pred,10,3,0.5,0.25,20,2026-01-30,2026-02-12,1000000.0,1009701.3521261227,10.0,0.009701352126122664,0.009701352126122664,0.2754458749570978,1.9700329621907287,-0.006244908157289064,0.009701352126122664,0.6399999999999999
ret_cap50_bonus25_top10_k3,return_pred,10,3,0.5,0.25,21,2026-02-02,2026-02-13,1000000.0,1031742.847243372,10.0,0.03174284724337206,0.03174284724337206,1.1978647391306119,7.168576790732849,-0.013370620168958958,0.03174284724337206,0.6399999999999999
ret_cap50_bonus25_top10_k3,return_pred,10,3,0.5,0.25,22,2026-02-03,2026-02-24,1000000.0,1011583.5541421004,10.0,0.011583554142100327,0.011583554142100327,0.33673203558395315,2.4895309908774457,-0.02229734788808324,0.011583554142100327,0.6399999999999999
ret_cap50_bonus25_top10_k3,return_pred,10,3,0.5,0.25,23,2026-02-04,2026-02-25,1000000.0,1017222.0000868798,10.0,0.017222000086879907,0.017222000086879907,0.5377182116089789,4.209364635065325,-0.019869379226847506,0.017222000086879907,0.6399999999999999
ret_cap50_bonus25_top10_k3,return_pred,10,3,0.5,0.25,24,2026-02-05,2026-02-26,1000000.0,991623.5052634766,10.0,-0.008376494736523354,-0.008376494736523354,-0.19101647193396132,-1.6552397837351975,-0.026031994820437387,-0.008376494736523354,0.6399999999999999
ret_cap50_bonus25_top10_k3,return_pred,10,3,0.5,0.25,25,2026-02-06,2026-02-27,1000000.0,999973.3598156208,10.0,-2.6640184379145282e-05,-2.6640184379145282e-05,-0.000671116289382101,0.0668852749797883,-0.026031994820437387,-2.6640184379145282e-05,0.6399999999999999
ret_cap50_bonus25_top10_k3,return_pred,10,3,0.5,0.25,26,2026-02-09,2026-03-02,1000000.0,991238.6714030309,10.0,-0.008761328596969098,-0.008761328596969098,-0.19889107454875898,-1.6096100107579043,-0.02386767771856524,-0.008761328596969098,0.6399999999999999
ret_cap50_bonus25_top10_k3,return_pred,10,3,0.5,0.25,27,2026-02-10,2026-03-03,1000000.0,936613.2284929655,10.0,-0.06338677150703453,-0.06338677150703453,-0.8079920364899964,-8.870608758460424,-0.060247853916733374,-0.06338677150703453,0.6399999999999999
ret_cap50_bonus25_top10_k3,return_pred,10,3,0.5,0.25,28,2026-02-11,2026-03-04,1000000.0,994802.0225833005,10.0,-0.005197977416699473,-0.005197977416699473,-0.1230722334550336,-0.3240655403147006,-0.0538462252103411,-0.005197977416699473,0.6399999999999999
ret_cap50_bonus25_top10_k3,return_pred,10,3,0.5,0.25,29,2026-02-12,2026-03-05,1000000.0,966810.1827476721,10.0,-0.03318981725232795,-0.03318981725232795,-0.5728320699064763,-2.8350558687016894,-0.05226936039426233,-0.03318981725232795,0.6399999999999999
ret_cap50_bonus25_top10_k3,return_pred,10,3,0.5,0.25,30,2026-02-13,2026-03-06,1000000.0,972698.6591566759,10.0,-0.02730134084332403,-0.02730134084332403,-0.5022014884462185,-2.3486853864368658,-0.03252727089512375,-0.02730134084332403,0.6399999999999999
ret_cap50_bonus25_top10_k3,return_pred,10,3,0.5,0.25,31,2026-02-24,2026-03-09,1000000.0,1003978.3360398615,10.0,0.00397833603986153,0.00397833603986153,0.10523189574779623,0.4610221164459051,-0.05037726918356167,0.00397833603986153,0.6399999999999999
ret_cap50_bonus25_top10_k3,return_pred,10,3,0.5,0.25,32,2026-02-25,2026-03-10,1000000.0,998497.2219811358,10.0,-0.001502778018864226,-0.001502778018864226,-0.03718932889002602,0.04236633188243592,-0.048087380323024176,-0.001502778018864226,0.6399999999999999
ret_cap50_bonus25_top10_k3,return_pred,10,3,0.5,0.25,33,2026-02-26,2026-03-11,1000000.0,1022359.8341146146,10.0,0.02235983411461473,0.02235983411461473,0.7458833638933353,1.8185772967119866,-0.036439362257793095,0.02235983411461473,0.6399999999999999
ret_cap50_bonus25_top10_k3,return_pred,10,3,0.5,0.25,34,2026-02-27,2026-03-12,1000000.0,1060941.221007516,10.0,0.06094122100751598,0.06094122100751598,3.440392412485606,5.2228251147728715,-0.02585487447261814,0.06094122100751598,0.6399999999999999
ret_cap50_bonus25_top10_k3,return_pred,10,3,0.5,0.25,35,2026-03-02,2026-03-13,1000000.0,1013682.6204070877,10.0,0.013682620407087676,0.013682620407087676,0.4084142631258132,1.1444793675308047,-0.042042519967556036,0.013682620407087676,0.6399999999999999
ret_cap50_bonus25_top10_k3,return_pred,10,3,0.5,0.25,36,2026-03-03,2026-03-16,1000000.0,958369.3015327499,10.0,-0.041630698467250093,-0.041630698467250093,-0.6575249579428293,-2.2374213647653853,-0.030708634629051268,-0.041630698467250093,0.6399999999999999
ret_cap50_bonus25_top10_k3,return_pred,10,3,0.5,0.25,37,2026-03-04,2026-03-17,1000000.0,1037663.4512955636,10.0,0.03766345129556359,0.03766345129556359,1.538775565850214,2.5807488171805506,-0.03809006513834645,0.03766345129556359,0.6399999999999999
ret_cap50_bonus25_top10_k3,return_pred,10,3,0.5,0.25,38,2026-03-05,2026-03-18,1000000.0,952263.6200877415,10.0,-0.04773637991225843,-0.04773637991225843,-0.7084713347003144,-7.227749759566122,-0.042169227595410086,-0.04773637991225843,0.6399999999999999
ret_cap50_bonus25_top10_k3,return_pred,10,3,0.5,0.25,39,2026-03-06,2026-03-19,1000000.0,999700.0148519545,10.0,-0.0002999851480454119,-0.0002999851480454119,-0.007532249199862173,0.11968601304881261,-0.06009538403243342,-0.0002999851480454119,0.6399999999999999
ret_cap50_bonus25_top10_k3,return_pred,10,3,0.5,0.25,40,2026-03-09,2026-03-20,1000000.0,964564.740347524,10.0,-0.03543525965247596,-0.03543525965247596,-0.597143075775783,-4.566672027637719,-0.06574878224766978,-0.03543525965247596,0.6399999999999999
ret_cap50_bonus25_top10_k3,return_pred,10,3,0.5,0.25,41,2026-03-10,2026-03-23,1000000.0,959621.3230180203,10.0,-0.04037867698197972,-0.04037867698197972,-0.6460701303114409,-5.5757694567949585,-0.0675919950368703,-0.04037867698197972,0.6399999999999999
ret_cap50_bonus25_top10_k3,return_pred,10,3,0.5,0.25,42,2026-03-11,2026-03-24,1000000.0,971667.730903621,10.0,-0.028332269096379092,-0.028332269096379092,-0.5153278590307437,-2.869034013083398,-0.07420495052134957,-0.028332269096379092,0.6399999999999999
ret_cap50_bonus25_top10_k3,return_pred,10,3,0.5,0.25,43,2026-03-12,2026-03-25,1000000.0,913082.3442958184,10.0,-0.08691765570418164,-0.08691765570418164,-0.8988768432337552,-15.529998906093663,-0.08777758079925557,-0.08691765570418164,0.6399999999999999
ret_cap50_bonus25_top10_k3,return_pred,10,3,0.5,0.25,44,2026-03-13,2026-03-26,1000000.0,908696.7384288638,10.0,-0.09130326157113622,-0.09130326157113622,-0.9104309382219902,-18.79643631537357,-0.0741317594477835,-0.09130326157113622,0.6399999999999999
ret_cap50_bonus25_top10_k3,return_pred,10,3,0.5,0.25,45,2026-03-16,2026-03-27,1000000.0,913034.8618532951,10.0,-0.08696513814670492,-0.08696513814670492,-0.8990092776979333,-18.540674837600985,-0.061899595138600993,-0.08696513814670492,0.6399999999999999
ret_cap50_bonus25_top10_k3,return_pred,10,3,0.5,0.25,46,2026-03-17,2026-03-30,1000000.0,967807.2044736496,10.0,-0.03219279552635035,-0.03219279552635035,-0.561591426832855,-4.729063301080539,-0.056528761101176994,-0.03219279552635035,0.6399999999999999
ret_cap50_bonus25_top10_k3,return_pred,10,3,0.5,0.25,47,2026-03-18,2026-03-31,1000000.0,971613.3060576802,10.0,-0.02838669394231985,-0.02838669394231985,-0.5160115088669774,-3.423609042202831,-0.06035175086947653,-0.02838669394231985,0.6399999999999999
ret_cap50_bonus25_top10_k3,return_pred,10,3,0.5,0.25,48,2026-03-19,2026-04-01,1000000.0,957912.7511102257,10.0,-0.04208724888977433,-0.04208724888977433,-0.6616127044792939,-5.341080968695756,-0.06715079278441016,-0.04208724888977433,0.6399999999999999
ret_cap50_bonus25_top10_k3,return_pred,10,3,0.5,0.25,49,2026-03-20,2026-04-02,1000000.0,966940.4919377178,10.0,-0.033059508062282195,-0.033059508062282195,-0.5713788161679503,-2.696110951662956,-0.03814814759861551,-0.033059508062282195,0.6399999999999999
ret_cap50_bonus25_top10_k3,return_pred,10,3,0.5,0.25,50,2026-03-23,2026-04-03,1000000.0,1000960.1285000689,10.0,0.0009601285000688797,0.0009601285000688797,0.024478425963415207,0.220177219736677,-0.029412718836667406,0.0009601285000688797,0.6399999999999999
ret_cap50_bonus25_top10_k3,return_pred,10,3,0.5,0.25,51,2026-03-24,2026-04-07,1000000.0,1001906.6335214409,10.0,0.0019066335214408259,0.0019066335214408259,0.049172143795374046,0.3270198051403738,-0.018940713326931036,0.0019066335214408259,0.6399999999999999
ret_cap50_bonus25_top10_k3,return_pred,10,3,0.5,0.25,52,2026-03-25,2026-04-08,1000000.0,1025649.8768416166,10.0,0.02564987684161668,0.02564987684161668,0.8931199481361833,2.969911455688343,-0.02168312929037508,0.02564987684161668,0.6399999999999999
ret_cap50_bonus25_top10_k3,return_pred,10,3,0.5,0.25,53,2026-03-26,2026-04-09,1000000.0,1013127.0548225597,10.0,0.013127054822559714,0.013127054822559714,0.3890907147645679,1.5826706856148347,-0.017968833516836202,0.013127054822559714,0.6399999999999999
ret_cap50_bonus25_top10_k3,return_pred,10,3,0.5,0.25,54,2026-03-27,2026-04-10,1000000.0,1017422.387999137,10.0,0.01742238799913709,0.01742238799913709,0.5453700998955107,2.720311346759184,-0.02308199181288917,0.01742238799913709,0.6399999999999999
ret_cap50_bonus25_top10_k3,return_pred,10,3,0.5,0.25,55,2026-03-30,2026-04-13,1000000.0,1041043.2237227056,10.0,0.041043223722705635,0.041043223722705635,1.7555785346329782,7.683184613102371,-0.01685720130383972,0.041043223722705635,0.6399999999999999
ret_cap50_bonus25_top10_k3,return_pred,10,3,0.5,0.25,56,2026-03-31,2026-04-14,1000000.0,1045974.8378305095,10.0,0.045974837830509596,0.045974837830509596,2.104096235356312,6.248600063735652,-0.022548312489636735,0.045974837830509596,0.6399999999999999
ret_cap50_bonus25_top10_k3,return_pred,10,3,0.5,0.25,57,2026-04-01,2026-04-15,1000000.0,1038387.7345185019,10.0,0.03838773451850197,0.03838773451850197,1.583810444499255,4.817079193158062,-0.025949595763318012,0.03838773451850197,0.6399999999999999
ret_cap50_bonus25_top10_k3,return_pred,10,3,0.5,0.25,58,2026-04-02,2026-04-16,1000000.0,1041265.4926780937,10.0,0.04126549267809376,0.04126549267809376,1.7704428787135198,4.6753927987515205,-0.02874726436614994,0.04126549267809376,0.6399999999999999
ret_cap50_bonus25_top10_k3,return_pred,10,3,0.5,0.25,59,2026-04-03,2026-04-17,1000000.0,1084993.384167467,10.0,0.08499338416746705,0.08499338416746705,6.812007817317846,8.683398913826057,-0.00011589533581402023,0.08499338416746705,0.6399999999999999
ret_cap50_bonus25_top10_k3,return_pred,10,3,0.5,0.25,60,2026-04-07,2026-04-20,1000000.0,1075313.7252102557,10.0,0.07531372521025581,0.07531372521025581,5.232851305215906,13.771556641278229,-0.00028361778580121566,0.07531372521025581,0.6399999999999999
ret_cap50_bonus25_top10_k3,return_pred,10,3,0.5,0.25,61,2026-04-08,2026-04-21,1000000.0,1068224.5854326412,10.0,0.06822458543264132,0.06822458543264132,4.275902270622881,11.636887087316932,-0.007181408885419405,0.06822458543264132,0.6399999999999999
ret_cap50_bonus25_top10_k3,return_pred,10,3,0.5,0.25,62,2026-04-09,2026-04-22,1000000.0,1079972.6853552407,10.0,0.07997268535524071,0.07997268535524071,5.950272634963727,12.342837291439542,-0.009697178625228009,0.07997268535524071,0.6399999999999999
ret_cap50_bonus25_top10_k3,return_pred,10,3,0.5,0.25,63,2026-04-10,2026-04-23,1000000.0,1053799.4906118484,10.0,0.05379949061184841,0.05379949061184841,2.745425858354912,6.871377092281338,-0.0145441210600733,0.05379949061184841,0.6399999999999999
ret_cap50_bonus25_top10_k3,return_pred,10,3,0.5,0.25,64,2026-04-13,2026-04-24,1000000.0,1049022.8747536303,10.0,0.04902287475363032,0.04902287475363032,2.340265225547777,5.992100943447367,-0.025221940773464957,0.04902287475363032,0.6399999999999999
ret_cap50_bonus25_top10_k3,return_pred,10,3,0.5,0.25,65,2026-04-14,2026-04-27,1000000.0,1034456.589407701,10.0,0.03445658940770113,0.03445658940770113,1.348276399745484,4.378741350906905,-0.024440279895677874,0.03445658940770113,0.6399999999999999
ret_cap50_bonus25_top10_k3,return_pred,10,3,0.5,0.25,66,2026-04-15,2026-04-28,1000000.0,1014398.5234292289,10.0,0.014398523429228982,0.014398523429228982,0.43369552943261347,2.2470963896794136,-0.02547730732264053,0.014398523429228982,0.6399999999999999
ret_cap50_bonus25_top10_k3,return_pred,10,3,0.5,0.25,67,2026-04-16,2026-04-29,1000000.0,969271.0911465798,10.0,-0.030728908853420167,-0.030728908853420167,-0.5445711371751714,-3.8668892836871382,-0.05398775866974648,-0.030728908853420167,0.6399999999999999
ret_cap50_bonus25_top10_k3,return_pred,10,3,0.5,0.25,68,2026-04-17,2026-04-30,1000000.0,983372.646422643,10.0,-0.016627353577357007,-0.016627353577357007,-0.3446146662395303,-1.6254536656020195,-0.057342526080987,-0.016627353577357007,0.6399999999999999
ret_cap50_bonus25_top10_k3,return_pred,10,3,0.5,0.25,69,2026-04-20,2026-05-06,1000000.0,982608.6502829195,10.0,-0.01739134971708045,-0.01739134971708045,-0.3573260546190421,-2.0010412505480324,-0.056630097037984384,-0.01739134971708045,0.6399999999999999
ret_cap50_bonus25_top10_k3,return_pred,10,3,0.5,0.25,70,2026-04-21,2026-05-07,1000000.0,1001802.5258313605,10.0,0.0018025258313605352,0.0018025258313605352,0.046428315659776676,0.3123743875347991,-0.03225415771639917,0.0018025258313605352,0.6399999999999999
ret_cap50_bonus25_top10_k3,return_pred,10,3,0.5,0.25,71,2026-04-22,2026-05-08,1000000.0,1000221.1066436438,10.0,0.00022110664364372035,0.00022110664364372035,0.0055868199144830655,0.1354365720661695,-0.05718388347918857,0.00022110664364372035,0.6399999999999999
ret_cap50_bonus25_top10_k3,return_pred,10,3,0.5,0.25,72,2026-04-23,2026-05-11,1000000.0,985052.8020390698,10.0,-0.014947197960930136,-0.014947197960930136,-0.31580535595053316,-2.01885657542957,-0.03962915360801067,-0.014947197960930136,0.6399999999999999
ret_cap50_bonus25_top10_k3,return_pred,10,3,0.5,0.25,73,2026-04-24,2026-05-12,1000000.0,995213.2745463459,10.0,-0.004786725453654106,-0.004786725453654106,-0.11389081875251927,-0.41035647119790214,-0.037381635551358094,-0.004786725453654106,0.6399999999999999
ret_cap50_bonus25_top10_k3,return_pred,10,3,0.5,0.25,74,2026-04-27,2026-05-13,1000000.0,1049752.2594158992,10.0,0.049752259415899225,0.049752259415899225,2.3992868564120724,7.843465696619364,-0.009703779663443601,0.049752259415899225,0.6399999999999999
ret_cap50_bonus25_top10_k3,return_pred,10,3,0.5,0.25,75,2026-04-28,2026-05-14,1000000.0,1043498.8264259741,10.0,0.043498826425974135,0.043498826425974135,1.9241356614229588,8.04899973236139,-0.01544166110223577,0.043498826425974135,0.6399999999999999
ret_cap50_bonus25_top10_k3,return_pred,10,3,0.5,0.25,76,2026-04-29,2026-05-15,1000000.0,1024515.6883575965,10.0,0.024515688357596543,0.024515688357596543,0.8410646979372152,3.461107379205571,-0.024505181346563543,0.024515688357596543,0.6399999999999999
ret_cap50_bonus25_top10_k3,return_pred,10,3,0.5,0.25,77,2026-04-30,2026-05-18,1000000.0,997133.9019758303,10.0,-0.0028660980241697054,-0.0028660980241697054,-0.06977554391563212,-0.4681883366538322,-0.02213780674217125,-0.0028660980241697054,0.6399999999999999
ret_cap50_bonus25_top10_k3,return_pred,10,3,0.5,0.25,78,2026-05-06,2026-05-19,1000000.0,991161.3927618529,10.0,-0.008838607238147111,-0.008838607238147111,-0.20046347702585243,-1.3315088865752325,-0.029815610232634238,-0.008838607238147111,0.6399999999999999
ret_cap50_bonus25_top10_k3,return_pred,10,3,0.5,0.25,79,2026-05-07,2026-05-20,1000000.0,1047914.4148674658,10.0,0.04791441486746595,0.04791441486746595,2.2524492161847434,5.490506603119463,-0.028000695232688,0.04791441486746595,0.6399999999999999
ret_bonus50_top20_k5,return_pred,20,5,0.0,0.5,1,2026-01-05,2026-01-16,1000000.0,1002366.3025385577,10.0,0.0023663025385576297,0.0023663025385576297,0.061369847515286624,0.48117325660498333,-0.016902735891579757,0.0023663025385576297,0.55
ret_bonus50_top20_k5,return_pred,20,5,0.0,0.5,2,2026-01-06,2026-01-19,1000000.0,1008014.0852627835,10.0,0.008014085262783466,0.008014085262783466,0.22280818451401552,1.3320374085558508,-0.021476020680945895,0.008014085262783466,0.55
ret_bonus50_top20_k5,return_pred,20,5,0.0,0.5,3,2026-01-07,2026-01-20,1000000.0,1004191.1802752707,10.0,0.004191180275270767,0.004191180275270767,0.11115168103830508,0.915002716229152,-0.017634070824803505,0.004191180275270767,0.55
ret_bonus50_top20_k5,return_pred,20,5,0.0,0.5,4,2026-01-08,2026-01-21,1000000.0,1013974.5393350682,10.0,0.013974539335068092,0.013974539335068092,0.41867090662868445,2.277372715328923,-0.028542534926082386,0.013974539335068092,0.55
ret_bonus50_top20_k5,return_pred,20,5,0.0,0.5,5,2026-01-09,2026-01-22,1000000.0,1034587.7238321109,10.0,0.03458772383211084,0.03458772383211084,1.3557895226529046,3.9413124374072748,-0.02574038777791554,0.03458772383211084,0.55
ret_bonus50_top20_k5,return_pred,20,5,0.0,0.5,6,2026-01-12,2026-01-23,1000000.0,1027581.3047403588,10.0,0.027581304740358803,0.027581304740358803,0.9850346751227939,4.3624479558639875,-0.019321134109691607,0.027581304740358803,0.55
ret_bonus50_top20_k5,return_pred,20,5,0.0,0.5,7,2026-01-13,2026-01-26,1000000.0,1002649.7613814774,10.0,0.0026497613814773224,0.0026497613814773224,0.06895942492226514,0.5897671619336935,-0.013022723928747926,0.0026497613814773224,0.55
ret_bonus50_top20_k5,return_pred,20,5,0.0,0.5,8,2026-01-14,2026-01-27,1000000.0,1027213.5761965391,10.0,0.02721357619653908,0.02721357619653908,0.9672108715745402,4.94188630870606,-0.017708159780997157,0.02721357619653908,0.55
ret_bonus50_top20_k5,return_pred,20,5,0.0,0.5,9,2026-01-15,2026-01-28,1000000.0,1024771.4401585221,10.0,0.024771440158522173,0.024771440158522173,0.8526813782092233,5.201669290988849,-0.015700692309520203,0.024771440158522173,0.55
ret_bonus50_top20_k5,return_pred,20,5,0.0,0.5,10,2026-01-16,2026-01-29,1000000.0,1007652.5785211356,10.0,0.007652578521135656,0.007652578521135656,0.2118048272369739,1.5532085980752732,-0.008520687678456262,0.007652578521135656,0.55
ret_bonus50_top20_k5,return_pred,20,5,0.0,0.5,11,2026-01-19,2026-01-30,1000000.0,1031459.4973241541,10.0,0.031459497324154206,0.031459497324154206,1.1827043407574696,4.1567442855837635,-0.0261713930082369,0.031459497324154206,0.55
ret_bonus50_top20_k5,return_pred,20,5,0.0,0.5,12,2026-01-20,2026-02-02,1000000.0,1002464.887383677,10.0,0.0024648873836770058,0.0024648873836770058,0.06400355725003726,0.3947903782147893,-0.03909387258514929,0.0024648873836770058,0.55
ret_bonus50_top20_k5,return_pred,20,5,0.0,0.5,13,2026-01-21,2026-02-03,1000000.0,1019423.7716407302,10.0,0.01942377164073017,0.01942377164073017,0.6238273996068935,2.749563121524086,-0.03983310439895427,0.01942377164073017,0.55
ret_bonus50_top20_k5,return_pred,20,5,0.0,0.5,14,2026-01-22,2026-02-04,1000000.0,1009829.7658340607,10.0,0.0098297658340607,0.0098297658340607,0.2795398905419446,1.8377990793193049,-0.03293802089371445,0.0098297658340607,0.55
ret_bonus50_top20_k5,return_pred,20,5,0.0,0.5,15,2026-01-23,2026-02-05,1000000.0,985514.3613586181,10.0,-0.01448563864138186,-0.01448563864138186,-0.3076805602903012,-2.677823854857771,-0.0383057467697947,-0.01448563864138186,0.55
ret_bonus50_top20_k5,return_pred,20,5,0.0,0.5,16,2026-01-26,2026-02-06,1000000.0,1003721.8742933443,10.0,0.0037218742933442517,0.0037218742933442517,0.09813921478863308,0.6766244553316636,-0.037851520835252894,0.0037218742933442517,0.55
ret_bonus50_top20_k5,return_pred,20,5,0.0,0.5,17,2026-01-27,2026-02-09,1000000.0,1006367.0686857213,10.0,0.006367068685721344,0.006367068685721344,0.17344221119584402,0.7289383653391059,-0.05997411206504899,0.006367068685721344,0.55
ret_bonus50_top20_k5,return_pred,20,5,0.0,0.5,18,2026-01-28,2026-02-10,1000000.0,991492.6742069391,10.0,-0.008507325793060905,-0.008507325793060905,-0.1937018849504042,-1.6570022284685384,-0.032092102287631374,-0.008507325793060905,0.55
ret_bonus50_top20_k5,return_pred,20,5,0.0,0.5,19,2026-01-29,2026-02-11,1000000.0,977754.375681993,10.0,-0.02224562431800703,-0.02224562431800703,-0.43272955321858464,-3.6768488509763886,-0.02466416626051815,-0.02224562431800703,0.55
ret_bonus50_top20_k5,return_pred,20,5,0.0,0.5,20,2026-01-30,2026-02-12,1000000.0,986919.7327757532,10.0,-0.013080267224246711,-0.013080267224246711,-0.2823673683093968,-2.377691716133702,-0.011259799571335272,-0.013080267224246711,0.55
ret_bonus50_top20_k5,return_pred,20,5,0.0,0.5,21,2026-02-02,2026-02-13,1000000.0,1012678.9972161904,10.0,0.01267899721619048,0.01267899721619048,0.3736922010995185,3.691331303642863,-0.011677459481347685,0.01267899721619048,0.55
ret_bonus50_top20_k5,return_pred,20,5,0.0,0.5,22,2026-02-03,2026-02-24,1000000.0,1014843.5907847292,10.0,0.0148435907847293,0.0148435907847293,0.44963162485979913,3.235756925165649,-0.01647455224134431,0.0148435907847293,0.55
ret_bonus50_top20_k5,return_pred,20,5,0.0,0.5,23,2026-02-04,2026-02-25,1000000.0,1012348.6644529512,10.0,0.01234866445295113,0.01234866445295113,0.36244468536041285,3.5528696684514243,-0.01547325866863658,0.01234866445295113,0.55
ret_bonus50_top20_k5,return_pred,20,5,0.0,0.5,24,2026-02-05,2026-02-26,1000000.0,995985.3548241797,10.0,-0.004014645175820286,-0.004014645175820286,-0.0964037844016794,-0.9147211799628641,-0.0222493997721942,-0.004014645175820286,0.55
ret_bonus50_top20_k5,return_pred,20,5,0.0,0.5,25,2026-02-06,2026-02-27,1000000.0,999063.0364325639,10.0,-0.000936963567436111,-0.000936963567436111,-0.023345722001655633,-0.12271421307108779,-0.020573135770075135,-0.000936963567436111,0.55
ret_bonus50_top20_k5,return_pred,20,5,0.0,0.5,26,2026-02-09,2026-03-02,1000000.0,1005562.9301815607,10.0,0.005562930181560732,0.005562930181560732,0.15004072940237845,1.2190634913661553,-0.01997443336922977,0.005562930181560732,0.55
ret_bonus50_top20_k5,return_pred,20,5,0.0,0.5,27,2026-02-10,2026-03-03,1000000.0,980928.1210105475,10.0,-0.019071878989452506,-0.019071878989452506,-0.3844588932908586,-3.591469456342312,-0.021644876981994243,-0.019071878989452506,0.55
ret_bonus50_top20_k5,return_pred,20,5,0.0,0.5,28,2026-02-11,2026-03-04,1000000.0,1010427.389000819,10.0,0.010427389000818854,0.010427389000818854,0.29875959217451875,1.4866553669872964,-0.02070332377177564,0.010427389000818854,0.55
ret_bonus50_top20_k5,return_pred,20,5,0.0,0.5,29,2026-02-12,2026-03-05,1000000.0,999469.2502437053,10.0,-0.0005307497562946351,-0.0005307497562946351,-0.013289350841506509,0.021474856418285115,-0.01797610589265819,-0.0005307497562946351,0.55
ret_bonus50_top20_k5,return_pred,20,5,0.0,0.5,30,2026-02-13,2026-03-06,1000000.0,991436.2908154584,10.0,-0.008563709184541635,-0.008563709184541635,-0.19485655809353086,-0.9835179575821369,-0.020904310727119402,-0.008563709184541635,0.55
ret_bonus50_top20_k5,return_pred,20,5,0.0,0.5,31,2026-02-24,2026-03-09,1000000.0,1008996.907496662,10.0,0.008996907496662043,0.008996907496662043,0.2532099835151511,1.185950402940725,-0.02380195886790748,0.008996907496662043,0.55
ret_bonus50_top20_k5,return_pred,20,5,0.0,0.5,32,2026-02-25,2026-03-10,1000000.0,1023367.4067435183,10.0,0.023367406743518337,0.023367406743518337,0.7897643005131576,3.075884039926432,-0.01698082501566789,0.023367406743518337,0.55
ret_bonus50_top20_k5,return_pred,20,5,0.0,0.5,33,2026-02-26,2026-03-11,1000000.0,1016710.3263418203,10.0,0.016710326341820236,0.016710326341820236,0.5183444646532129,2.0373200403799747,-0.020945016974210695,0.016710326341820236,0.55
ret_bonus50_top20_k5,return_pred,20,5,0.0,0.5,34,2026-02-27,2026-03-12,1000000.0,1031515.4181774072,10.0,0.03151541817740733,0.03151541817740733,1.1856883625359425,4.749687330346826,-0.018854586163765008,0.03151541817740733,0.55
ret_bonus50_top20_k5,return_pred,20,5,0.0,0.5,35,2026-03-02,2026-03-13,1000000.0,1002485.7027789365,10.0,0.0024857027789364494,0.0024857027789364494,0.06456044572732944,0.3749409848553919,-0.033285693013668016,0.0024857027789364494,0.55
ret_bonus50_top20_k5,return_pred,20,5,0.0,0.5,36,2026-03-03,2026-03-16,1000000.0,968912.7619099922,10.0,-0.031087238090007796,-0.031087238090007796,-0.5487950658981072,-2.5367695370333694,-0.024243988705783703,-0.031087238090007796,0.55
ret_bonus50_top20_k5,return_pred,20,5,0.0,0.5,37,2026-03-04,2026-03-17,1000000.0,1018867.411720239,10.0,0.01886741172023898,0.01886741172023898,0.6016415442353611,2.2661362237937848,-0.02678234482560482,0.01886741172023898,0.55
ret_bonus50_top20_k5,return_pred,20,5,0.0,0.5,38,2026-03-05,2026-03-18,1000000.0,986549.6697179093,10.0,-0.01345033028209075,-0.01345033028209075,-0.28911773589164125,-2.3546789765681835,-0.02590953441893451,-0.01345033028209075,0.55
ret_bonus50_top20_k5,return_pred,20,5,0.0,0.5,39,2026-03-06,2026-03-19,1000000.0,1005061.148890423,10.0,0.005061148890423084,0.005061148890423084,0.13566602505361147,0.7962755006608812,-0.03500701327035893,0.005061148890423084,0.55
ret_bonus50_top20_k5,return_pred,20,5,0.0,0.5,40,2026-03-09,2026-03-20,1000000.0,988590.6071816715,10.0,-0.011409392818328423,-0.011409392818328423,-0.25111472493019515,-2.26574427922374,-0.036063499668092414,-0.011409392818328423,0.55
ret_bonus50_top20_k5,return_pred,20,5,0.0,0.5,41,2026-03-10,2026-03-23,1000000.0,970905.3802007143,10.0,-0.029094619799285626,-0.029094619799285626,-0.5248200864724122,-4.989227287399616,-0.0464197415991493,-0.029094619799285626,0.55
ret_bonus50_top20_k5,return_pred,20,5,0.0,0.5,42,2026-03-11,2026-03-24,1000000.0,972688.2090354254,10.0,-0.02731179096457459,-0.02731179096457459,-0.5023362421439856,-6.512354611639442,-0.03971005887331047,-0.02731179096457459,0.55
ret_bonus50_top20_k5,return_pred,20,5,0.0,0.5,43,2026-03-12,2026-03-25,1000000.0,940899.6073651332,10.0,-0.05910039263486677,-0.05910039263486677,-0.7845776099146784,-15.649792673132096,-0.05941484344182202,-0.05910039263486677,0.55
ret_bonus50_top20_k5,return_pred,20,5,0.0,0.5,44,2026-03-13,2026-03-26,1000000.0,932776.463453276,10.0,-0.06722353654672408,-0.06722353654672408,-0.8268609647778775,-16.777069238203246,-0.053100117235687416,-0.06722353654672408,0.55
ret_bonus50_top20_k5,return_pred,20,5,0.0,0.5,45,2026-03-16,2026-03-27,1000000.0,944038.8180692495,10.0,-0.0559611819307505,-0.0559611819307505,-0.7657151086414422,-13.731128739036084,-0.03738154389017656,-0.0559611819307505,0.55
ret_bonus50_top20_k5,return_pred,20,5,0.0,0.5,46,2026-03-17,2026-03-30,1000000.0,983922.6558674021,10.0,-0.01607734413259787,-0.01607734413259787,-0.335314489584021,-3.2600824535035806,-0.03383692855846565,-0.01607734413259787,0.55
ret_bonus50_top20_k5,return_pred,20,5,0.0,0.5,47,2026-03-18,2026-03-31,1000000.0,991928.070781005,10.0,-0.008071929218995022,-0.008071929218995022,-0.18473170794860416,-1.5786170802104529,-0.03179233761928635,-0.008071929218995022,0.55
ret_bonus50_top20_k5,return_pred,20,5,0.0,0.5,48,2026-03-19,2026-04-01,1000000.0,975293.2273750411,10.0,-0.024706772624958906,-0.024706772624958906,-0.4676377502480773,-3.3685850750520965,-0.04413010788089977,-0.024706772624958906,0.55
ret_bonus50_top20_k5,return_pred,20,5,0.0,0.5,49,2026-03-20,2026-04-02,1000000.0,992991.4672457229,10.0,-0.0070085327542771525,-0.0070085327542771525,-0.16241861052163675,-0.8670022597491975,-0.01185600633435313,-0.0070085327542771525,0.55
ret_bonus50_top20_k5,return_pred,20,5,0.0,0.5,50,2026-03-23,2026-04-03,1000000.0,998103.0652339795,10.0,-0.001896934766020486,-0.001896934766020486,-0.04672147131064053,-0.2615193922899361,-0.01793379307553833,-0.001896934766020486,0.55
ret_bonus50_top20_k5,return_pred,20,5,0.0,0.5,51,2026-03-24,2026-04-07,1000000.0,996314.5850553869,10.0,-0.0036854149446131634,-0.0036854149446131634,-0.08884660501499453,-0.6123561148404273,-0.02156207424328105,-0.0036854149446131634,0.55
ret_bonus50_top20_k5,return_pred,20,5,0.0,0.5,52,2026-03-25,2026-04-08,1000000.0,1013452.9851731353,10.0,0.013452985173135312,0.013452985173135312,0.40039605182289284,2.32586862787865,-0.017840872266888574,0.013452985173135312,0.55
ret_bonus50_top20_k5,return_pred,20,5,0.0,0.5,53,2026-03-26,2026-04-09,1000000.0,1004261.978627988,10.0,0.00426197862798805,0.00426197862798805,0.11312751830557577,0.7080896501564568,-0.02152780373577956,0.00426197862798805,0.55
ret_bonus50_top20_k5,return_pred,20,5,0.0,0.5,54,2026-03-27,2026-04-10,1000000.0,1027296.947552803,10.0,0.027296947552802875,0.027296947552802875,0.9712383584832354,4.624123800721585,-0.019202028149366335,0.027296947552802875,0.55
ret_bonus50_top20_k5,return_pred,20,5,0.0,0.5,55,2026-03-30,2026-04-13,1000000.0,1029817.0613261603,10.0,0.029817061326160355,0.029817061326160355,1.096785877667334,6.040131341458371,-0.016259644860029177,0.029817061326160355,0.55
ret_bonus50_top20_k5,return_pred,20,5,0.0,0.5,56,2026-03-31,2026-04-14,1000000.0,1030170.3660577205,10.0,0.03017036605772061,0.03017036605772061,1.1149890836382372,5.569140814676668,-0.019445200555942455,0.03017036605772061,0.55
ret_bonus50_top20_k5,return_pred,20,5,0.0,0.5,57,2026-04-01,2026-04-15,1000000.0,1016497.9964435272,10.0,0.01649799644352723,0.01649799644352723,0.5103739253573409,3.0938646920803166,-0.02083061516004625,0.01649799644352723,0.55
ret_bonus50_top20_k5,return_pred,20,5,0.0,0.5,58,2026-04-02,2026-04-16,1000000.0,1013572.6978472157,10.0,0.013572697847215709,0.013572697847215709,0.4045705935123354,2.2849332909026545,-0.02333801866471763,0.013572697847215709,0.55
ret_bonus50_top20_k5,return_pred,20,5,0.0,0.5,59,2026-04-03,2026-04-17,1000000.0,1030259.5928240696,10.0,0.030259592824069648,0.030259592824069648,1.1196102328312656,5.671417535378551,-0.0023786085467784046,0.030259592824069648,0.55
ret_bonus50_top20_k5,return_pred,20,5,0.0,0.5,60,2026-04-07,2026-04-20,1000000.0,1056817.2110906923,10.0,0.05681721109069238,0.05681721109069238,3.0252875746932544,17.35668301358473,-0.0010699551595374501,0.05681721109069238,0.55
ret_bonus50_top20_k5,return_pred,20,5,0.0,0.5,61,2026-04-08,2026-04-21,1000000.0,1036325.8472109385,10.0,0.036325847210938456,0.036325847210938456,1.4575791787280061,9.02724498809759,-0.006046247165572116,0.036325847210938456,0.55
ret_bonus50_top20_k5,return_pred,20,5,0.0,0.5,62,2026-04-09,2026-04-22,1000000.0,1048743.6715089097,10.0,0.04874367150890957,0.04874367150890957,2.317933669526488,8.572454347358857,-0.007364437844765481,0.04874367150890957,0.55
ret_bonus50_top20_k5,return_pred,20,5,0.0,0.5,63,2026-04-10,2026-04-23,1000000.0,1020251.5598349945,10.0,0.02025155983499438,0.02025155983499438,0.6573839893443199,3.8457158201377517,-0.011393933305144266,0.02025155983499438,0.55
ret_bonus50_top20_k5,return_pred,20,5,0.0,0.5,64,2026-04-13,2026-04-24,1000000.0,1031466.2503873245,10.0,0.031466250387324424,0.031466250387324424,1.1830644866709288,6.280037173719777,-0.010628351811629466,0.031466250387324424,0.55
ret_bonus50_top20_k5,return_pred,20,5,0.0,0.5,65,2026-04-14,2026-04-27,1000000.0,1032310.2958921649,10.0,0.03231029589216483,0.03231029589216483,1.2285301971195985,5.273252316272481,-0.01769945514074045,0.03231029589216483,0.55
ret_bonus50_top20_k5,return_pred,20,5,0.0,0.5,66,2026-04-15,2026-04-28,1000000.0,1009533.7416280684,10.0,0.009533741628068304,0.009533741628068304,0.270121130469841,1.7719293306759045,-0.023630435382457793,0.009533741628068304,0.55
ret_bonus50_top20_k5,return_pred,20,5,0.0,0.5,67,2026-04-16,2026-04-29,1000000.0,1025888.3868805722,10.0,0.025888386880572156,0.025888386880572156,0.904245170465557,4.049895769119928,-0.0227190176676505,0.025888386880572156,0.55
ret_bonus50_top20_k5,return_pred,20,5,0.0,0.5,68,2026-04-17,2026-04-30,1000000.0,1031264.0563463048,10.0,0.031264056346304914,0.031264056346304914,1.1723060128700893,5.374325424590131,-0.01590328350268766,0.031264056346304914,0.55
ret_bonus50_top20_k5,return_pred,20,5,0.0,0.5,69,2026-04-20,2026-05-06,1000000.0,1045688.6633848988,10.0,0.04568866338489874,0.04568866338489874,2.082765380691023,7.761528738686308,-0.014289220540565806,0.04568866338489874,0.55
ret_bonus50_top20_k5,return_pred,20,5,0.0,0.5,70,2026-04-21,2026-05-07,1000000.0,1024814.9216940416,10.0,0.024814921694041647,0.024814921694041647,0.8546633712385667,3.3583844587133593,-0.024665114005845146,0.024814921694041647,0.55
ret_bonus50_top20_k5,return_pred,20,5,0.0,0.5,71,2026-04-22,2026-05-08,1000000.0,1023767.398384204,10.0,0.02376739838420394,0.02376739838420394,0.807476439561956,4.134431889854369,-0.03245150669518404,0.02376739838420394,0.55
ret_bonus50_top20_k5,return_pred,20,5,0.0,0.5,72,2026-04-23,2026-05-11,1000000.0,1029225.4447476822,10.0,0.029225444747682294,0.029225444747682294,1.0666406277063407,5.137226483675898,-0.015452186262235212,0.029225444747682294,0.55
ret_bonus50_top20_k5,return_pred,20,5,0.0,0.5,73,2026-04-24,2026-05-12,1000000.0,1028337.566163539,10.0,0.028337566163538996,0.028337566163538996,1.0221793563380919,5.039784314938369,-0.011237679822340585,0.028337566163538996,0.55
ret_bonus50_top20_k5,return_pred,20,5,0.0,0.5,74,2026-04-27,2026-05-13,1000000.0,1072349.671984689,10.0,0.072349671984689,0.072349671984689,4.814038008694326,14.791415603869341,-0.0021296038568019426,0.072349671984689,0.55
ret_bonus50_top20_k5,return_pred,20,5,0.0,0.5,75,2026-04-28,2026-05-14,1000000.0,1038305.3021822355,10.0,0.03830530218223549,0.03830530218223549,1.5786464931723976,11.363590401232916,-0.005748057892615677,0.03830530218223549,0.55
ret_bonus50_top20_k5,return_pred,20,5,0.0,0.5,76,2026-04-29,2026-05-15,1000000.0,1069731.8772107856,10.0,0.06973187721078555,0.06973187721078555,4.466740120112467,13.10147159555086,-0.005610559456786901,0.06973187721078555,0.55
ret_bonus50_top20_k5,return_pred,20,5,0.0,0.5,77,2026-04-30,2026-05-18,1000000.0,1053570.4034617143,10.0,0.05357040346171438,0.05357040346171438,2.7249612930575946,13.818129624651496,-0.0038257786386574066,0.05357040346171438,0.55
ret_bonus50_top20_k5,return_pred,20,5,0.0,0.5,78,2026-05-06,2026-05-19,1000000.0,1030654.497447641,10.0,0.030654497447641038,0.030654497447641038,1.140179444984692,7.824227415850359,-0.007311489181220487,0.030654497447641038,0.55
ret_bonus50_top20_k5,return_pred,20,5,0.0,0.5,79,2026-05-07,2026-05-20,1000000.0,1036697.0219416268,10.0,0.03669702194162672,0.03669702194162672,1.4798570353856224,7.440274233652527,-0.010636470028758005,0.03669702194162672,0.55
ret_cap50_bonus50_top20_k5,return_pred,20,5,0.5,0.5,1,2026-01-05,2026-01-16,1000000.0,1004905.8389341371,10.0,0.004905838934137208,0.004905838934137208,0.13125188448404823,0.8924775776304467,-0.016421038380609154,0.004905838934137208,0.55
ret_cap50_bonus50_top20_k5,return_pred,20,5,0.5,0.5,2,2026-01-06,2026-01-19,1000000.0,1002947.222274098,10.0,0.002947222274098049,0.002947222274098049,0.07697993847391937,0.5418944723024188,-0.023613095528102646,0.002947222274098049,0.55
ret_cap50_bonus50_top20_k5,return_pred,20,5,0.5,0.5,3,2026-01-07,2026-01-20,1000000.0,1001254.9258664034,10.0,0.0012549258664034113,0.0012549258664034113,0.032109024575768697,0.3334946987032594,-0.018941655231010435,0.0012549258664034113,0.55
ret_cap50_bonus50_top20_k5,return_pred,20,5,0.5,0.5,4,2026-01-08,2026-01-21,1000000.0,1004032.2138407425,10.0,0.004032213840742482,0.004032213840742482,0.1067275165573105,0.7566735905328138,-0.0301589011415333,0.004032213840742482,0.55
ret_cap50_bonus50_top20_k5,return_pred,20,5,0.5,0.5,5,2026-01-09,2026-01-22,1000000.0,1035321.7343136712,10.0,0.03532173431367114,0.03532173431367114,1.3982714941355319,4.250640752457846,-0.02876332486882116,0.03532173431367114,0.55
ret_cap50_bonus50_top20_k5,return_pred,20,5,0.5,0.5,6,2026-01-12,2026-01-23,1000000.0,1030952.9269388439,10.0,0.030952926938843994,0.030952926938843994,1.1558506249835174,5.069274957597269,-0.020926943950315136,0.030952926938843994,0.55
ret_cap50_bonus50_top20_k5,return_pred,20,5,0.5,0.5,7,2026-01-13,2026-01-26,1000000.0,1003564.92759988,10.0,0.003564927599879919,0.003564927599879919,0.09382029390624913,0.7847074799650804,-0.016008662260545203,0.003564927599879919,0.55
ret_cap50_bonus50_top20_k5,return_pred,20,5,0.5,0.5,8,2026-01-14,2026-01-27,1000000.0,1030052.818244587,10.0,0.030052818244586943,0.030052818244586943,1.1089159243996254,5.410966755827677,-0.018426549445550888,0.030052818244586943,0.55
ret_cap50_bonus50_top20_k5,return_pred,20,5,0.5,0.5,9,2026-01-15,2026-01-28,1000000.0,1023074.327842071,10.0,0.023074327842070863,0.023074327842070863,0.7768923272298047,4.916514472423948,-0.015988645088770848,0.023074327842070863,0.55
ret_cap50_bonus50_top20_k5,return_pred,20,5,0.5,0.5,10,2026-01-16,2026-01-29,1000000.0,1017058.8062025361,10.0,0.01705880620253608,0.01705880620253608,0.531513485679554,3.4161661334119025,-0.00681517853364344,0.01705880620253608,0.55
ret_cap50_bonus50_top20_k5,return_pred,20,5,0.5,0.5,11,2026-01-19,2026-01-30,1000000.0,1033273.7118441925,10.0,0.033273711844192366,0.033273711844192366,1.2815373639306031,5.05962917730811,-0.02556100085026003,0.033273711844192366,0.55
ret_cap50_bonus50_top20_k5,return_pred,20,5,0.5,0.5,12,2026-01-20,2026-02-02,1000000.0,1009872.5168535127,10.0,0.009872516853512758,0.009872516853512758,0.280905652973769,1.303223036427063,-0.03562881875038282,0.009872516853512758,0.55
ret_cap50_bonus50_top20_k5,return_pred,20,5,0.5,0.5,13,2026-01-21,2026-02-03,1000000.0,1019505.4767082623,10.0,0.019505476708262304,0.019505476708262304,0.6271102861657785,2.7996786592562746,-0.03925440629713828,0.019505476708262304,0.55
ret_cap50_bonus50_top20_k5,return_pred,20,5,0.5,0.5,14,2026-01-22,2026-02-04,1000000.0,1016860.2715842745,10.0,0.0168602715842745,0.0168602715842745,0.5239974974623078,2.967330562968517,-0.03276544842507467,0.0168602715842745,0.55
ret_cap50_bonus50_top20_k5,return_pred,20,5,0.5,0.5,15,2026-01-23,2026-02-05,1000000.0,986819.9363865741,10.0,-0.01318006361342594,-0.01318006361342594,-0.2841938041812253,-2.3533279558713733,-0.03839053244808266,-0.01318006361342594,0.55
ret_cap50_bonus50_top20_k5,return_pred,20,5,0.5,0.5,16,2026-01-26,2026-02-06,1000000.0,1008963.6157209461,10.0,0.008963615720946061,0.008963615720946061,0.25216839031918714,1.5149859725117407,-0.03410389353358634,0.008963615720946061,0.55
ret_cap50_bonus50_top20_k5,return_pred,20,5,0.5,0.5,17,2026-01-27,2026-02-09,1000000.0,1001860.6316959335,10.0,0.0018606316959335345,0.0018606316959335345,0.047958883886126236,0.30838516483768574,-0.061248061231380824,0.0018606316959335345,0.55
ret_cap50_bonus50_top20_k5,return_pred,20,5,0.5,0.5,18,2026-01-28,2026-02-10,1000000.0,991042.8223426915,10.0,-0.008957177657308524,-0.008957177657308524,-0.20287028982842814,-1.6284123427263475,-0.03371590906788691,-0.008957177657308524,0.55
ret_cap50_bonus50_top20_k5,return_pred,20,5,0.5,0.5,19,2026-01-29,2026-02-11,1000000.0,974908.1294700663,10.0,-0.02509187052993367,-0.02509187052993367,-0.47290968685505064,-4.038465476325173,-0.02734881850877291,-0.02509187052993367,0.55
ret_cap50_bonus50_top20_k5,return_pred,20,5,0.5,0.5,20,2026-01-30,2026-02-12,1000000.0,990205.718914593,10.0,-0.00979428108540703,-0.00979428108540703,-0.21966543832227414,-1.7041430384917426,-0.010052239270508245,-0.00979428108540703,0.55
ret_cap50_bonus50_top20_k5,return_pred,20,5,0.5,0.5,21,2026-02-02,2026-02-13,1000000.0,1012678.9972161904,10.0,0.01267899721619048,0.01267899721619048,0.3736922010995185,3.691331303642863,-0.011677459481347685,0.01267899721619048,0.55
ret_cap50_bonus50_top20_k5,return_pred,20,5,0.5,0.5,22,2026-02-03,2026-02-24,1000000.0,1014843.5907847292,10.0,0.0148435907847293,0.0148435907847293,0.44963162485979913,3.235756925165649,-0.01647455224134431,0.0148435907847293,0.55
ret_cap50_bonus50_top20_k5,return_pred,20,5,0.5,0.5,23,2026-02-04,2026-02-25,1000000.0,1008528.2282782138,10.0,0.008528228278213756,0.008528228278213756,0.2386228073794956,2.561390804936663,-0.015118751121113383,0.008528228278213756,0.55
ret_cap50_bonus50_top20_k5,return_pred,20,5,0.5,0.5,24,2026-02-05,2026-02-26,1000000.0,984875.635768657,10.0,-0.015124364231343002,-0.015124364231343002,-0.31889961664000555,-4.369797892881109,-0.02224939977219398,-0.015124364231343002,0.55
ret_cap50_bonus50_top20_k5,return_pred,20,5,0.5,0.5,25,2026-02-06,2026-02-27,1000000.0,999260.0393417,10.0,-0.0007399606582999541,-0.0007399606582999541,-0.01848100362484184,-0.08058321067713184,-0.020573135770075024,-0.0007399606582999541,0.55
ret_cap50_bonus50_top20_k5,return_pred,20,5,0.5,0.5,26,2026-02-09,2026-03-02,1000000.0,1005485.5842440862,10.0,0.0054855842440861835,0.0054855842440861835,0.14781363889951216,1.1976646534586395,-0.01997443336922977,0.0054855842440861835,0.55
ret_cap50_bonus50_top20_k5,return_pred,20,5,0.5,0.5,27,2026-02-10,2026-03-03,1000000.0,982764.7557770438,10.0,-0.017235244222956192,-0.017235244222956192,-0.35474816741649184,-3.1532581937558146,-0.021641824689450084,-0.017235244222956192,0.55
ret_cap50_bonus50_top20_k5,return_pred,20,5,0.5,0.5,28,2026-02-11,2026-03-04,1000000.0,1011809.2972446494,10.0,0.011809297244649297,0.011809297244649297,0.34426959510669186,1.6604313388072482,-0.021061068691472618,0.011809297244649297,0.55
ret_cap50_bonus50_top20_k5,return_pred,20,5,0.5,0.5,29,2026-02-12,2026-03-05,1000000.0,1001435.2542597079,10.0,0.0014352542597078077,0.0014352542597078077,0.03680355634083088,0.2885951720623675,-0.016228263014554933,0.0014352542597078077,0.55
ret_cap50_bonus50_top20_k5,return_pred,20,5,0.5,0.5,30,2026-02-13,2026-03-06,1000000.0,991073.9593588421,10.0,-0.008926040641157873,-0.008926040641157873,-0.2022389266936251,-1.0301697880713823,-0.020904310727119402,-0.008926040641157873,0.55
ret_cap50_bonus50_top20_k5,return_pred,20,5,0.5,0.5,31,2026-02-24,2026-03-09,1000000.0,1007309.8823771133,10.0,0.007309882377113386,0.007309882377113386,0.20146185257777072,0.9869544826078787,-0.02380195886790748,0.007309882377113386,0.55
ret_cap50_bonus50_top20_k5,return_pred,20,5,0.5,0.5,32,2026-02-25,2026-03-10,1000000.0,1020056.0297915279,10.0,0.020056029791527985,0.020056029791527985,0.6493981029702272,2.776702277674589,-0.01698082501566789,0.020056029791527985,0.55
ret_cap50_bonus50_top20_k5,return_pred,20,5,0.5,0.5,33,2026-02-26,2026-03-11,1000000.0,1015893.0547213741,10.0,0.015893054721374034,0.015893054721374034,0.4878850459734252,1.9002232473406324,-0.02089315348267551,0.015893054721374034,0.55
ret_cap50_bonus50_top20_k5,return_pred,20,5,0.5,0.5,34,2026-02-27,2026-03-12,1000000.0,1037906.9213436819,10.0,0.03790692134368179,0.03790692134368179,1.5538294076042334,4.724256162859645,-0.01857509718239303,0.03790692134368179,0.55
ret_cap50_bonus50_top20_k5,return_pred,20,5,0.5,0.5,35,2026-03-02,2026-03-13,1000000.0,1004622.2822274524,10.0,0.004622282227452423,0.004622282227452423,0.12323524581319178,0.581458023885088,-0.03282968022823329,0.004622282227452423,0.55
ret_cap50_bonus50_top20_k5,return_pred,20,5,0.5,0.5,36,2026-03-03,2026-03-16,1000000.0,965897.7250151979,10.0,-0.03410227498480212,-0.03410227498480212,-0.5828763559104655,-2.765333645803577,-0.02424398870578348,-0.03410227498480212,0.55
ret_cap50_bonus50_top20_k5,return_pred,20,5,0.5,0.5,37,2026-03-04,2026-03-17,1000000.0,1017719.7948515633,10.0,0.017719794851563275,0.017719794851563275,0.5567941363935072,2.058149422338412,-0.031321186794466604,0.017719794851563275,0.55
ret_cap50_bonus50_top20_k5,return_pred,20,5,0.5,0.5,38,2026-03-05,2026-03-18,1000000.0,991175.5092754643,10.0,-0.008824490724535616,-0.008824490724535616,-0.2001764671987929,-1.3854944332857593,-0.02829295378389085,-0.008824490724535616,0.55
ret_cap50_bonus50_top20_k5,return_pred,20,5,0.5,0.5,39,2026-03-06,2026-03-19,1000000.0,997844.2311030773,10.0,-0.002155768896922705,-0.002155768896922705,-0.052931653658426336,-0.17845951294363763,-0.041226341427362256,-0.002155768896922705,0.55
ret_cap50_bonus50_top20_k5,return_pred,20,5,0.5,0.5,40,2026-03-09,2026-03-20,1000000.0,986998.6076796758,10.0,-0.013001392320324157,-0.013001392320324157,-0.28092066403504745,-2.3738203420813173,-0.038672644690153635,-0.013001392320324157,0.55
ret_cap50_bonus50_top20_k5,return_pred,20,5,0.5,0.5,41,2026-03-10,2026-03-23,1000000.0,970380.4101712197,10.0,-0.029619589828780324,-0.029619589828780324,-0.5312525515715214,-5.835559365007913,-0.04633073949225619,-0.029619589828780324,0.55
ret_cap50_bonus50_top20_k5,return_pred,20,5,0.5,0.5,42,2026-03-11,2026-03-24,1000000.0,987470.9571678827,10.0,-0.01252904283211731,-0.01252904283211731,-0.2721981603906506,-1.7742947946873897,-0.04345667575141654,-0.01252904283211731,0.55
ret_cap50_bonus50_top20_k5,return_pred,20,5,0.5,0.5,43,2026-03-12,2026-03-25,1000000.0,940559.6895586391,10.0,-0.05944031044136089,-0.05944031044136089,-0.7865302612782542,-16.905906408671157,-0.05791040905793654,-0.05944031044136089,0.55
ret_cap50_bonus50_top20_k5,return_pred,20,5,0.5,0.5,44,2026-03-13,2026-03-26,1000000.0,932038.5459131266,10.0,-0.06796145408687349,-0.06796145408687349,-0.8302797682682931,-18.380483800022677,-0.0547338964200802,-0.06796145408687349,0.55
ret_cap50_bonus50_top20_k5,return_pred,20,5,0.5,0.5,45,2026-03-16,2026-03-27,1000000.0,941033.3618507176,10.0,-0.05896663814928238,-0.05896663814928238,-0.783804566914573,-15.689181680112528,-0.03868953381974538,-0.05896663814928238,0.55
ret_cap50_bonus50_top20_k5,return_pred,20,5,0.5,0.5,46,2026-03-17,2026-03-30,1000000.0,982579.1338058832,10.0,-0.017420866194116758,-0.017420866194116758,-0.3578123692398578,-3.8485440783211624,-0.03410324710932011,-0.017420866194116758,0.55
ret_cap50_bonus50_top20_k5,return_pred,20,5,0.5,0.5,47,2026-03-18,2026-03-31,1000000.0,991969.8576030973,10.0,-0.008030142396902695,-0.008030142396902695,-0.18386578021980327,-1.5019287040555516,-0.03256753422013958,-0.008030142396902695,0.55
ret_cap50_bonus50_top20_k5,return_pred,20,5,0.5,0.5,48,2026-03-19,2026-04-01,1000000.0,981664.6971634546,10.0,-0.018335302836545386,-0.018335302836545386,-0.3727048038342441,-2.8248852562587707,-0.04058038566964206,-0.018335302836545386,0.55
ret_cap50_bonus50_top20_k5,return_pred,20,5,0.5,0.5,49,2026-03-20,2026-04-02,1000000.0,1003105.1058828551,10.0,0.0031051058828550637,0.0031051058828550637,0.08126043917603498,0.577417124442492,-0.007003179965168305,0.0031051058828550637,0.55
ret_cap50_bonus50_top20_k5,return_pred,20,5,0.5,0.5,50,2026-03-23,2026-04-03,1000000.0,1012673.8467959096,10.0,0.012673846795909549,0.012673846795909549,0.37351615187603726,2.1476267018187905,-0.01778391477358454,0.012673846795909549,0.55
ret_cap50_bonus50_top20_k5,return_pred,20,5,0.5,0.5,51,2026-03-24,2026-04-07,1000000.0,1001377.4770254147,10.0,0.0013774770254146862,0.0013774770254146862,0.035297199933031154,0.3286203130723233,-0.01619082580521858,0.0013774770254146862,0.55
ret_cap50_bonus50_top20_k5,return_pred,20,5,0.5,0.5,52,2026-03-25,2026-04-08,1000000.0,1016609.3556950632,10.0,0.016609355695063277,0.016609355695063277,0.5145491571784664,2.703675464053098,-0.018650318244099573,0.016609355695063277,0.55
ret_cap50_bonus50_top20_k5,return_pred,20,5,0.5,0.5,53,2026-03-26,2026-04-09,1000000.0,1009099.374191458,10.0,0.00909937419145801,0.00909937419145801,0.25642106279295107,1.4426085268450006,-0.018718420276045755,0.00909937419145801,0.55
ret_cap50_bonus50_top20_k5,return_pred,20,5,0.5,0.5,54,2026-03-27,2026-04-10,1000000.0,1024930.6217769661,10.0,0.024930621776966255,0.024930621776966255,0.8599471820107538,4.154927843649779,-0.018718420276045755,0.024930621776966255,0.55
ret_cap50_bonus50_top20_k5,return_pred,20,5,0.5,0.5,55,2026-03-30,2026-04-13,1000000.0,1029245.9453412512,10.0,0.029245945341251245,0.029245945341251245,1.0676782184750695,6.044295719500319,-0.015954402838470272,0.029245945341251245,0.55
ret_cap50_bonus50_top20_k5,return_pred,20,5,0.5,0.5,56,2026-03-31,2026-04-14,1000000.0,1029512.6411250402,10.0,0.02951264112504015,0.02951264112504015,1.081222086903538,6.0692519525271775,-0.017551249185339457,0.02951264112504015,0.55
ret_cap50_bonus50_top20_k5,return_pred,20,5,0.5,0.5,57,2026-04-01,2026-04-15,1000000.0,1013242.3151482581,10.0,0.013242315148258132,0.013242315148258132,0.3930786218757485,2.796933623195278,-0.017250795319775025,0.013242315148258132,0.55
ret_cap50_bonus50_top20_k5,return_pred,20,5,0.5,0.5,58,2026-04-02,2026-04-16,1000000.0,1013780.8259511006,10.0,0.013780825951100528,0.013780825951100528,0.411856764673977,2.4689007712529136,-0.02208401330709453,0.013780825951100528,0.55
ret_cap50_bonus50_top20_k5,return_pred,20,5,0.5,0.5,59,2026-04-03,2026-04-17,1000000.0,1031770.9690559676,10.0,0.031770969055967546,0.031770969055967546,1.1993748769514854,5.1372904215705715,-0.001325708096474365,0.031770969055967546,0.55
ret_cap50_bonus50_top20_k5,return_pred,20,5,0.5,0.5,60,2026-04-07,2026-04-20,1000000.0,1060825.9318964342,10.0,0.06082593189643415,0.06082593189643415,3.428248799325792,22.5576288153261,0.0,0.06082593189643415,0.55
ret_cap50_bonus50_top20_k5,return_pred,20,5,0.5,0.5,61,2026-04-08,2026-04-21,1000000.0,1041112.4301524261,10.0,0.04111243015242616,0.04111243015242616,1.7601985178253154,10.518184590148708,-0.004582144068181471,0.04111243015242616,0.55
ret_cap50_bonus50_top20_k5,return_pred,20,5,0.5,0.5,62,2026-04-09,2026-04-22,1000000.0,1046749.991513076,10.0,0.04674999151307602,0.04674999151307602,2.1625889141122485,8.81621946163892,-0.008459917017817453,0.04674999151307602,0.55
ret_cap50_bonus50_top20_k5,return_pred,20,5,0.5,0.5,63,2026-04-10,2026-04-23,1000000.0,1018334.9160075521,10.0,0.018334916007552104,0.018334916007552104,0.580680143536346,3.3541892534071756,-0.011393933305144266,0.018334916007552104,0.55
ret_cap50_bonus50_top20_k5,return_pred,20,5,0.5,0.5,64,2026-04-13,2026-04-24,1000000.0,1040557.972361843,10.0,0.040557972361843,0.040557972361843,1.7233927714005555,7.755259523718146,-0.0065755781061946905,0.040557972361843,0.55
ret_cap50_bonus50_top20_k5,return_pred,20,5,0.5,0.5,65,2026-04-14,2026-04-27,1000000.0,1033317.2692226502,10.0,0.033317269222650214,0.033317269222650214,1.28396227611996,5.474778119653914,-0.01769945514074056,0.033317269222650214,0.55
ret_cap50_bonus50_top20_k5,return_pred,20,5,0.5,0.5,66,2026-04-15,2026-04-28,1000000.0,1020403.9678805253,10.0,0.02040396788052523,0.02040396788052523,0.6636344137175105,3.357242129441575,-0.017598710134677842,0.02040396788052523,0.55
ret_cap50_bonus50_top20_k5,return_pred,20,5,0.5,0.5,67,2026-04-16,2026-04-29,1000000.0,1028568.2915546596,10.0,0.028568291554659675,0.028568291554659675,1.0336439691029131,4.381836040301056,-0.02271901766765061,0.028568291554659675,0.55
ret_cap50_bonus50_top20_k5,return_pred,20,5,0.5,0.5,68,2026-04-17,2026-04-30,1000000.0,1040846.2172522126,10.0,0.0408462172522126,0.0408462172522126,1.7424676820892264,6.3130426851363595,-0.01590328350268777,0.0408462172522126,0.55
ret_cap50_bonus50_top20_k5,return_pred,20,5,0.5,0.5,69,2026-04-20,2026-05-06,1000000.0,1041414.1514506584,10.0,0.04141415145065852,0.04141415145065852,1.7804274454746318,7.182713499680586,-0.014289220540565917,0.04141415145065852,0.55
ret_cap50_bonus50_top20_k5,return_pred,20,5,0.5,0.5,70,2026-04-21,2026-05-07,1000000.0,1013808.017384399,10.0,0.013808017384398852,0.013808017384398852,0.412811361885149,2.1964951267432666,-0.024665114005845146,0.013808017384398852,0.55
ret_cap50_bonus50_top20_k5,return_pred,20,5,0.5,0.5,71,2026-04-22,2026-05-08,1000000.0,1023357.2731355687,10.0,0.02335727313556868,0.02335727313556868,0.7893177435514636,4.194502627892434,-0.030556836601537518,0.02335727313556868,0.55
ret_cap50_bonus50_top20_k5,return_pred,20,5,0.5,0.5,72,2026-04-23,2026-05-11,1000000.0,1032202.8944301765,10.0,0.03220289443017643,0.03220289443017643,1.2226947737774743,5.49558313854297,-0.015452186262235212,0.03220289443017643,0.55
ret_cap50_bonus50_top20_k5,return_pred,20,5,0.5,0.5,73,2026-04-24,2026-05-12,1000000.0,1025161.2967645157,10.0,0.025161296764515617,0.025161296764515617,0.8705248599643125,4.592733918916455,-0.011237679822340585,0.025161296764515617,0.55
ret_cap50_bonus50_top20_k5,return_pred,20,5,0.5,0.5,74,2026-04-27,2026-05-13,1000000.0,1076296.9574730103,10.0,0.07629695747301035,0.07629695747301035,5.37806935363346,14.584805105040752,-0.004082700917124815,0.07629695747301035,0.55
ret_cap50_bonus50_top20_k5,return_pred,20,5,0.5,0.5,75,2026-04-28,2026-05-14,1000000.0,1032789.967673632,10.0,0.03278996767363207,0.03278996767363207,1.254772179994394,8.706603263036902,-0.008417636794941452,0.03278996767363207,0.55
ret_cap50_bonus50_top20_k5,return_pred,20,5,0.5,0.5,76,2026-04-29,2026-05-15,1000000.0,1044571.8141198436,10.0,0.04457181411984368,0.04457181411984368,2.0008565532961065,7.630581876856382,-0.01876570598349292,0.04457181411984368,0.55
ret_cap50_bonus50_top20_k5,return_pred,20,5,0.5,0.5,77,2026-04-30,2026-05-18,1000000.0,1025377.372043131,10.0,0.025377372043130952,0.025377372043130952,0.8804854461375693,5.16388524489131,-0.01912086109947919,0.025377372043130952,0.55
ret_cap50_bonus50_top20_k5,return_pred,20,5,0.5,0.5,78,2026-05-06,2026-05-19,1000000.0,1011836.2350790699,10.0,0.011836235079069946,0.011836235079069946,0.3451717702170465,2.606478018646883,-0.020557728557635713,0.011836235079069946,0.55
ret_cap50_bonus50_top20_k5,return_pred,20,5,0.5,0.5,79,2026-05-07,2026-05-20,1000000.0,1026943.672415074,10.0,0.026943672415074005,0.026943672415074005,0.9542265421010592,5.673856212359837,-0.010305121289193586,0.026943672415074005,0.55
y_cap20_top20_k2,y_score,20,2,0.2,0.0,1,2026-01-05,2026-01-16,1000000.0,1029263.5996667462,10.0,0.0292635996667463,0.0292635996667463,1.0685721527672407,5.830976864989709,-0.01512450553088307,0.0292635996667463,0.2800000000000001
y_cap20_top20_k2,y_score,20,2,0.2,0.0,2,2026-01-06,2026-01-19,1000000.0,1042243.4735144379,10.0,0.04224347351443791,0.04224347351443791,1.836765546769969,7.252595047903788,-0.013175941789760892,0.04224347351443791,0.2800000000000001
y_cap20_top20_k2,y_score,20,2,0.2,0.0,3,2026-01-07,2026-01-20,1000000.0,1030011.4944731786,10.0,0.030011494473178635,0.030011494473178635,1.1067848949188765,5.0088567628390726,-0.014448806485587551,0.030011494473178635,0.2800000000000001
y_cap20_top20_k2,y_score,20,2,0.2,0.0,4,2026-01-08,2026-01-21,1000000.0,1064186.9279654473,10.0,0.06418692796544723,0.06418692796544723,3.7956953027220752,9.98831589334925,-0.014255287090122137,0.06418692796544723,0.2800000000000001
y_cap20_top20_k2,y_score,20,2,0.2,0.0,5,2026-01-09,2026-01-22,1000000.0,1065139.6948058826,10.0,0.06513969480588266,0.06513969480588266,3.9050739858320087,9.159807598275954,-0.013883922272717286,0.06513969480588266,0.2800000000000001
y_cap20_top20_k2,y_score,20,2,0.2,0.0,6,2026-01-12,2026-01-23,1000000.0,1056435.191591669,10.0,0.05643519159166921,0.05643519159166921,2.9887798562155528,9.699409288466418,-0.01564956018002306,0.05643519159166921,0.2800000000000001
y_cap20_top20_k2,y_score,20,2,0.2,0.0,7,2026-01-13,2026-01-26,1000000.0,1013470.9681184042,10.0,0.013470968118404203,0.013470968118404203,0.4010223799029424,3.103544141900407,-0.009379721890986015,0.013470968118404203,0.2800000000000001
y_cap20_top20_k2,y_score,20,2,0.2,0.0,8,2026-01-14,2026-01-27,1000000.0,1052970.386749085,10.0,0.05297038674908494,0.05297038674908494,2.6718689101715896,11.046861696625335,-0.011607188444435534,0.05297038674908494,0.2800000000000001
y_cap20_top20_k2,y_score,20,2,0.2,0.0,9,2026-01-15,2026-01-28,1000000.0,1055787.7522510902,10.0,0.05578775225109034,0.05578775225109034,2.9276322247757838,11.57822847263497,-0.013134429473955933,0.05578775225109034,0.2800000000000001
y_cap20_top20_k2,y_score,20,2,0.2,0.0,10,2026-01-16,2026-01-29,1000000.0,1007890.1162780375,10.0,0.007890116278037596,0.007890116278037596,0.21902411433516078,1.1463466036660963,-0.03823840477395357,0.007890116278037596,0.2800000000000001
y_cap20_top20_k2,y_score,20,2,0.2,0.0,11,2026-01-19,2026-01-30,1000000.0,1017294.2043535734,10.0,0.017294204353573317,0.017294204353573317,0.5404711561808491,2.780907418186459,-0.037630946490081696,0.017294204353573317,0.2800000000000001
y_cap20_top20_k2,y_score,20,2,0.2,0.0,12,2026-01-20,2026-02-02,1000000.0,982268.8854104977,10.0,-0.017731114589502384,-0.017731114589502384,-0.3629027013336861,-2.5987961844246157,-0.0387114757555741,-0.017731114589502384,0.2800000000000001
y_cap20_top20_k2,y_score,20,2,0.2,0.0,13,2026-01-21,2026-02-03,1000000.0,993391.9344804863,10.0,-0.006608065519513651,-0.006608065519513651,-0.15386460031742333,-0.9245822690947839,-0.03794595053011174,-0.006608065519513651,0.2800000000000001
y_cap20_top20_k2,y_score,20,2,0.2,0.0,14,2026-01-22,2026-02-04,1000000.0,997041.4772515866,10.0,-0.0029585227484133503,-0.0029585227484133503,-0.07194592485441553,-0.4997971031700612,-0.030891072200037506,-0.0029585227484133503,0.2800000000000001
y_cap20_top20_k2,y_score,20,2,0.2,0.0,15,2026-01-23,2026-02-05,1000000.0,987628.4329702453,10.0,-0.012371567029754726,-0.012371567029754726,-0.2692676623019752,-2.0914552959843107,-0.0386721365737388,-0.012371567029754726,0.2800000000000001
y_cap20_top20_k2,y_score,20,2,0.2,0.0,16,2026-01-26,2026-02-06,1000000.0,993109.0248798523,10.0,-0.006890975120147691,-0.006890975120147691,-0.15991621977423176,-0.9528844896434542,-0.029765700720668975,-0.006890975120147691,0.2800000000000001
y_cap20_top20_k2,y_score,20,2,0.2,0.0,17,2026-01-27,2026-02-09,1000000.0,997214.3761947136,10.0,-0.0027856238052863525,-0.0027856238052863525,-0.06788182401191778,-0.2494363037536326,-0.0361237284169591,-0.0027856238052863525,0.2800000000000001
y_cap20_top20_k2,y_score,20,2,0.2,0.0,18,2026-01-28,2026-02-10,1000000.0,1008432.6918615628,10.0,0.008432691861562702,0.008432691861562702,0.23566940386608048,1.324601363608803,-0.020013250794982285,0.008432691861562702,0.2800000000000001
y_cap20_top20_k2,y_score,20,2,0.2,0.0,19,2026-01-29,2026-02-11,1000000.0,1032351.1200304811,10.0,0.03235112003048113,0.03235112003048113,1.2307521439407303,5.05858701603508,-0.01000399951994424,0.03235112003048113,0.2800000000000001
y_cap20_top20_k2,y_score,20,2,0.2,0.0,20,2026-01-30,2026-02-12,1000000.0,1021212.3610443089,10.0,0.021212361044308903,0.021212361044308903,0.6971678152160281,4.297449730112838,-0.012646190535128166,0.021212361044308903,0.2800000000000001
y_cap20_top20_k2,y_score,20,2,0.2,0.0,21,2026-02-02,2026-02-13,1000000.0,1027761.8850569203,10.0,0.027761885056920343,0.027761885056920343,0.9938440805882252,7.070842127978957,-0.002700774643421222,0.027761885056920343,0.2800000000000001
y_cap20_top20_k2,y_score,20,2,0.2,0.0,22,2026-02-03,2026-02-24,1000000.0,1041861.8945915457,10.0,0.041861894591545656,0.041861894591545656,1.8107090243179527,8.145025599774698,-0.014440604198575069,0.041861894591545656,0.2800000000000001
y_cap20_top20_k2,y_score,20,2,0.2,0.0,23,2026-02-04,2026-02-25,1000000.0,1040473.3263829136,10.0,0.040473326382913566,0.040473326382913566,1.7178154784496615,11.811247294057388,-0.00618071639150386,0.040473326382913566,0.2800000000000001
y_cap20_top20_k2,y_score,20,2,0.2,0.0,24,2026-02-05,2026-02-26,1000000.0,1030988.8305812504,10.0,0.03098883058125046,0.03098883058125046,1.1577434126573647,12.900885255189552,-0.004235708799064208,0.03098883058125046,0.2800000000000001
y_cap20_top20_k2,y_score,20,2,0.2,0.0,25,2026-02-06,2026-02-27,1000000.0,1038085.8332416901,10.0,0.038085833241690015,0.038085833241690015,1.5649461960237896,11.931457675189288,-0.00717572404136213,0.038085833241690015,0.2800000000000001
y_cap20_top20_k2,y_score,20,2,0.2,0.0,26,2026-02-09,2026-03-02,1000000.0,1026926.8633531875,10.0,0.02692686335318739,0.02692686335318739,0.9534206325735914,6.980696537584791,-0.012844599491618092,0.02692686335318739,0.2800000000000001
y_cap20_top20_k2,y_score,20,2,0.2,0.0,27,2026-02-10,2026-03-03,1000000.0,973327.9552051198,10.0,-0.026672044794880168,-0.026672044794880168,-0.49402184699685736,-2.993823831286643,-0.05714655526502177,-0.026672044794880168,0.2800000000000001
y_cap20_top20_k2,y_score,20,2,0.2,0.0,28,2026-02-11,2026-03-04,1000000.0,968940.0290732959,10.0,-0.031059970926704095,-0.031059970926704095,-0.5484749718814381,-3.386716357960852,-0.05676670031738362,-0.031059970926704095,0.2800000000000001
y_cap20_top20_k2,y_score,20,2,0.2,0.0,29,2026-02-12,2026-03-05,1000000.0,972530.7628235929,10.0,-0.027469237176407146,-0.027469237176407146,-0.5043622668926785,-3.7064530715820747,-0.04963874270433222,-0.027469237176407146,0.2800000000000001
y_cap20_top20_k2,y_score,20,2,0.2,0.0,30,2026-02-13,2026-03-06,1000000.0,1006285.4809095027,10.0,0.006285480909502761,0.006285480909502761,0.1710472142911752,1.369054561240775,-0.023433386396869427,0.006285480909502761,0.2800000000000001
y_cap20_top20_k2,y_score,20,2,0.2,0.0,31,2026-02-24,2026-03-09,1000000.0,1029634.6594785998,10.0,0.02963465947859989,0.02963465947859989,1.0874470300471604,2.9109169763436644,-0.052729227853458904,0.02963465947859989,0.2800000000000001
y_cap20_top20_k2,y_score,20,2,0.2,0.0,32,2026-02-25,2026-03-10,1000000.0,1018119.4417248929,10.0,0.018119441724892882,0.018119441724892882,0.5722732059933291,1.8322342896990258,-0.05131675647655187,0.018119441724892882,0.2800000000000001
y_cap20_top20_k2,y_score,20,2,0.2,0.0,33,2026-02-26,2026-03-11,1000000.0,998363.9155248401,10.0,-0.001636084475159838,-0.001636084475159838,-0.04042336110295153,-0.06103883799515154,-0.04245194949027209,-0.001636084475159838,0.2800000000000001
y_cap20_top20_k2,y_score,20,2,0.2,0.0,34,2026-02-27,2026-03-12,1000000.0,992028.9872638161,10.0,-0.007971012736183947,-0.007971012736183947,-0.18263895608544722,-0.9541816564818686,-0.03126934162604156,-0.007971012736183947,0.2800000000000001
y_cap20_top20_k2,y_score,20,2,0.2,0.0,35,2026-03-02,2026-03-13,1000000.0,1002830.9982535623,10.0,0.0028309982535621447,0.0028309982535621447,0.07383930590642507,0.4966343391266797,-0.02349388291299348,0.0028309982535621447,0.2800000000000001
y_cap20_top20_k2,y_score,20,2,0.2,0.0,36,2026-03-03,2026-03-16,1000000.0,983155.8224861608,10.0,-0.016844177513839265,-0.016844177513839265,-0.34824651807803253,-1.4000735482204014,-0.02507469243813709,-0.016844177513839265,0.2800000000000001
y_cap20_top20_k2,y_score,20,2,0.2,0.0,37,2026-03-04,2026-03-17,1000000.0,1054949.1924361396,10.0,0.054949192436139604,0.054949192436139604,2.849771111174256,5.4959263573977415,-0.04011620776859848,0.054949192436139604,0.2800000000000001
y_cap20_top20_k2,y_score,20,2,0.2,0.0,38,2026-03-05,2026-03-18,1000000.0,966873.8675253277,10.0,-0.03312613247467233,-0.03312613247467233,-0.5721224271236578,-4.8285754987813725,-0.049991786933967886,-0.03312613247467233,0.2800000000000001
y_cap20_top20_k2,y_score,20,2,0.2,0.0,39,2026-03-06,2026-03-19,1000000.0,975762.8714797206,10.0,-0.024237128520279372,-0.024237128520279372,-0.461139835758393,-3.690515007363546,-0.05606923742906689,-0.024237128520279372,0.2800000000000001
y_cap20_top20_k2,y_score,20,2,0.2,0.0,40,2026-03-09,2026-03-20,1000000.0,956416.6722677561,10.0,-0.04358332773224394,-0.04358332773224394,-0.674682159269069,-4.3960484243435225,-0.0750886968268818,-0.04358332773224394,0.2800000000000001
y_cap20_top20_k2,y_score,20,2,0.2,0.0,41,2026-03-10,2026-03-23,1000000.0,913827.1210692801,10.0,-0.0861728789307199,-0.0861728789307199,-0.8967776155209319,-11.683020776201232,-0.09723924418907126,-0.0861728789307199,0.2800000000000001
y_cap20_top20_k2,y_score,20,2,0.2,0.0,42,2026-03-11,2026-03-24,1000000.0,908030.6643923217,10.0,-0.09196933560767828,-0.09196933560767828,-0.9120708291913843,-10.870671970530532,-0.09967141211664399,-0.09196933560767828,0.2800000000000001
y_cap20_top20_k2,y_score,20,2,0.2,0.0,43,2026-03-12,2026-03-25,1000000.0,925665.7930829645,10.0,-0.07433420691703552,-0.07433420691703552,-0.8572269549115893,-7.1936319673368185,-0.10088180181823014,-0.07433420691703552,0.2800000000000001
y_cap20_top20_k2,y_score,20,2,0.2,0.0,44,2026-03-13,2026-03-26,1000000.0,917234.2962468856,10.0,-0.08276570375311443,-0.08276570375311443,-0.8866286852923801,-7.933987380169214,-0.0863610299318357,-0.08276570375311443,0.2800000000000001
y_cap20_top20_k2,y_score,20,2,0.2,0.0,45,2026-03-16,2026-03-27,1000000.0,930265.457957252,10.0,-0.06973454204274798,-0.06973454204274798,-0.8382315733454292,-5.392674101340159,-0.09419780126539135,-0.06973454204274798,0.2800000000000001
y_cap20_top20_k2,y_score,20,2,0.2,0.0,46,2026-03-17,2026-03-30,1000000.0,948061.1813240057,10.0,-0.05193881867599426,-0.05193881867599426,-0.7392187346979537,-3.9706394616646254,-0.07527308583649028,-0.05193881867599426,0.2800000000000001
y_cap20_top20_k2,y_score,20,2,0.2,0.0,47,2026-03-18,2026-03-31,1000000.0,950812.1684991072,10.0,-0.04918783150089279,-0.04918783150089279,-0.7194648876979615,-4.503623994487808,-0.068003050028834,-0.04918783150089279,0.2800000000000001
y_cap20_top20_k2,y_score,20,2,0.2,0.0,48,2026-03-19,2026-04-01,1000000.0,980574.9308185331,10.0,-0.019425069181466914,-0.019425069181466914,-0.3900197039991895,-1.6770444095055879,-0.0599101723065506,-0.019425069181466914,0.2800000000000001
y_cap20_top20_k2,y_score,20,2,0.2,0.0,49,2026-03-20,2026-04-02,1000000.0,996159.8457299699,10.0,-0.0038401542700300384,-0.0038401542700300384,-0.0924060337797824,-0.07931287638497271,-0.026414663243889858,-0.0038401542700300384,0.2800000000000001
y_cap20_top20_k2,y_score,20,2,0.2,0.0,50,2026-03-23,2026-04-03,1000000.0,1001384.502784317,10.0,0.001384502784317121,0.001384502784317121,0.03548026179412456,0.26455965167441786,-0.025900683078765918,0.001384502784317121,0.2800000000000001
y_cap20_top20_k2,y_score,20,2,0.2,0.0,51,2026-03-24,2026-04-07,1000000.0,1051030.4398855295,10.0,0.051030439885529466,0.051030439885529466,2.5051403669828707,4.176685742308277,-0.03411659476518636,0.051030439885529466,0.2800000000000001
y_cap20_top20_k2,y_score,20,2,0.2,0.0,52,2026-03-25,2026-04-08,1000000.0,1047696.8891597185,10.0,0.04769688915971848,0.04769688915971848,2.2354782956967103,4.847475734026733,-0.026912708427886067,0.04769688915971848,0.2800000000000001
y_cap20_top20_k2,y_score,20,2,0.2,0.0,53,2026-03-26,2026-04-09,1000000.0,1009448.0697212245,10.0,0.009448069721224472,0.009448069721224472,0.26740770817537385,1.014297212337839,-0.03718616890552473,0.009448069721224472,0.2800000000000001
y_cap20_top20_k2,y_score,20,2,0.2,0.0,54,2026-03-27,2026-04-10,1000000.0,1068492.1031674747,10.0,0.06849210316747478,0.06849210316747478,4.309298993929567,6.484152973988898,-0.0349415881442241,0.06849210316747478,0.2800000000000001
y_cap20_top20_k2,y_score,20,2,0.2,0.0,55,2026-03-30,2026-04-13,1000000.0,1037196.7291976915,10.0,0.03719672919769157,0.03719672919769157,1.510155877643498,3.9221766749617775,-0.036776965984459786,0.03719672919769157,0.2800000000000001
y_cap20_top20_k2,y_score,20,2,0.2,0.0,56,2026-03-31,2026-04-14,1000000.0,1005322.5962471474,10.0,0.005322596247147482,0.005322596247147482,0.14313413185885127,0.6597178648739469,-0.04385041682085156,0.005322596247147482,0.2800000000000001
y_cap20_top20_k2,y_score,20,2,0.2,0.0,57,2026-04-01,2026-04-15,1000000.0,1021109.9647535665,10.0,0.021109964753566635,0.021109964753566635,0.6928846318510029,2.2353724440891725,-0.03723822080989336,0.021109964753566635,0.2800000000000001
y_cap20_top20_k2,y_score,20,2,0.2,0.0,58,2026-04-02,2026-04-16,1000000.0,1026672.4639620179,10.0,0.026672463962017945,0.026672463962017945,0.9412623676748673,2.9086719775498997,-0.023137814078331043,0.026672463962017945,0.2800000000000001
y_cap20_top20_k2,y_score,20,2,0.2,0.0,59,2026-04-03,2026-04-17,1000000.0,1059290.30329026,10.0,0.05929030329026008,0.05929030329026008,3.269508858042479,6.802560452814914,-0.0027198995853215946,0.05929030329026008,0.2800000000000001
y_cap20_top20_k2,y_score,20,2,0.2,0.0,60,2026-04-07,2026-04-20,1000000.0,1083378.33814961,10.0,0.08337833814961004,0.08337833814961004,6.524189467648925,11.542343186837048,-0.006972981329858352,0.08337833814961004,0.2800000000000001
y_cap20_top20_k2,y_score,20,2,0.2,0.0,61,2026-04-08,2026-04-21,1000000.0,1041311.8333305725,10.0,0.04131183333057242,0.04131183333057242,1.7735516179492516,9.955734378851654,-0.008062158424258281,0.04131183333057242,0.2800000000000001
y_cap20_top20_k2,y_score,20,2,0.2,0.0,62,2026-04-09,2026-04-22,1000000.0,1025010.3044840276,10.0,0.025010304484027523,0.025010304484027523,0.8635945481452898,6.528093262481402,-0.007017863161712934,0.025010304484027523,0.2800000000000001
y_cap20_top20_k2,y_score,20,2,0.2,0.0,63,2026-04-10,2026-04-23,1000000.0,1010542.3082775465,10.0,0.010542308277546653,0.010542308277546653,0.30248706822684723,2.725844859302733,-0.00883190770804887,0.010542308277546653,0.2800000000000001
y_cap20_top20_k2,y_score,20,2,0.2,0.0,64,2026-04-13,2026-04-24,1000000.0,1032024.8813082959,10.0,0.03202488130829595,0.03202488130829595,1.2130551228289415,5.9640347327589085,-0.012719865601360847,0.03202488130829595,0.2800000000000001
y_cap20_top20_k2,y_score,20,2,0.2,0.0,65,2026-04-14,2026-04-27,1000000.0,1025800.138865091,10.0,0.025800138865091027,0.025800138865091027,0.900121572984433,4.906906928433662,-0.01512550254523759,0.025800138865091027,0.2800000000000001
y_cap20_top20_k2,y_score,20,2,0.2,0.0,66,2026-04-15,2026-04-28,1000000.0,1006014.2030074651,10.0,0.006014203007465024,0.006014203007465024,0.16311759841926965,1.004126648956092,-0.017626540525308765,0.006014203007465024,0.2800000000000001
y_cap20_top20_k2,y_score,20,2,0.2,0.0,67,2026-04-16,2026-04-29,1000000.0,1051737.8895802612,10.0,0.051737889580261154,0.051737889580261154,2.5650818316291413,5.608788328057107,-0.021663481329863288,0.051737889580261154,0.2800000000000001
y_cap20_top20_k2,y_score,20,2,0.2,0.0,68,2026-04-17,2026-04-30,1000000.0,1028516.8603657123,10.0,0.028516860365712215,0.028516860365712215,1.0310829892851583,4.357628880286673,-0.02331131745555426,0.028516860365712215,0.2800000000000001
y_cap20_top20_k2,y_score,20,2,0.2,0.0,69,2026-04-20,2026-05-06,1000000.0,1016772.8474627978,10.0,0.016772847462797724,0.016772847462797724,0.5206990994224001,2.275763666099221,-0.023314089356176293,0.016772847462797724,0.2800000000000001
y_cap20_top20_k2,y_score,20,2,0.2,0.0,70,2026-04-21,2026-05-07,1000000.0,1040348.0040052026,10.0,0.040348004005202665,0.040348004005202665,1.7095781693147725,5.041785606775864,-0.018737417358756114,0.040348004005202665,0.2800000000000001
y_cap20_top20_k2,y_score,20,2,0.2,0.0,71,2026-04-22,2026-05-08,1000000.0,1026606.1408197592,10.0,0.026606140819759316,0.026606140819759316,0.93810461201596,3.003641119406532,-0.03970020361873228,0.026606140819759316,0.2800000000000001
y_cap20_top20_k2,y_score,20,2,0.2,0.0,72,2026-04-23,2026-05-11,1000000.0,1024162.7264617863,10.0,0.0241627264617863,0.0241627264617863,0.825147396758529,3.4487960192102842,-0.017611612278819133,0.0241627264617863,0.2800000000000001
y_cap20_top20_k2,y_score,20,2,0.2,0.0,73,2026-04-24,2026-05-12,1000000.0,1050024.7291026323,10.0,0.05002472910263234,0.05002472910263234,2.421590934871205,6.122221148527281,-0.021062371034026195,0.05002472910263234,0.2800000000000001
y_cap20_top20_k2,y_score,20,2,0.2,0.0,74,2026-04-27,2026-05-13,1000000.0,1032809.6771988227,10.0,0.03280967719882266,0.03280967719882266,1.255856775118556,4.386775454456084,-0.024272874642014552,0.03280967719882266,0.2800000000000001
y_cap20_top20_k2,y_score,20,2,0.2,0.0,75,2026-04-28,2026-05-14,1000000.0,1017233.9157504848,10.0,0.01723391575048483,0.01723391575048483,0.5381721964438877,1.9083879301815387,-0.02761080453886655,0.01723391575048483,0.2800000000000001
y_cap20_top20_k2,y_score,20,2,0.2,0.0,76,2026-04-29,2026-05-15,1000000.0,1041398.2192523719,10.0,0.04139821925237186,0.04139821925237186,1.779355719037555,5.47639514835342,-0.026307105415048104,0.04139821925237186,0.2800000000000001
y_cap20_top20_k2,y_score,20,2,0.2,0.0,77,2026-04-30,2026-05-18,1000000.0,1032901.9831260699,10.0,0.032901983126069956,0.032901983126069956,1.2609429475549647,4.603031879930247,-0.02685432816474098,0.032901983126069956,0.2800000000000001
y_cap20_top20_k2,y_score,20,2,0.2,0.0,78,2026-05-06,2026-05-19,1000000.0,982289.1771829849,10.0,-0.01771082281701508,-0.01771082281701508,-0.36257095627526814,-2.6000820794850497,-0.03862965466021673,-0.01771082281701508,0.2800000000000001
y_cap20_top20_k2,y_score,20,2,0.2,0.0,79,2026-05-07,2026-05-20,1000000.0,998366.9094600473,10.0,-0.0016330905399527529,-0.0016330905399527529,-0.04035084249017162,-0.1535010344154694,-0.028408953349031818,-0.0016330905399527529,0.2800000000000001
zyret_cap50_top20_k0,z_y_plus_return,20,0,0.5,0.0,1,2026-01-05,2026-01-16,1000000.0,1023636.898220726,10.0,0.02363689822072601,0.02363689822072601,0.8016793069268531,3.2718738708772297,-0.02970061088499143,0.02363689822072601,0.14000000000000004
zyret_cap50_top20_k0,z_y_plus_return,20,0,0.5,0.0,2,2026-01-06,2026-01-19,1000000.0,1078227.6860642277,10.0,0.0782276860642277,0.0782276860642277,5.6727380372196565,9.086607526909033,-0.021848243453899796,0.0782276860642277,0.14000000000000004
zyret_cap50_top20_k0,z_y_plus_return,20,0,0.5,0.0,3,2026-01-07,2026-01-20,1000000.0,1015936.1684005031,10.0,0.015936168400503048,0.015936168400503048,0.48947710822789925,2.4328647837618194,-0.019795432245255706,0.015936168400503048,0.14500000000000002
zyret_cap50_top20_k0,z_y_plus_return,20,0,0.5,0.0,4,2026-01-08,2026-01-21,1000000.0,1023464.1471238246,10.0,0.023464147123824608,0.023464147123824608,0.7940327429551659,2.6908892650706444,-0.04406448643725658,0.023464147123824608,0.14500000000000002
zyret_cap50_top20_k0,z_y_plus_return,20,0,0.5,0.0,5,2026-01-09,2026-01-22,1000000.0,1044891.2679500711,10.0,0.044891267950071034,0.044891267950071034,2.0240691372578685,4.457949096640083,-0.041419796051846425,0.044891267950071034,0.14500000000000002
zyret_cap50_top20_k0,z_y_plus_return,20,0,0.5,0.0,6,2026-01-12,2026-01-23,1000000.0,1029592.6743737647,10.0,0.02959267437376467,0.02959267437376467,1.0853030841191882,4.308057706522097,-0.03457908657653108,0.02959267437376467,0.14500000000000002
zyret_cap50_top20_k0,z_y_plus_return,20,0,0.5,0.0,7,2026-01-13,2026-01-26,1000000.0,981674.0716732853,10.0,-0.018325928326714647,-0.018325928326714647,-0.37255382777618407,-1.9829972640944968,-0.037078358372789944,-0.018325928326714647,0.14
zyret_cap50_top20_k0,z_y_plus_return,20,0,0.5,0.0,8,2026-01-14,2026-01-27,1000000.0,1007289.9804619941,10.0,0.007289980461994139,0.007289980461994139,0.2008638012203321,1.2571384654542,-0.019196857584367844,0.007289980461994139,0.135
zyret_cap50_top20_k0,z_y_plus_return,20,0,0.5,0.0,9,2026-01-15,2026-01-28,1000000.0,1009410.4794203298,10.0,0.009410479420329798,0.009410479420329798,0.2662188965852088,1.9044501520030495,-0.016037191271393914,0.009410479420329798,0.14000000000000004
zyret_cap50_top20_k0,z_y_plus_return,20,0,0.5,0.0,10,2026-01-16,2026-01-29,1000000.0,997678.3641598845,10.0,-0.0023216358401154658,-0.0023216358401154658,-0.05689083768967096,-0.4515746395649772,-0.015416826085896895,-0.0023216358401154658,0.13500000000000004
zyret_cap50_top20_k0,z_y_plus_return,20,0,0.5,0.0,11,2026-01-19,2026-01-30,1000000.0,1028083.6830716798,10.0,0.028083683071679744,0.028083683071679744,1.0096357779462704,6.64262907540722,-0.012003436611491614,0.028083683071679744,0.14000000000000004
zyret_cap50_top20_k0,z_y_plus_return,20,0,0.5,0.0,12,2026-01-20,2026-02-02,1000000.0,1000850.2828233107,10.0,0.0008502828233107884,0.0008502828233107884,0.02164903492489567,0.21830047848678646,-0.033608571836060586,0.0008502828233107884,0.13500000000000004
zyret_cap50_top20_k0,z_y_plus_return,20,0,0.5,0.0,13,2026-01-21,2026-02-03,1000000.0,971734.013201131,10.0,-0.028265986798868936,-0.028265986798868936,-0.5144940110527159,-3.8547489997330358,-0.05859079945619017,-0.028265986798868936,0.14
zyret_cap50_top20_k0,z_y_plus_return,20,0,0.5,0.0,14,2026-01-22,2026-02-04,1000000.0,999317.6982410939,10.0,-0.0006823017589061564,-0.0006823017589061564,-0.01705279935417836,-0.0028750339101682927,-0.04606887659427117,-0.0006823017589061564,0.14
zyret_cap50_top20_k0,z_y_plus_return,20,0,0.5,0.0,15,2026-01-23,2026-02-05,1000000.0,989935.142943031,10.0,-0.010064857056968912,-0.010064857056968912,-0.22502106023323154,-2.3630272771837824,-0.02831765767268457,-0.010064857056968912,0.14500000000000002
zyret_cap50_top20_k0,z_y_plus_return,20,0,0.5,0.0,16,2026-01-26,2026-02-06,1000000.0,966334.7232806407,10.0,-0.03366527671935937,-0.03366527671935937,-0.5780945359998801,-6.296428272688678,-0.044275415746173,-0.03366527671935937,0.14500000000000002
zyret_cap50_top20_k0,z_y_plus_return,20,0,0.5,0.0,17,2026-01-27,2026-02-09,1000000.0,997330.5527230025,10.0,-0.002669447276997472,-0.002669447276997472,-0.06514142558397862,-0.22408894002572904,-0.04351858570101197,-0.002669447276997472,0.14500000000000002
zyret_cap50_top20_k0,z_y_plus_return,20,0,0.5,0.0,18,2026-01-28,2026-02-10,1000000.0,1004470.3894876391,10.0,0.004470389487639004,0.004470389487639004,0.11896344339891929,0.7689506539654183,-0.025105255488810485,0.004470389487639004,0.14500000000000002
zyret_cap50_top20_k0,z_y_plus_return,20,0,0.5,0.0,19,2026-01-29,2026-02-11,1000000.0,987050.6071852257,10.0,-0.012949392814774252,-0.012949392814774252,-0.279965370358367,-1.5920918421429797,-0.017084756682565816,-0.012949392814774252,0.14500000000000002
zyret_cap50_top20_k0,z_y_plus_return,20,0,0.5,0.0,20,2026-01-30,2026-02-12,1000000.0,1022394.7035979503,10.0,0.02239470359795037,0.02239470359795037,0.7473845576227764,3.1963070908308895,-0.014292963475883047,0.02239470359795037,0.14500000000000002
zyret_cap50_top20_k0,z_y_plus_return,20,0,0.5,0.0,21,2026-02-02,2026-02-13,1000000.0,1011548.819904043,10.0,0.011548819904042995,0.011548819904042995,0.33557586880371115,3.0793564628727133,-0.013793902368765876,0.011548819904042995,0.14
zyret_cap50_top20_k0,z_y_plus_return,20,0,0.5,0.0,22,2026-02-03,2026-02-24,1000000.0,1024710.4034035011,10.0,0.024710403403501058,0.024710403403501058,0.849902607328946,7.047338727522261,-0.0063805572436750335,0.024710403403501058,0.14500000000000002
zyret_cap50_top20_k0,z_y_plus_return,20,0,0.5,0.0,23,2026-02-04,2026-02-25,1000000.0,1044379.4411404886,10.0,0.04437944114048853,0.04437944114048853,1.9869607368917057,10.180387303551468,-0.006349774743371617,0.04437944114048853,0.14500000000000002
zyret_cap50_top20_k0,z_y_plus_return,20,0,0.5,0.0,24,2026-02-05,2026-02-26,1000000.0,1017446.893124522,10.0,0.017446893124521967,0.017446893124521967,0.5463083427349549,8.07868671728527,-0.004483247058922446,0.017446893124521967,0.14
zyret_cap50_top20_k0,z_y_plus_return,20,0,0.5,0.0,25,2026-02-06,2026-02-27,1000000.0,1040292.67313291,10.0,0.04029267313291007,0.04029267313291007,1.7059489631157252,7.738631324441827,-0.005658035327643196,0.04029267313291007,0.14
zyret_cap50_top20_k0,z_y_plus_return,20,0,0.5,0.0,26,2026-02-09,2026-03-02,1000000.0,1042245.7159943238,10.0,0.04224571599432392,0.04224571599432392,1.8369193603438099,10.659645811163868,-0.004932225767698695,0.04224571599432392,0.14000000000000004
zyret_cap50_top20_k0,z_y_plus_return,20,0,0.5,0.0,27,2026-02-10,2026-03-03,1000000.0,1004978.9357096346,10.0,0.004978935709634591,0.004978935709634591,0.13332734749933017,0.7788332737789683,-0.030406511474406983,0.004978935709634591,0.135
zyret_cap50_top20_k0,z_y_plus_return,20,0,0.5,0.0,28,2026-02-11,2026-03-04,1000000.0,1008263.9111646557,10.0,0.008263911164655635,0.008263911164655635,0.2304682533535667,0.8718606427313055,-0.047514298626184504,0.008263911164655635,0.135
zyret_cap50_top20_k0,z_y_plus_return,20,0,0.5,0.0,29,2026-02-12,2026-03-05,1000000.0,984666.3289472685,10.0,-0.015333671052731424,-0.015333671052731424,-0.3225379062255709,-2.3027878117427503,-0.02815431884765629,-0.015333671052731424,0.14000000000000004
zyret_cap50_top20_k0,z_y_plus_return,20,0,0.5,0.0,30,2026-02-13,2026-03-06,1000000.0,970663.9625849341,10.0,-0.029336037415065963,-0.029336037415065963,-0.5277886377384778,-7.598375821626989,-0.024832453246094732,-0.029336037415065963,0.14
zyret_cap50_top20_k0,z_y_plus_return,20,0,0.5,0.0,31,2026-02-24,2026-03-09,1000000.0,979895.555960113,10.0,-0.020104444039887093,-0.020104444039887093,-0.4005807873097553,-1.6872007687227188,-0.04982096106347178,-0.020104444039887093,0.14
zyret_cap50_top20_k0,z_y_plus_return,20,0,0.5,0.0,32,2026-02-25,2026-03-10,1000000.0,982660.6866295647,10.0,-0.01733931337043526,-0.01733931337043526,-0.3564678402866317,-1.5303445735871997,-0.05648203381803474,-0.01733931337043526,0.135
zyret_cap50_top20_k0,z_y_plus_return,20,0,0.5,0.0,33,2026-02-26,2026-03-11,1000000.0,982858.9411991357,10.0,-0.01714105880086425,-0.01714105880086425,-0.3531880129283931,-2.064596436318239,-0.04289414886837106,-0.01714105880086425,0.14500000000000002
zyret_cap50_top20_k0,z_y_plus_return,20,0,0.5,0.0,34,2026-02-27,2026-03-12,1000000.0,1007443.9767469381,10.0,0.007443976746938086,0.007443976746938086,0.20549884263709917,1.001622738011702,-0.03334647706994731,0.007443976746938086,0.14
zyret_cap50_top20_k0,z_y_plus_return,20,0,0.5,0.0,35,2026-03-02,2026-03-13,1000000.0,974135.7863821802,10.0,-0.025864213617819876,-0.025864213617819876,-0.48333225180465555,-3.6880979971478642,-0.035137830916677326,-0.025864213617819876,0.14
zyret_cap50_top20_k0,z_y_plus_return,20,0,0.5,0.0,36,2026-03-03,2026-03-16,1000000.0,960154.4731800727,10.0,-0.03984552681992726,-0.03984552681992726,-0.6410814035840748,-3.328324557251883,-0.02540667257481466,-0.03984552681992726,0.14000000000000004
zyret_cap50_top20_k0,z_y_plus_return,20,0,0.5,0.0,37,2026-03-04,2026-03-17,1000000.0,1027123.5777832848,10.0,0.02712357778328478,0.02712357778328478,0.9628721156726059,2.842636524867861,-0.03520790643707916,0.02712357778328478,0.14500000000000002
zyret_cap50_top20_k0,z_y_plus_return,20,0,0.5,0.0,38,2026-03-05,2026-03-18,1000000.0,953848.6844242748,10.0,-0.04615131557572516,-0.04615131557572516,-0.6959933923377684,-8.084784408534125,-0.05082923608988854,-0.04615131557572516,0.14500000000000002
zyret_cap50_top20_k0,z_y_plus_return,20,0,0.5,0.0,39,2026-03-06,2026-03-19,1000000.0,978315.1702315013,10.0,-0.021684829768498615,-0.021684829768498615,-0.42447332619387723,-3.995099391317549,-0.041610634517948,-0.021684829768498615,0.14
zyret_cap50_top20_k0,z_y_plus_return,20,0,0.5,0.0,40,2026-03-09,2026-03-20,1000000.0,957706.8863024088,10.0,-0.042293113697591256,-0.042293113697591256,-0.6634405597810688,-5.450387123851956,-0.06687914140177231,-0.042293113697591256,0.14500000000000002
zyret_cap50_top20_k0,z_y_plus_return,20,0,0.5,0.0,41,2026-03-10,2026-03-23,1000000.0,938744.9807789006,10.0,-0.06125501922109944,-0.06125501922109944,-0.7966705786945927,-6.995977680818573,-0.08831660402337871,-0.06125501922109944,0.12500000000000003
zyret_cap50_top20_k0,z_y_plus_return,20,0,0.5,0.0,42,2026-03-11,2026-03-24,1000000.0,972911.5001074236,10.0,-0.027088499892576334,-0.027088499892576334,-0.4994492801785345,-3.3125278348721734,-0.060452229555565395,-0.027088499892576334,0.14
zyret_cap50_top20_k0,z_y_plus_return,20,0,0.5,0.0,43,2026-03-12,2026-03-25,1000000.0,945175.281278482,10.0,-0.05482471872151795,-0.05482471872151795,-0.7585032161855417,-5.930683401486065,-0.08401334838449781,-0.05482471872151795,0.14
zyret_cap50_top20_k0,z_y_plus_return,20,0,0.5,0.0,44,2026-03-13,2026-03-26,1000000.0,938792.1682188248,10.0,-0.06120783178117517,-0.06120783178117517,-0.7964128613045324,-6.414838328980601,-0.06659412360491901,-0.06120783178117517,0.135
zyret_cap50_top20_k0,z_y_plus_return,20,0,0.5,0.0,45,2026-03-16,2026-03-27,1000000.0,934917.0903970026,10.0,-0.06508290960299734,-0.06508290960299734,-0.8165650481811532,-6.702968879654412,-0.06478310697554901,-0.06508290960299734,0.14500000000000002
zyret_cap50_top20_k0,z_y_plus_return,20,0,0.5,0.0,46,2026-03-17,2026-03-30,1000000.0,979598.1239137037,10.0,-0.02040187608629629,-0.02040187608629629,-0.4051489853565514,-2.276927923704661,-0.05654879226289522,-0.02040187608629629,0.14500000000000002
zyret_cap50_top20_k0,z_y_plus_return,20,0,0.5,0.0,47,2026-03-18,2026-03-31,1000000.0,972201.285658955,10.0,-0.027798714341044972,-0.027798714341044972,-0.5085763936722646,-2.4892155817343555,-0.05525013136793666,-0.027798714341044972,0.14500000000000002
zyret_cap50_top20_k0,z_y_plus_return,20,0,0.5,0.0,48,2026-03-19,2026-04-01,1000000.0,971273.8172032229,10.0,-0.028726182796777078,-0.028726182796777078,-0.5202550908794861,-2.6148918761449114,-0.05717527916386944,-0.028726182796777078,0.14500000000000002
zyret_cap50_top20_k0,z_y_plus_return,20,0,0.5,0.0,49,2026-03-20,2026-04-02,1000000.0,999204.5368726355,10.0,-0.0007954631273645596,-0.0007954631273645596,-0.019853910820540333,0.07545031041853831,-0.021733212911486666,-0.0007954631273645596,0.14500000000000002
zyret_cap50_top20_k0,z_y_plus_return,20,0,0.5,0.0,50,2026-03-23,2026-04-03,1000000.0,989882.9442355725,10.0,-0.010117055764427563,-0.010117055764427563,-0.2260501810945854,-0.7706006093896458,-0.03997486675664097,-0.010117055764427563,0.14500000000000002
zyret_cap50_top20_k0,z_y_plus_return,20,0,0.5,0.0,51,2026-03-24,2026-04-07,1000000.0,975362.8939242457,10.0,-0.02463710607575431,-0.02463710607575431,-0.4666786316824677,-2.511854504777793,-0.058494154108989393,-0.02463710607575431,0.14500000000000002
zyret_cap50_top20_k0,z_y_plus_return,20,0,0.5,0.0,52,2026-03-25,2026-04-08,1000000.0,1023255.0379501322,10.0,0.023255037950132174,0.023255037950132174,0.7848185339461198,3.3757032153161792,-0.02150922651032594,0.023255037950132174,0.14500000000000002
zyret_cap50_top20_k0,z_y_plus_return,20,0,0.5,0.0,53,2026-03-26,2026-04-09,1000000.0,1010754.5211297533,10.0,0.01075452112975328,0.01075452112975328,0.3093973390680369,1.3459856652716369,-0.0277935498279549,0.01075452112975328,0.14500000000000002
zyret_cap50_top20_k0,z_y_plus_return,20,0,0.5,0.0,54,2026-03-27,2026-04-10,1000000.0,1066109.4240819083,10.0,0.06610942408190823,0.06610942408190823,4.018858094661277,9.111367934713664,-0.0210065586452175,0.06610942408190823,0.14500000000000002
zyret_cap50_top20_k0,z_y_plus_return,20,0,0.5,0.0,55,2026-03-30,2026-04-13,1000000.0,1038361.1845768949,10.0,0.03836118457689475,0.03836118457689475,1.5821461474027152,6.0747808856355014,-0.022905620288101836,0.03836118457689475,0.14
zyret_cap50_top20_k0,z_y_plus_return,20,0,0.5,0.0,56,2026-03-31,2026-04-14,1000000.0,1021651.6958980873,10.0,0.021651695898087242,0.021651695898087242,0.7156633670324184,3.561723958075572,-0.027394940119399802,0.021651695898087242,0.14500000000000002
zyret_cap50_top20_k0,z_y_plus_return,20,0,0.5,0.0,57,2026-04-01,2026-04-15,1000000.0,1019717.201325901,10.0,0.019717201325901046,0.019717201325901046,0.635647005935245,2.1123213671051126,-0.0340620286652078,0.019717201325901046,0.14500000000000002
zyret_cap50_top20_k0,z_y_plus_return,20,0,0.5,0.0,58,2026-04-02,2026-04-16,1000000.0,1022224.5330430856,10.0,0.022224533043085692,0.022224533043085692,0.7400701282505768,2.9907795562361343,-0.02077211781680588,0.022224533043085692,0.14500000000000002
zyret_cap50_top20_k0,z_y_plus_return,20,0,0.5,0.0,59,2026-04-03,2026-04-17,1000000.0,1057356.1179274227,10.0,0.05735611792742268,0.05735611792742268,3.0773342810611624,7.657609696968781,-0.0008751151482202513,0.05735611792742268,0.14
zyret_cap50_top20_k0,z_y_plus_return,20,0,0.5,0.0,60,2026-04-07,2026-04-20,1000000.0,1072084.8875971432,10.0,0.07208488759714315,0.07208488759714315,4.777968739485532,18.839801611889786,-0.0072809105487169345,0.07208488759714315,0.14500000000000002
zyret_cap50_top20_k0,z_y_plus_return,20,0,0.5,0.0,61,2026-04-08,2026-04-21,1000000.0,1048518.8652998352,10.0,0.04851886529983518,0.04851886529983518,2.300057224634928,10.217238285942354,-0.009967061386406462,0.04851886529983518,0.14500000000000002
zyret_cap50_top20_k0,z_y_plus_return,20,0,0.5,0.0,62,2026-04-09,2026-04-22,1000000.0,1037006.886221209,10.0,0.03700688622120896,0.03700688622120896,1.498603454603919,7.197586805528326,-0.010904266194403212,0.03700688622120896,0.14
zyret_cap50_top20_k0,z_y_plus_return,20,0,0.5,0.0,63,2026-04-10,2026-04-23,1000000.0,998805.0702911216,10.0,-0.0011949297088783561,-0.0011949297088783561,-0.029680843232340548,-0.18628307079857395,-0.0175282430583239,-0.0011949297088783561,0.14500000000000002
zyret_cap50_top20_k0,z_y_plus_return,20,0,0.5,0.0,64,2026-04-13,2026-04-24,1000000.0,1000236.9273739359,10.0,0.00023692737393599117,0.00023692737393599117,0.005987717782370616,0.11444714422468875,-0.022063065927842684,0.00023692737393599117,0.14500000000000002
zyret_cap50_top20_k0,z_y_plus_return,20,0,0.5,0.0,65,2026-04-14,2026-04-27,1000000.0,1014545.3463672961,10.0,0.014545346367295986,0.014545346367295986,0.43893398852531407,2.559239882499666,-0.020668252305968582,0.014545346367295986,0.14
zyret_cap50_top20_k0,z_y_plus_return,20,0,0.5,0.0,66,2026-04-15,2026-04-28,1000000.0,1011018.4684630467,10.0,0.011018468463046771,0.011018468463046771,0.3180413729240623,1.5134896876663906,-0.031778168374857474,0.011018468463046771,0.14
zyret_cap50_top20_k0,z_y_plus_return,20,0,0.5,0.0,67,2026-04-16,2026-04-29,1000000.0,999210.5492314219,10.0,-0.0007894507685780594,-0.0007894507685780594,-0.019705278429526074,-0.0029159799292513993,-0.028022317276589437,-0.0007894507685780594,0.14
zyret_cap50_top20_k0,z_y_plus_return,20,0,0.5,0.0,68,2026-04-17,2026-04-30,1000000.0,986514.7785079239,10.0,-0.013485221492076094,-0.013485221492076094,-0.2897510358422405,-1.3644139820052017,-0.054287960070138586,-0.013485221492076094,0.14500000000000002
zyret_cap50_top20_k0,z_y_plus_return,20,0,0.5,0.0,69,2026-04-20,2026-05-06,1000000.0,1004081.7100438648,10.0,0.004081710043864817,0.004081710043864817,0.10810321917769672,0.6833580436777419,-0.028529991671232602,0.004081710043864817,0.14500000000000002
zyret_cap50_top20_k0,z_y_plus_return,20,0,0.5,0.0,70,2026-04-21,2026-05-07,1000000.0,986918.2444814525,10.0,-0.013081755518547511,-0.013081755518547511,-0.28239463935444997,-1.375549831269592,-0.042316524456686544,-0.013081755518547511,0.14500000000000002
zyret_cap50_top20_k0,z_y_plus_return,20,0,0.5,0.0,71,2026-04-22,2026-05-08,1000000.0,988952.2131990283,10.0,-0.011047786800971737,-0.011047786800971737,-0.2441811319931586,-1.4889773368101318,-0.049819973436140086,-0.011047786800971737,0.14500000000000002
zyret_cap50_top20_k0,z_y_plus_return,20,0,0.5,0.0,72,2026-04-23,2026-05-11,1000000.0,1014290.9725346888,10.0,0.014290972534688695,0.014290972534688695,0.42986987413757394,2.5616481469741927,-0.018732480968648546,0.014290972534688695,0.14000000000000004
zyret_cap50_top20_k0,z_y_plus_return,20,0,0.5,0.0,73,2026-04-24,2026-05-12,1000000.0,1032107.7281382021,10.0,0.03210772813820206,0.03210772813820206,1.2175363855285966,4.62273550301233,-0.018377752458229146,0.03210772813820206,0.14500000000000002
zyret_cap50_top20_k0,z_y_plus_return,20,0,0.5,0.0,74,2026-04-27,2026-05-13,1000000.0,1051724.934750313,10.0,0.051724934750313034,0.051724934750313034,2.5639753874370688,9.964488147342369,-0.011258242347240488,0.051724934750313034,0.14500000000000002
zyret_cap50_top20_k0,z_y_plus_return,20,0,0.5,0.0,75,2026-04-28,2026-05-14,1000000.0,1007876.4365663683,10.0,0.007876436566368383,0.007876436566368383,0.21860723989030384,1.317116468675717,-0.022449613109911115,0.007876436566368383,0.14500000000000002
zyret_cap50_top20_k0,z_y_plus_return,20,0,0.5,0.0,76,2026-04-29,2026-05-15,1000000.0,1013908.4865064647,10.0,0.013908486506464701,0.013908486506464701,0.4163438642650805,1.7263846566832257,-0.04169785388317315,0.013908486506464701,0.14
zyret_cap50_top20_k0,z_y_plus_return,20,0,0.5,0.0,77,2026-04-30,2026-05-18,1000000.0,1055505.0185651323,10.0,0.055505018565132236,0.055505018565132236,2.901212658876166,8.3075844149874,-0.02734402702624028,0.055505018565132236,0.14500000000000002
zyret_cap50_top20_k0,z_y_plus_return,20,0,0.5,0.0,78,2026-05-06,2026-05-19,1000000.0,974171.842462296,10.0,-0.025828157537703955,-0.025828157537703955,-0.4828501203995993,-3.847617022190338,-0.05034904056913503,-0.025828157537703955,0.14
zyret_cap50_top20_k0,z_y_plus_return,20,0,0.5,0.0,79,2026-05-07,2026-05-20,1000000.0,985762.8235303995,10.0,-0.014237176469600543,-0.014237176469600543,-0.30326861823675644,-2.8446472961201823,-0.03076933626515821,-0.014237176469600543,0.14000000000000004
