score_variant,top_n,daily_replace_k,cap_min_pct,cap_bonus,val_period_return,val_sharpe,val_max_drawdown,val_turnover_mean,hold_period_return,hold_sharpe,hold_max_drawdown,hold_turnover_mean,val_excess_equal,hold_excess_equal
y_score,10,0,0.0,0.0,0.08454660500244304,1.2309974069042706,-0.11475609969418077,0.1056818181818182,-0.05684336201892404,-8.368787762838291,-0.05550981550932732,0.25000000000000006,-0.030156573403318676,-0.014896712467532436
y_score,10,0,0.0,0.25,0.0768049482600146,1.4404066277253529,-0.07923423066024371,0.10681818181818183,-0.03799303800058762,-6.589782862201808,-0.044606812864456,0.25000000000000006,-0.037898230145747114,0.0039536115508039815
y_score,10,0,0.0,0.5,0.014447232823124878,0.40022488095575376,-0.061615803134295266,0.0715909090909091,-0.0045168298447170185,-1.4942524832965514,-0.010936386327146996,0.20000000000000004,-0.10025594558263684,0.03742981970667458
y_score,10,0,0.0,1.0,0.025957218157393935,0.6491043785094374,-0.058901491212124624,0.02727272727272728,0.0023079832263050992,2.3620120326738587,-0.0024792022033780503,0.20000000000000004,-0.08874596024836778,0.0442546327776967
y_score,10,0,0.2,0.0,0.07538441635210069,1.2302292765529192,-0.09485868873734626,0.1056818181818182,-0.020933515534072966,-3.046768815984706,-0.039991729069314474,0.25000000000000006,-0.03931876205366103,0.021013134017318635
y_score,10,0,0.2,0.25,0.0666953880961969,1.268618878324269,-0.07417924464975689,0.10795454545454546,-0.020271788606290198,-3.6391446473148577,-0.036730438652949005,0.25000000000000006,-0.04800779030956481,0.021674860945101404
y_score,10,0,0.2,0.5,0.019995241980007794,0.5266133311353958,-0.05917404241311719,0.07045454545454546,-0.0045168298447170185,-1.4942524832965514,-0.010936386327146996,0.20000000000000004,-0.09470793642575392,0.03742981970667458
y_score,10,0,0.2,1.0,0.025957218157393935,0.6491043785094374,-0.058901491212124624,0.02727272727272728,0.0023079832263050992,2.3620120326738587,-0.0024792022033780503,0.20000000000000004,-0.08874596024836778,0.0442546327776967
y_score,10,0,0.5,0.0,0.0668196562074761,1.2270624934833434,-0.07689467359117241,0.10227272727272728,-0.021005468734411226,-5.366564538371794,-0.026821286790752352,0.25000000000000006,-0.04788352219828562,0.020941180816980376
y_score,10,0,0.5,0.25,0.05668459097686318,1.2039632538132745,-0.05467074724223209,0.10340909090909091,-0.017601593940472227,-5.733602479924747,-0.01851805525593342,0.25000000000000006,-0.05801858742889854,0.024345055610919375
y_score,10,0,0.5,0.5,0.019995241980007794,0.5266133311353958,-0.05917404241311719,0.07045454545454546,-0.0045168298447170185,-1.4942524832965514,-0.010936386327146996,0.20000000000000004,-0.09470793642575392,0.03742981970667458
y_score,10,0,0.5,1.0,0.025957218157393935,0.6491043785094374,-0.058901491212124624,0.02727272727272728,0.0023079832263050992,2.3620120326738587,-0.0024792022033780503,0.20000000000000004,-0.08874596024836778,0.0442546327776967
y_score,10,0,0.8,0.0,-0.06346851564044209,-1.324795176205878,-0.10307604987496644,0.09886363636363636,-0.04143224600831252,-21.291753869152494,-0.029028743216647612,0.2166666666666667,-0.1781716940462038,0.0005144035430790783
y_score,10,0,0.8,0.25,-0.014850490387422033,-0.2739806286528662,-0.07075378142532218,0.1,-0.03838593806716306,-22.040380634629827,-0.0281331462487886,0.2166666666666667,-0.12955366879318375,0.0035607114842285403
y_score,10,0,0.8,0.5,0.019609295962309092,0.5190545727031242,-0.05911114563467257,0.06931818181818182,-0.03162373520384121,-22.383134693923257,-0.021042472226838194,0.18333333333333335,-0.09509388244345263,0.010322914347550394
y_score,10,0,0.8,1.0,0.025957218157393935,0.6491043785094374,-0.058901491212124624,0.02727272727272728,0.0023079832263050992,2.3620120326738587,-0.0024792022033780503,0.20000000000000004,-0.08874596024836778,0.0442546327776967
y_score,10,1,0.0,0.0,0.04561181771421485,0.6447266665130393,-0.14383330446978448,0.20909090909090908,-0.054066158897760896,-7.40157693929521,-0.0579446929660179,0.3333333333333333,-0.06909136069154687,-0.012119509346369295
y_score,10,1,0.0,0.25,0.057805858720093806,0.9673247232581785,-0.0971192525536052,0.20909090909090908,-0.0475679714022037,-9.169584835019897,-0.04683871415630936,0.3333333333333333,-0.05689731968566791,-0.0056213218508121
y_score,10,1,0.0,0.5,0.013687145936566614,0.3732418360246808,-0.0643840715110231,0.20909090909090908,-0.01987941539561089,-17.48085846451217,-0.011003847691733237,0.3333333333333333,-0.1010160324691951,0.022067234155780713
y_score,10,1,0.0,1.0,-0.030867203106152763,-0.6462796159516397,-0.06682829723726036,0.20909090909090908,-0.009258081699502263,-9.376830239127068,-0.007022771680522455,0.3333333333333333,-0.14557038151191448,0.03268856785188934
y_score,10,1,0.2,0.0,0.10072621678387517,1.3797401169363508,-0.0905331907016732,0.20909090909090908,-0.050219168241245504,-11.563059927800165,-0.045743405108120805,0.3333333333333333,-0.013976961621886552,-0.008272518689853903
y_score,10,1,0.2,0.25,0.1138918725363951,1.8830031823444644,-0.07859062173971132,0.20909090909090908,-0.03865855015404629,-10.333843467992773,-0.03831799177990569,0.3333333333333333,-0.0008113058693666186,0.003288099397345312
y_score,10,1,0.2,0.5,0.005414177159475786,0.18426585689322827,-0.06046675530936585,0.20909090909090908,-0.01987941539561089,-17.48085846451217,-0.011003847691733237,0.3333333333333333,-0.10928900124628593,0.022067234155780713
y_score,10,1,0.2,1.0,-0.030867203106152763,-0.6462796159516397,-0.06682829723726036,0.20909090909090908,-0.009258081699502263,-9.376830239127068,-0.007022771680522455,0.3333333333333333,-0.14557038151191448,0.03268856785188934
y_score,10,1,0.5,0.0,0.07311688732938415,1.0489328196409258,-0.11121089393155603,0.20909090909090908,-0.03985766879109398,-13.041759296005472,-0.033126892488796744,0.3333333333333333,-0.04158629107637757,0.0020889807602976207
y_score,10,1,0.5,0.25,0.029144473166459184,0.5923042458194593,-0.07289888952946721,0.20909090909090908,-0.02805729422373271,-11.330644050321334,-0.01986328150220562,0.3333333333333333,-0.08555870523930253,0.013889355327658892
y_score,10,1,0.5,0.5,0.012339361678116223,0.33882766350200005,-0.05702232057185974,0.20909090909090908,-0.01987941539561089,-17.48085846451217,-0.011003847691733237,0.3333333333333333,-0.1023638167276455,0.022067234155780713
y_score,10,1,0.5,1.0,-0.030867203106152763,-0.6462796159516397,-0.06682829723726036,0.20909090909090908,-0.009258081699502263,-9.376830239127068,-0.007022771680522455,0.3333333333333333,-0.14557038151191448,0.03268856785188934
y_score,10,1,0.8,0.0,-0.023169152461335663,-0.3000532132644112,-0.10652105288650981,0.20909090909090908,-0.04194762462167978,-22.488812563288626,-0.029550790633595003,0.3333333333333333,-0.13787233086709738,-9.750702881783369e-07
y_score,10,1,0.8,0.25,-0.001770636649355839,0.04111338066996534,-0.08681738502615455,0.20909090909090908,-0.04271429728559595,-27.355068941655457,-0.03250765471538497,0.3333333333333333,-0.11647381505511756,-0.0007676477342043464
y_score,10,1,0.8,0.5,0.005557262465391233,0.18935685756115736,-0.06033304583441679,0.20909090909090908,-0.028358576256535928,-21.15289851478271,-0.01774163550970409,0.3333333333333333,-0.10914591594037049,0.013588073294855674
y_score,10,1,0.8,1.0,-0.030867203106152763,-0.6462796159516397,-0.06682829723726036,0.20909090909090908,-0.009258081699502263,-9.376830239127068,-0.007022771680522455,0.3333333333333333,-0.14557038151191448,0.03268856785188934
y_score,10,2,0.0,0.0,0.0739354357770512,0.9528613560880264,-0.14214902408142038,0.4068181818181818,-0.05906337452776267,-8.637164793271607,-0.0585716592066966,0.49999999999999994,-0.040767742628710524,-0.017116724976371067
y_score,10,2,0.0,0.25,0.10156839020187136,1.49767082118461,-0.10764815936749272,0.4068181818181818,-0.04223933240111388,-7.391049081774972,-0.0472758279279184,0.49999999999999994,-0.013134788203890357,-0.0002926828497222811
y_score,10,2,0.0,0.5,0.0018768619080047344,0.1083836550647614,-0.070573926678835,0.4068181818181818,-0.01895801214455628,-17.076575090819965,-0.010074100592925905,0.49999999999999994,-0.11282631649775698,0.02298863740683532
y_score,10,2,0.0,1.0,-0.028259173159837614,-0.6345019908344205,-0.06550899100704699,0.4068181818181818,-0.005936745430847323,-3.749435974547388,-0.010422497831965138,0.49999999999999994,-0.14296235156559933,0.03600990412054428
y_score,10,2,0.2,0.0,0.11101100867676506,1.5353642264126552,-0.10845925010365665,0.4068181818181818,-0.03785025090845939,-6.780109792982208,-0.046699924249106406,0.49999999999999994,-0.0036921697289966637,0.004096398642932209
y_score,10,2,0.2,0.25,0.09820005014039834,1.5753248081467808,-0.10195323269324719,0.4068181818181818,-0.0344427407810427,-8.840777528224024,-0.03635177130516887,0.49999999999999994,-0.016503128265363376,0.007503908770348899
y_score,10,2,0.2,0.5,-0.0015990623189913178,0.03842237324227767,-0.07168010637280187,0.4068181818181818,-0.01895801214455628,-17.076575090819965,-0.010074100592925905,0.49999999999999994,-0.11630224072475304,0.02298863740683532
y_score,10,2,0.2,1.0,-0.028259173159837614,-0.6345019908344205,-0.06550899100704699,0.4068181818181818,-0.005936745430847323,-3.749435974547388,-0.010422497831965138,0.49999999999999994,-0.14296235156559933,0.03600990412054428
y_score,10,2,0.5,0.0,0.07302097053876411,1.1664554517695387,-0.08460655826647445,0.4068181818181818,-0.037098739496234545,-9.950884312789821,-0.033667588066540466,0.49999999999999994,-0.04168220786699761,0.004847910055157056
y_score,10,2,0.5,0.25,0.0981154607187833,1.607734116989985,-0.07799264611688694,0.4068181818181818,-0.02632545036534939,-10.075464758575832,-0.022160756685600358,0.49999999999999994,-0.01658771768697842,0.015621199186042212
y_score,10,2,0.5,0.5,-0.011160548279646632,-0.1732020962249516,-0.070722394709268,0.4068181818181818,-0.01895801214455628,-17.076575090819965,-0.010074100592925905,0.49999999999999994,-0.12586372668540835,0.02298863740683532
y_score,10,2,0.5,1.0,-0.028259173159837614,-0.6345019908344205,-0.06550899100704699,0.4068181818181818,-0.005936745430847323,-3.749435974547388,-0.010422497831965138,0.49999999999999994,-0.14296235156559933,0.03600990412054428
y_score,10,2,0.8,0.0,0.07054310576151734,1.1318382330360142,-0.11126926252065572,0.4068181818181818,-0.045916088176631176,-20.303748251308274,-0.03357060460021777,0.49999999999999994,-0.044160072644244375,-0.003969438625239574
y_score,10,2,0.8,0.25,0.03630590339003903,0.6899972719713249,-0.10955492951939061,0.4068181818181818,-0.04606031198484639,-29.677105213343488,-0.035889344841493975,0.49999999999999994,-0.07839727501572269,-0.00411366243345479
y_score,10,2,0.8,0.5,-0.009131723450251372,-0.13161799913770372,-0.06903353318086158,0.4068181818181818,-0.036632966908792586,-30.310445384457566,-0.026106438852408487,0.49999999999999994,-0.12383490185601309,0.005313682642599016
y_score,10,2,0.8,1.0,-0.028259173159837614,-0.6345019908344205,-0.06550899100704699,0.4068181818181818,-0.005936745430847323,-3.749435974547388,-0.010422497831965138,0.49999999999999994,-0.14296235156559933,0.03600990412054428
y_score,10,3,0.0,0.0,0.03562032750309996,0.5453349238677883,-0.13461468826322942,0.6045454545454544,-0.0645914067027733,-9.86902188989853,-0.06118875587101891,0.6666666666666666,-0.07908285090266176,-0.0226447571513817
y_score,10,3,0.0,0.25,0.13975333013130498,1.8900403473057672,-0.10725693104883494,0.6045454545454544,-0.03933873639296792,-7.17867758140056,-0.04310562891763392,0.6666666666666666,0.025050151725543257,0.0026079131584236803
y_score,10,3,0.0,0.5,0.0292026013872404,0.6512820881857023,-0.06011556791831929,0.6045454545454544,-0.02185019326190696,-12.516367272826395,-0.014783156622761195,0.6666666666666666,-0.08550057701852132,0.020096456289484643
y_score,10,3,0.0,1.0,-0.0626855854054219,-1.6280161641747346,-0.08460582965961272,0.6045454545454544,-0.0005402296432269749,-0.21582380045250957,-0.00961251430482235,0.6666666666666666,-0.17738876381118363,0.04140641990816463
y_score,10,3,0.2,0.0,0.10488662794448778,1.378793446496131,-0.1298840760580262,0.6045454545454544,-0.02885759470738014,-4.500200082163965,-0.046543987357956174,0.6666666666666666,-0.009816550461273943,0.01308905484401146
y_score,10,3,0.2,0.25,0.10707019813232721,1.6408969117329246,-0.10161144768788022,0.6045454545454544,-0.02541845511377827,-5.108809942998193,-0.03871636365043529,0.6666666666666666,-0.007632980273434509,0.01652819443761333
y_score,10,3,0.2,0.5,0.04201669521256424,0.886749212426295,-0.053729593314483015,0.6045454545454544,-0.02185019326190696,-12.516367272826395,-0.014783156622761195,0.6666666666666666,-0.07268648319319748,0.020096456289484643
y_score,10,3,0.2,1.0,-0.0626855854054219,-1.6280161641747346,-0.08460582965961272,0.6045454545454544,-0.0005402296432269749,-0.21582380045250957,-0.00961251430482235,0.6666666666666666,-0.17738876381118363,0.04140641990816463
y_score,10,3,0.5,0.0,0.06481591884648963,1.003449326349709,-0.10389284610444827,0.6045454545454544,-0.03685698142702454,-10.69602843766888,-0.03020200089935876,0.6666666666666666,-0.04988725955927209,0.005089668124367064
y_score,10,3,0.5,0.25,0.06295415641396351,1.1020097375736977,-0.10476254780749572,0.6045454545454544,-0.030986219762933587,-12.859390318853237,-0.025238002556309702,0.6666666666666666,-0.051749021991798205,0.010960429788458015
y_score,10,3,0.5,0.5,0.04772457485631043,0.9993916085238767,-0.05372959331448324,0.6045454545454544,-0.02185019326190696,-12.516367272826395,-0.014783156622761195,0.6666666666666666,-0.06697860354945129,0.020096456289484643
y_score,10,3,0.5,1.0,-0.0626855854054219,-1.6280161641747346,-0.08460582965961272,0.6045454545454544,-0.0005402296432269749,-0.21582380045250957,-0.00961251430482235,0.6666666666666666,-0.17738876381118363,0.04140641990816463
y_score,10,3,0.8,0.0,0.1160608790028046,1.7835771105358553,-0.09711748689199418,0.6045454545454544,-0.04881011545559,-18.529950236837305,-0.03650207949337425,0.6666666666666666,0.0013577005970428768,-0.006863465904198396
y_score,10,3,0.8,0.25,0.047379402631804846,0.8780361196785207,-0.11231882339525323,0.6045454545454544,-0.036453256214144525,-17.988057797172615,-0.02617985801585676,0.6666666666666666,-0.06732377577395687,0.005493393337247077
y_score,10,3,0.8,0.5,0.054119749994268496,1.1347835813936682,-0.05372959331448335,0.6045454545454544,-0.033686460311724065,-21.95485952973625,-0.023127736339041194,0.6666666666666666,-0.06058342841149322,0.008260189239667537
y_score,10,3,0.8,1.0,-0.0626855854054219,-1.6280161641747346,-0.08460582965961272,0.6045454545454544,-0.0005402296432269749,-0.21582380045250957,-0.00961251430482235,0.6666666666666666,-0.17738876381118363,0.04140641990816463
y_score,10,5,0.0,0.0,-0.009401367448663378,0.0011825540301840585,-0.1511589716520627,1.0,-0.05669437213064077,-7.500075746358006,-0.062460468976147876,1.0,-0.1241045458544251,-0.014747722579249167
y_score,10,5,0.0,0.25,0.050904492713651495,0.791191762253507,-0.11332482139587319,1.0,-0.0488054752019107,-8.75817108439663,-0.05076816637829862,1.0,-0.06379868569211022,-0.006858825650519096
y_score,10,5,0.0,0.5,-0.028571031553002335,-0.4888618820264773,-0.11317684134558958,1.0,-0.02300968818955007,-11.907428639912244,-0.01700556806593223,1.0,-0.14327420995876405,0.01893696136184153
y_score,10,5,0.0,1.0,-0.09747339388432374,-2.3055354602902947,-0.11272578706785885,1.0,-0.0034869572817058936,-0.8995793155312922,-0.01881636814341714,1.0,-0.21217657229008546,0.03845969226968571
y_score,10,5,0.2,0.0,0.1307029431502129,1.7793443516915388,-0.08428137859585638,1.0,-0.02921076696169278,-4.867859712816309,-0.04427521849878291,1.0,0.015999764744451195,0.012735882589698821
y_score,10,5,0.2,0.25,0.08023703283816297,1.2244065862033433,-0.11660277954671339,1.0,-0.029599041983832675,-6.6619950338724445,-0.03828020171138957,1.0,-0.03446614556759875,0.012347607567558927
y_score,10,5,0.2,0.5,-0.024814085162139565,-0.4217597901135016,-0.10684293685950519,1.0,-0.02300968818955007,-11.907428639912244,-0.01700556806593223,1.0,-0.13951726356790128,0.01893696136184153
y_score,10,5,0.2,1.0,-0.09747339388432374,-2.3055354602902947,-0.11272578706785885,1.0,-0.0034869572817058936,-0.8995793155312922,-0.01881636814341714,1.0,-0.21217657229008546,0.03845969226968571
y_score,10,5,0.5,0.0,0.05550470737359059,0.8982058445973073,-0.10065504314714868,1.0,-0.037626415160989635,-10.60356573359586,-0.03112359878385329,1.0,-0.05919847103217113,0.004320234390401967
y_score,10,5,0.5,0.25,0.038956360730936224,0.7076967681847546,-0.09843195120430093,1.0,-0.039508491995816075,-14.718812465764712,-0.03369988534913926,1.0,-0.0757468176748255,0.0024381575555755264
y_score,10,5,0.5,0.5,-0.005620146857450825,-0.04043326649059477,-0.08641550152536981,1.0,-0.02574578761882307,-12.86799927099089,-0.01927147585670541,1.0,-0.12032332526321254,0.016200861932568533
y_score,10,5,0.5,1.0,-0.09747339388432374,-2.3055354602902947,-0.11272578706785885,1.0,-0.0034869572817058936,-0.8995793155312922,-0.01881636814341714,1.0,-0.21217657229008546,0.03845969226968571
y_score,10,5,0.8,0.0,0.0569824588703034,0.9583276865163364,-0.08970516867901235,1.0,-0.040357154973761133,-11.84185491727608,-0.030769829328470166,1.0,-0.05772071953545832,0.001589494577630468
y_score,10,5,0.8,0.25,0.035623522504367955,0.6828460641536173,-0.1132863222854622,1.0,-0.03581753298688106,-14.807342500212696,-0.025724967095288376,1.0,-0.07907965590139376,0.006129116564510539
y_score,10,5,0.8,0.5,-0.004045290004871527,-0.005989485969728787,-0.08065986655514423,1.0,-0.02214620849305582,-8.14189114452416,-0.019369307793881463,1.0,-0.11874846841063325,0.019800441058335783
y_score,10,5,0.8,1.0,-0.09747339388432374,-2.3055354602902947,-0.11272578706785885,1.0,-0.0034869572817058936,-0.8995793155312922,-0.01881636814341714,1.0,-0.21217657229008546,0.03845969226968571
y_score,20,0,0.0,0.0,0.08166855957692887,1.2408003647522992,-0.10490575317072803,0.058522727272727275,-0.04493918730801483,-5.889901666155706,-0.05729596154778982,0.20833333333333337,-0.03303461882883285,-0.002992537756623226
y_score,20,0,0.0,0.25,0.09678670852533222,1.761262062526465,-0.07908485501392248,0.058522727272727275,-0.034462608823877305,-6.471826312680343,-0.0390036021044603,0.20833333333333337,-0.017916469880429498,0.007484040727514296
y_score,20,0,0.0,0.5,0.01974564030323256,0.5447178795919773,-0.05899779579987097,0.03977272727272727,-0.01825925042354215,-10.968605611152446,-0.012953235653514139,0.18333333333333335,-0.09495753810252916,0.02368739912784945
y_score,20,0,0.0,1.0,0.009104513339531772,0.29466226814212687,-0.05001446363294415,0.01590909090909091,-0.003381811799763157,-1.5124338934749233,-0.005572747904807329,0.17500000000000002,-0.10559866506622995,0.038564837751628445
y_score,20,0,0.2,0.0,0.05667356893342612,0.978839782700254,-0.09536390983621912,0.058522727272727275,-0.019162985682822375,-3.3134213879710703,-0.030369806665989985,0.20833333333333337,-0.0580296094723356,0.022783663868569226
y_score,20,0,0.2,0.25,0.06549341794374541,1.2766784128901452,-0.07128617028711193,0.05909090909090909,-0.012831995168578803,-2.6888172322042743,-0.024333540399263054,0.20833333333333337,-0.049209760462016305,0.0291146543828128
y_score,20,0,0.2,0.5,0.01828731393586369,0.507113755802489,-0.05883448446247297,0.03863636363636364,-0.01825925042354215,-10.968605611152446,-0.012953235653514139,0.18333333333333335,-0.09641586446989803,0.02368739912784945
y_score,20,0,0.2,1.0,0.009104513339531772,0.29466226814212687,-0.05001446363294415,0.01590909090909091,-0.003381811799763157,-1.5124338934749233,-0.005572747904807329,0.17500000000000002,-0.10559866506622995,0.038564837751628445
y_score,20,0,0.5,0.0,0.11141996038802016,1.9291935380692335,-0.07713447651217553,0.056818181818181816,-0.029852268775698576,-9.177425786277889,-0.023215149696862114,0.20833333333333337,-0.0032832180177415626,0.012094380775693025
y_score,20,0,0.5,0.25,0.03475361588469639,0.8055424558354147,-0.05637981960605676,0.05625,-0.02248783040211544,-9.866776089410333,-0.014861295946248965,0.20833333333333337,-0.07994956252106533,0.019458819149276163
y_score,20,0,0.5,0.5,0.01828731393586369,0.507113755802489,-0.05883448446247297,0.03863636363636364,-0.017737855005222403,-10.85307583120432,-0.011543711950156021,0.18333333333333335,-0.09641586446989803,0.0242087945461692
y_score,20,0,0.5,1.0,0.009104513339531772,0.29466226814212687,-0.05001446363294415,0.01590909090909091,-0.003381811799763157,-1.5124338934749233,-0.005572747904807329,0.17500000000000002,-0.10559866506622995,0.038564837751628445
y_score,20,0,0.8,0.0,-0.03327139334401796,-0.6414740294890992,-0.09747089740669979,0.05454545454545456,-0.04089288828213877,-22.507381280357972,-0.02884541892175585,0.19166666666666668,-0.14797457174977968,0.0010537612692528286
y_score,20,0,0.8,0.25,-0.02178712963151963,-0.44872558702486204,-0.07900555363744854,0.0528409090909091,-0.040494760356275084,-25.450172978510555,-0.0307144840323047,0.19166666666666668,-0.13649030803728135,0.001451889195116518
y_score,20,0,0.8,0.5,-0.00030410429953642293,0.050092039662909524,-0.07097867735240992,0.037500000000000006,-0.032479662462644776,-29.378749097780986,-0.022146957466732453,0.17500000000000002,-0.11500728270529814,0.009466987088746825
y_score,20,0,0.8,1.0,0.009104513339531772,0.29466226814212687,-0.05001446363294415,0.01590909090909091,-0.003381811799763157,-1.5124338934749233,-0.005572747904807329,0.17500000000000002,-0.10559866506622995,0.038564837751628445
y_score,20,1,0.0,0.0,0.03638629368696522,0.5683278332142006,-0.12777388847611826,0.11022727272727272,-0.042753373123760374,-5.680144732517466,-0.052686007357385045,0.25000000000000006,-0.0783168847187965,-0.0008067235723687727
y_score,20,1,0.0,0.25,0.09957693108804522,1.6923790693065097,-0.0835985216087477,0.11022727272727272,-0.045270857856619995,-10.17231417450463,-0.039817182375582405,0.25000000000000006,-0.015126247317716501,-0.0033242083052283933
y_score,20,1,0.0,0.5,0.031475018009400335,0.8277585321360802,-0.05653671885087319,0.11022727272727272,-0.023741493363401256,-21.209949555931775,-0.014392634769575308,0.25000000000000006,-0.08322816039636138,0.018205156187990346
y_score,20,1,0.0,1.0,-0.03071454168160004,-0.7608452704425953,-0.05884073143048296,0.11022727272727272,-0.00607461855174507,-3.297414469044535,-0.004066214287579029,0.25000000000000006,-0.14541772008736176,0.03587203099964653
y_score,20,1,0.2,0.0,0.08797277681966764,1.2908805210502212,-0.10820779699343763,0.11022727272727272,-0.035683964250387,-8.923099273129145,-0.02661334379873448,0.25000000000000006,-0.026730401586094077,0.0062626853010046
y_score,20,1,0.2,0.25,0.10462383526496599,1.9378410977784069,-0.07738796652471491,0.11022727272727272,-0.03622896947315479,-13.317859271507116,-0.026293723106887046,0.25000000000000006,-0.010079343140795727,0.005717680078236809
y_score,20,1,0.2,0.5,0.029288392097910565,0.7773769443538848,-0.05431327220531701,0.11022727272727272,-0.023741493363401256,-21.209949555931775,-0.014392634769575308,0.25000000000000006,-0.08541478630785115,0.018205156187990346
y_score,20,1,0.2,1.0,-0.03071454168160004,-0.7608452704425953,-0.05884073143048296,0.11022727272727272,-0.00607461855174507,-3.297414469044535,-0.004066214287579029,0.25000000000000006,-0.14541772008736176,0.03587203099964653
y_score,20,1,0.5,0.0,0.06347551597743584,1.0873273821121314,-0.0812415957085465,0.11022727272727272,-0.03761566037903963,-13.650514355361027,-0.025563016697132124,0.25000000000000006,-0.05122766242832588,0.004330989172351973
y_score,20,1,0.5,0.25,0.025524507968444965,0.5902417130918344,-0.07353355023808983,0.11022727272727272,-0.030261554822495818,-13.872537566004004,-0.020015554542541003,0.25000000000000006,-0.08917867043731675,0.011685094728895784
y_score,20,1,0.5,0.5,0.04689316867305271,1.2074094574497778,-0.05431327220531701,0.11022727272727272,-0.02442820745233476,-19.020363527928748,-0.015583832646923201,0.25000000000000006,-0.06781000973270901,0.01751844209905684
y_score,20,1,0.5,1.0,-0.03071454168160004,-0.7608452704425953,-0.05884073143048296,0.11022727272727272,-0.00607461855174507,-3.297414469044535,-0.004066214287579029,0.25000000000000006,-0.14541772008736176,0.03587203099964653
y_score,20,1,0.8,0.0,-0.035800349849250956,-0.5897523327667479,-0.08675385409775338,0.11022727272727272,-0.04417576654452082,-24.81338063921495,-0.03216953384560861,0.25000000000000006,-0.15050352825501268,-0.002229116993129221
y_score,20,1,0.8,0.25,-0.020582291770574024,-0.4468550785516721,-0.0708523791508252,0.11022727272727272,-0.041225523693622534,-28.665954205288987,-0.03145269607036927,0.25000000000000006,-0.13528547017633574,0.0007211258577690671
y_score,20,1,0.8,0.5,0.0432537474797996,1.130408630560669,-0.05541911810681299,0.11022727272727272,-0.031141727807550645,-24.84954615516493,-0.02079473423954481,0.25000000000000006,-0.07144943092596212,0.010804921743840956
y_score,20,1,0.8,1.0,-0.03071454168160004,-0.7608452704425953,-0.05884073143048296,0.11022727272727272,-0.00607461855174507,-3.297414469044535,-0.004066214287579029,0.25000000000000006,-0.14541772008736176,0.03587203099964653
y_score,20,2,0.0,0.0,0.07903369998159393,1.0551455135389316,-0.13774338110919082,0.20909090909090908,-0.04592403970018921,-6.101019944960829,-0.05546981362903225,0.3333333333333333,-0.03566947842416779,-0.0039773901487976104
y_score,20,2,0.0,0.25,0.08064583914388801,1.2875872511632853,-0.1025788056830581,0.20909090909090908,-0.04661102292140484,-10.182812293797866,-0.041999269005504436,0.3333333333333333,-0.03405733926187371,-0.004664373370013242
y_score,20,2,0.0,0.5,0.04421712139429279,1.063953836125882,-0.07582940132483018,0.20909090909090908,-0.023032235463636974,-15.409707566731917,-0.015729151552677068,0.3333333333333333,-0.07048605701146893,0.018914414087754627
y_score,20,2,0.0,1.0,-0.029903299905294833,-0.7628772256799976,-0.0547935295530928,0.20909090909090908,-0.003475375601428743,-1.67708590441352,-0.005312199883014013,0.3333333333333333,-0.14460647831105655,0.03847127394996286
y_score,20,2,0.2,0.0,0.13635577511821362,1.8992574883895943,-0.10744815154137366,0.20909090909090908,-0.030194034941580683,-6.55704471715301,-0.02815567019726528,0.3333333333333333,0.0216525967124519,0.011752614609810919
y_score,20,2,0.2,0.25,0.08009895493698438,1.5676916434392782,-0.07979221034964412,0.20909090909090908,-0.03859289358259821,-11.576938416298843,-0.031486148555868954,0.3333333333333333,-0.03460422346877734,0.0033537559687933927
y_score,20,2,0.2,0.5,0.03894054263249869,0.9572456757629824,-0.07253929766412903,0.20909090909090908,-0.023032235463636974,-15.409707566731917,-0.015729151552677068,0.3333333333333333,-0.07576263577326303,0.018914414087754627
y_score,20,2,0.2,1.0,-0.029903299905294833,-0.7628772256799976,-0.0547935295530928,0.20909090909090908,-0.003475375601428743,-1.67708590441352,-0.005312199883014013,0.3333333333333333,-0.14460647831105655,0.03847127394996286
y_score,20,2,0.5,0.0,0.06923159538608714,1.1610479595109406,-0.09215780971155729,0.20909090909090908,-0.03847204257827297,-12.676284450117336,-0.027119914132511025,0.3333333333333333,-0.04547158301967458,0.0034746069731186324
y_score,20,2,0.5,0.25,0.02593009003254787,0.585649020929355,-0.0837018460405029,0.20909090909090908,-0.032560158280893425,-15.331135785828838,-0.02265899466764776,0.3333333333333333,-0.08877308837321385,0.009386491270498176
y_score,20,2,0.5,0.5,0.04799476047152895,1.1649353759246694,-0.06752384045552329,0.20909090909090908,-0.022657904938749418,-14.381623836134235,-0.015099461978888895,0.3333333333333333,-0.06670841793423277,0.019288744612642184
y_score,20,2,0.5,1.0,-0.029903299905294833,-0.7628772256799976,-0.0547935295530928,0.20909090909090908,-0.003475375601428743,-1.67708590441352,-0.005312199883014013,0.3333333333333333,-0.14460647831105655,0.03847127394996286
y_score,20,2,0.8,0.0,0.022461809135155608,0.47567835459838503,-0.10100220347630517,0.20909090909090908,-0.04097987585202223,-20.908510308384894,-0.028933499153835363,0.3333333333333333,-0.09224136927060611,0.0009667736993693721
y_score,20,2,0.8,0.25,0.012506786657160873,0.331825551523821,-0.07427061305190286,0.20909090909090908,-0.03901773393052865,-27.493282888495614,-0.029222402215524523,0.3333333333333333,-0.10219639174860085,0.0029289156208629485
y_score,20,2,0.8,0.5,0.04825954242106589,1.1756871796069874,-0.07156010875293517,0.20909090909090908,-0.03191636380253582,-22.323632091806903,-0.021577643016925108,0.3333333333333333,-0.06644363598469583,0.010030285748855783
y_score,20,2,0.8,1.0,-0.029903299905294833,-0.7628772256799976,-0.0547935295530928,0.20909090909090908,-0.003475375601428743,-1.67708590441352,-0.005312199883014013,0.3333333333333333,-0.14460647831105655,0.03847127394996286
y_score,20,3,0.0,0.0,0.08326646941467963,1.105093744597214,-0.1312620293553357,0.30795454545454537,-0.05161811799878391,-6.793387561575918,-0.0614534304546932,0.4166666666666667,-0.031436708991082085,-0.009671468447392306
y_score,20,3,0.0,0.25,0.10687715376811457,1.637510921934437,-0.10515256784748717,0.30795454545454537,-0.04737200454739898,-9.558559698173381,-0.045603048018732606,0.4166666666666667,-0.007826024637647144,-0.005425354996007381
y_score,20,3,0.0,0.5,0.08268546458745174,1.7821013714903284,-0.05925264790096063,0.30795454545454537,-0.02301372704014326,-14.023083870152197,-0.01624059994777005,0.4166666666666667,-0.03201771381830998,0.01893292251124834
y_score,20,3,0.0,1.0,-0.048889639427693865,-1.3163134284083722,-0.06900421093040665,0.30795454545454537,-0.004128994127969077,-2.0325150312126037,-0.005524938495606202,0.4166666666666667,-0.16359281783345558,0.037817655423422525
y_score,20,3,0.2,0.0,0.11858811000884462,1.6818916029278117,-0.11033416935564655,0.30795454545454537,-0.02549753412120126,-4.566062716853165,-0.03203676969244096,0.4166666666666667,0.0038849316030828973,0.016449115430190342
y_score,20,3,0.2,0.25,0.12285996057420556,2.13908623406699,-0.07537281057807954,0.30795454545454537,-0.03425767125600376,-8.99678299779103,-0.033210611974396564,0.4166666666666667,0.008156782168443844,0.007688978295387838
y_score,20,3,0.2,0.5,0.07132443835056623,1.5806411074493227,-0.06269991538147135,0.30795454545454537,-0.02301372704014326,-14.023083870152197,-0.01624059994777005,0.4166666666666667,-0.043378740055195486,0.01893292251124834
y_score,20,3,0.2,1.0,-0.048889639427693865,-1.3163134284083722,-0.06900421093040665,0.30795454545454537,-0.004128994127969077,-2.0325150312126037,-0.005524938495606202,0.4166666666666667,-0.16359281783345558,0.037817655423422525
y_score,20,3,0.5,0.0,0.08930588143044549,1.505022997459618,-0.098131497605778,0.30795454545454537,-0.037446490712272795,-11.60570803667678,-0.026461500452390707,0.4166666666666667,-0.02539729697531623,0.004500158839118806
y_score,20,3,0.5,0.25,0.04341368811737345,0.8841646350343034,-0.09458749781716624,0.30795454545454537,-0.03235440753387098,-15.724723815375635,-0.022237608101741357,0.4166666666666667,-0.07128949028838827,0.009592242017520625
y_score,20,3,0.5,0.5,0.08397434056263076,1.844438875603516,-0.051040994057997224,0.30795454545454537,-0.024498555335900396,-14.628767613219999,-0.01688481033471978,0.4166666666666667,-0.030728837843130963,0.017448094215491206
y_score,20,3,0.5,1.0,-0.048889639427693865,-1.3163134284083722,-0.06900421093040665,0.30795454545454537,-0.004128994127969077,-2.0325150312126037,-0.005524938495606202,0.4166666666666667,-0.16359281783345558,0.037817655423422525
y_score,20,3,0.8,0.0,0.08425344211758046,1.4450840819118609,-0.09952784767479539,0.30795454545454537,-0.04461137465713283,-24.083961225670414,-0.03261061368846385,0.4166666666666667,-0.03044973628818126,-0.002664725105741228
y_score,20,3,0.8,0.25,0.03351347391209436,0.7766682774417186,-0.07906785268462968,0.30795454545454537,-0.036978701760155275,-22.074659737561635,-0.027162586106475595,0.4166666666666667,-0.08118970449366736,0.004967947791236327
y_score,20,3,0.8,0.5,0.07874577147114903,1.7642480950081143,-0.052993868815645384,0.30795454545454537,-0.03067317438046402,-20.40346308403621,-0.020435818040481113,0.4166666666666667,-0.03595740693461269,0.011273475170927583
y_score,20,3,0.8,1.0,-0.048889639427693865,-1.3163134284083722,-0.06900421093040665,0.30795454545454537,-0.004128994127969077,-2.0325150312126037,-0.005524938495606202,0.4166666666666667,-0.16359281783345558,0.037817655423422525
y_score,20,5,0.0,0.0,0.05051139853507092,0.7312727600985169,-0.12322392768087664,0.5056818181818182,-0.04571425936016604,-5.380753917070883,-0.06383404212598554,0.5833333333333334,-0.0641917798706908,-0.0037676098087744414
y_score,20,5,0.0,0.25,0.07183071962419696,1.1264174382742655,-0.09864512262205516,0.5056818181818182,-0.041688578759535466,-7.4293230805698585,-0.04757993960227003,0.5833333333333334,-0.04287245878156476,0.00025807079185613535
y_score,20,5,0.0,0.5,0.04024960085009366,0.9875934115309198,-0.05249709077112619,0.5056818181818182,-0.023967921889992305,-14.624877020930375,-0.01627025839116658,0.5833333333333334,-0.07445357755566806,0.017978727661399296
y_score,20,5,0.0,1.0,-0.03849042222733701,-0.9190469446636856,-0.06188659247338946,0.5056818181818182,-0.0042239074628638296,-1.9623629103901592,-0.0055368940621614016,0.5833333333333334,-0.15319360063309873,0.03772274208852777
y_score,20,5,0.2,0.0,0.12645138499658493,1.8308953789664335,-0.06836610290628442,0.5056818181818182,-0.027985431910947267,-4.847811725766268,-0.03775611262459433,0.5833333333333334,0.011748206590823207,0.013961217640444334
y_score,20,5,0.2,0.25,0.11606305046759191,2.000772704199103,-0.09310987468168219,0.5056818181818182,-0.03286032896042168,-8.627899235676253,-0.03391514598953593,0.5833333333333334,0.0013598720618301918,0.00908632059096992
y_score,20,5,0.2,0.5,0.03686090086943916,0.888052837709868,-0.05329953388159259,0.5056818181818182,-0.023967921889992305,-14.624877020930375,-0.01627025839116658,0.5833333333333334,-0.07784227753632256,0.017978727661399296
y_score,20,5,0.2,1.0,-0.03849042222733701,-0.9190469446636856,-0.06188659247338946,0.5056818181818182,-0.0042239074628638296,-1.9623629103901592,-0.0055368940621614016,0.5833333333333334,-0.15319360063309873,0.03772274208852777
y_score,20,5,0.5,0.0,0.09210745456816993,1.5144501883813353,-0.0893713887072467,0.5056818181818182,-0.04191816671418469,-13.351438755101197,-0.03178182502333804,0.5833333333333334,-0.022595723837591786,2.848283720691125e-05
y_score,20,5,0.5,0.25,0.06320577324870325,1.2912821725455892,-0.08588667308203046,0.5056818181818182,-0.03938643933436137,-16.294148125228954,-0.030236433005674024,0.5833333333333334,-0.05149740515705847,0.0025602102170302343
y_score,20,5,0.5,0.5,0.037074539204313695,0.8855715420469781,-0.05087106504357608,0.5056818181818182,-0.024345462705428922,-13.354829925422331,-0.017543356985060266,0.5833333333333334,-0.07762863920144802,0.01760118684596268
y_score,20,5,0.5,1.0,-0.03849042222733701,-0.9190469446636856,-0.06188659247338946,0.5056818181818182,-0.0042239074628638296,-1.9623629103901592,-0.0055368940621614016,0.5833333333333334,-0.15319360063309873,0.03772274208852777
y_score,20,5,0.8,0.0,0.020714566714687965,0.45746321678116403,-0.08819598517359228,0.5056818181818182,-0.04176958873435355,-20.007919784620604,-0.02973313172254699,0.5833333333333334,-0.09398861169107375,0.00017706081703805499
y_score,20,5,0.8,0.25,0.03453800913877658,0.7603068725298188,-0.09196372932944918,0.5056818181818182,-0.039562204752564,-21.532937176012474,-0.029772422851015667,0.5833333333333334,-0.08016516926698514,0.0023844447988276007
y_score,20,5,0.8,0.5,0.041388111738925426,0.9852353100837414,-0.04905328840617729,0.5056818181818182,-0.025913650150742984,-12.250293616914355,-0.01867522646234665,0.5833333333333334,-0.07331506666683629,0.016032999400648618
y_score,20,5,0.8,1.0,-0.03849042222733701,-0.9190469446636856,-0.06188659247338946,0.5056818181818182,-0.0042239074628638296,-1.9623629103901592,-0.0055368940621614016,0.5833333333333334,-0.15319360063309873,0.03772274208852777
y_score,30,0,0.0,0.0,0.07757416907810732,1.180524043586698,-0.10779524003155372,0.042424242424242434,-0.04969097017263846,-7.256398715483269,-0.0564156765687851,0.19444444444444453,-0.037129009327654394,-0.0077443206212468585
y_score,30,0,0.0,0.25,0.08089658159719648,1.5459450574283014,-0.07701333864231685,0.042803030303030315,-0.03148755506582801,-5.796904999975782,-0.036884643809401374,0.19444444444444453,-0.03380659680856524,0.010459094485563591
y_score,30,0,0.0,0.5,0.02400295059108215,0.65593652974342,-0.05591500515561232,0.02765151515151516,-0.023040085436539237,-12.70317870688369,-0.016212976442729676,0.1777777777777778,-0.09070022781467957,0.018906564114852364
y_score,30,0,0.0,1.0,0.008232559338600565,0.2739109257261056,-0.04455732546041724,0.01363636363636364,-0.014068707482539078,-10.496703815216161,-0.006926413354391481,0.17222222222222225,-0.10647061906716115,0.027877942068852524
y_score,30,0,0.2,0.0,0.0960545099428125,1.5552307229763696,-0.09686009089506686,0.04204545454545456,-0.028560966976758695,-5.348826854217286,-0.03090006220963637,0.19444444444444453,-0.018648668462949214,0.013385682574632907
y_score,30,0,0.2,0.25,0.0581130276141093,1.1741224423543133,-0.07144691034414186,0.042803030303030315,-0.016796305074731288,-3.632026835390379,-0.023453255416757246,0.19444444444444453,-0.056590150791652416,0.025150344476660313
y_score,30,0,0.2,0.5,0.026824475558432814,0.7259042578226849,-0.054149299582026744,0.0268939393939394,-0.02327353067148452,-14.181565713612128,-0.015503347724455718,0.1777777777777778,-0.0878787028473289,0.01867311887990708
y_score,30,0,0.2,1.0,0.008232559338600565,0.2739109257261056,-0.04455732546041724,0.01363636363636364,-0.014068707482539078,-10.496703815216161,-0.006926413354391481,0.17222222222222225,-0.10647061906716115,0.027877942068852524
y_score,30,0,0.5,0.0,0.11600037618403425,1.947193339803485,-0.08009451632723241,0.04166666666666668,-0.03328264374034684,-13.074517422198575,-0.01968785524147343,0.19444444444444453,0.0012971977782725297,0.008664005811044762
y_score,30,0,0.5,0.25,0.0652188528298705,1.394049925518485,-0.05592335399781512,0.040530303030303035,-0.02847993648156455,-15.029928720477443,-0.017030989503929783,0.19444444444444453,-0.04948432557589122,0.013466713069827052
y_score,30,0,0.5,0.5,0.019382258920314532,0.5408580957801882,-0.056782104453988125,0.026515151515151523,-0.020200298610783762,-16.586468222929557,-0.010663908264758937,0.1777777777777778,-0.09532091948544719,0.02174635094060784
y_score,30,0,0.5,1.0,0.008232559338600565,0.2739109257261056,-0.04455732546041724,0.01363636363636364,-0.014068707482539078,-10.496703815216161,-0.006926413354391481,0.17222222222222225,-0.10647061906716115,0.027877942068852524
y_score,30,0,0.8,0.0,-0.035402625485355554,-0.7130726930145214,-0.09388075828811704,0.039772727272727286,-0.02883297963613418,-20.84984713734258,-0.020282847935853776,0.18333333333333338,-0.15010580389111727,0.01311366991525742
y_score,30,0,0.8,0.25,-0.028336150399002724,-0.6182985129470623,-0.08556038205691285,0.03863636363636364,-0.040456972924916235,-24.027037269148728,-0.02962973497244914,0.18333333333333338,-0.14303932880476444,0.001489676626475367
y_score,30,0,0.8,0.5,0.007790991347361054,0.25504440995800026,-0.06339134447600325,0.026136363636363645,-0.029799006132649075,-21.492171638914638,-0.02043133037203404,0.17222222222222225,-0.10691218705840067,0.012147643418742526
y_score,30,0,0.8,1.0,0.008232559338600565,0.2739109257261056,-0.04455732546041724,0.01363636363636364,-0.014068707482539078,-10.496703815216161,-0.006926413354391481,0.17222222222222225,-0.10647061906716115,0.027877942068852524
y_score,30,1,0.0,0.0,0.058168278801570716,0.8427971605208491,-0.12336398287223227,0.07727272727272726,-0.0487907055801452,-7.410556249101149,-0.05245555081320041,0.2222222222222222,-0.056534899604191,-0.006844056028753598
y_score,30,1,0.0,0.25,0.06584580145873198,1.2741578277438514,-0.08055110882115935,0.07727272727272726,-0.040255231074923015,-8.423468663051517,-0.03654839364222717,0.2222222222222222,-0.04885737694702974,0.001691418476468587
y_score,30,1,0.0,0.5,0.0003803428305335643,0.06612667336641634,-0.05474728149025876,0.07727272727272726,-0.026058853147328587,-14.21165998735613,-0.0198103388635813,0.2222222222222222,-0.11432283557522815,0.015887796404063015
y_score,30,1,0.0,1.0,-0.010428445727496571,-0.22578271296865507,-0.06610022905400126,0.07727272727272726,-0.010375456304648645,-7.07172734563156,-0.005288294265617943,0.2222222222222222,-0.1251316241332583,0.03157119324674296
y_score,30,1,0.2,0.0,0.08045084011720727,1.2608367562023834,-0.1039839810216967,0.07727272727272726,-0.038703139143516196,-8.894718840047835,-0.03134493985199793,0.2222222222222222,-0.03425233828855445,0.003243510407875405
y_score,30,1,0.2,0.25,0.0604559122904027,1.3303288033090956,-0.07186811243765667,0.07727272727272726,-0.032548501603030355,-10.026496085787821,-0.02229805811296537,0.2222222222222222,-0.054247266115359016,0.009398147948361246
y_score,30,1,0.2,0.5,-2.7664050209597058e-05,0.05381959043941562,-0.05500792247517561,0.07727272727272726,-0.025453174614171292,-15.086067097183962,-0.018224141520648218,0.2222222222222222,-0.11473084245597132,0.01649347493722031
y_score,30,1,0.2,1.0,-0.010428445727496571,-0.22578271296865507,-0.06610022905400126,0.07727272727272726,-0.010375456304648645,-7.07172734563156,-0.005288294265617943,0.2222222222222222,-0.1251316241332583,0.03157119324674296
y_score,30,1,0.5,0.0,0.09983545092410728,1.7051047898962273,-0.08709410289647401,0.07727272727272726,-0.03917279935167761,-16.61035898813984,-0.02518892373459425,0.2222222222222222,-0.014867727481654436,0.0027738501997139897
y_score,30,1,0.5,0.25,0.025795001126212025,0.6436716069025858,-0.05996394846708619,0.07727272727272726,-0.0337198032069278,-19.01329415601983,-0.02182593752587536,0.2222222222222222,-0.0889081772795497,0.0082268463444638
y_score,30,1,0.5,0.5,0.002367758371826012,0.11655553093748512,-0.05946371984249077,0.07727272727272726,-0.025491522837685077,-22.066645221729043,-0.01595046194927696,0.2222222222222222,-0.1123354200339357,0.016455126713706525
y_score,30,1,0.5,1.0,-0.010428445727496571,-0.22578271296865507,-0.06610022905400126,0.07727272727272726,-0.010375456304648645,-7.07172734563156,-0.005288294265617943,0.2222222222222222,-0.1251316241332583,0.03157119324674296
y_score,30,1,0.8,0.0,-0.01389960587823047,-0.20546444674142159,-0.08352862132063266,0.07727272727272726,-0.03178555405405714,-29.49972318274425,-0.02326141674979587,0.2222222222222222,-0.1286027842839922,0.01016109549733446
y_score,30,1,0.8,0.25,-0.024419087524079397,-0.5589066363903105,-0.07101310644045056,0.07727272727272726,-0.04351804607618037,-26.029236315708317,-0.03272534848976627,0.2222222222222222,-0.13912226592984112,-0.0015713965247887707
y_score,30,1,0.8,0.5,0.006058043204756114,0.21024329698383687,-0.06312509192508564,0.07727272727272726,-0.029741061523620882,-23.51242721638127,-0.02037282628480197,0.2222222222222222,-0.1086451352010056,0.01220558802777072
y_score,30,1,0.8,1.0,-0.010428445727496571,-0.22578271296865507,-0.06610022905400126,0.07727272727272726,-0.010375456304648645,-7.07172734563156,-0.005288294265617943,0.2222222222222222,-0.1251316241332583,0.03157119324674296
y_score,30,2,0.0,0.0,0.07460138077819356,1.0477455394685764,-0.121655670704239,0.14318181818181816,-0.05038936440456798,-7.646066210354849,-0.05390431190552769,0.27777777777777773,-0.04010179762756816,-0.00844271485317638
y_score,30,2,0.0,0.25,0.08491893814854223,1.5136373804255436,-0.09133276434657511,0.14318181818181816,-0.03996229617019731,-8.292336152857185,-0.03675029486950687,0.27777777777777773,-0.029784240257219485,0.0019843533811942926
y_score,30,2,0.0,0.5,0.004714193098795727,0.1725957066322085,-0.0706109223813951,0.14318181818181816,-0.02475754722266632,-13.525373576767825,-0.01842632842185732,0.27777777777777773,-0.10998898530696599,0.01718910232872528
y_score,30,2,0.0,1.0,-0.012864362937489049,-0.28723745714938326,-0.06953072901601243,0.14318181818181816,-0.013193223948476107,-9.486617602977294,-0.0077197622411289135,0.27777777777777773,-0.12756754134325077,0.028753425602915494
y_score,30,2,0.2,0.0,0.09380445124408965,1.4465423812288127,-0.0977602481410158,0.14318181818181816,-0.036382602754188476,-8.077088912642095,-0.03139797338906125,0.27777777777777773,-0.02089872716167207,0.005564046797203126
y_score,30,2,0.2,0.25,0.07746791257472352,1.6570317776976906,-0.06745931867223398,0.14318181818181816,-0.033619031020770906,-10.435891836974223,-0.022891722468714404,0.27777777777777773,-0.0372352658310382,0.008327618530620695
y_score,30,2,0.2,0.5,0.009186996859897878,0.2800731773220141,-0.06770621023759338,0.14318181818181816,-0.024956506281510804,-14.758809948241094,-0.017649291745736817,0.27777777777777773,-0.10551618154586384,0.016990143269880797
y_score,30,2,0.2,1.0,-0.012864362937489049,-0.28723745714938326,-0.06953072901601243,0.14318181818181816,-0.013193223948476107,-9.486617602977294,-0.0077197622411289135,0.27777777777777773,-0.12756754134325077,0.028753425602915494
y_score,30,2,0.5,0.0,0.06105685211119338,1.0880112834840263,-0.10114297796139293,0.14318181818181816,-0.03817591509237317,-15.422333584619418,-0.024391012667539513,0.27777777777777773,-0.053646326294568336,0.003770734459018432
y_score,30,2,0.5,0.25,0.015778362813793745,0.411268892974541,-0.06114291296350349,0.14318181818181816,-0.0332022512615725,-18.572238462912296,-0.021516348156948695,0.27777777777777773,-0.09892481559196797,0.0087443982898191
y_score,30,2,0.5,0.5,0.008567373911812393,0.2652732725999512,-0.06829818399632537,0.14318181818181816,-0.024080847978261488,-17.00772679246455,-0.015384984353650433,0.27777777777777773,-0.10613580449394933,0.017865801573130113
y_score,30,2,0.5,1.0,-0.012864362937489049,-0.28723745714938326,-0.06953072901601243,0.14318181818181816,-0.013193223948476107,-9.486617602977294,-0.0077197622411289135,0.27777777777777773,-0.12756754134325077,0.028753425602915494
y_score,30,2,0.8,0.0,0.022187585120504005,0.5033858597563008,-0.07815729888769363,0.14318181818181816,-0.03341006486888998,-25.095122316109908,-0.024900229719792666,0.27777777777777773,-0.09251559328525771,0.008536584682501624
y_score,30,2,0.8,0.25,0.016326008697837846,0.44166785160659755,-0.06150319153125727,0.14318181818181816,-0.04051397054498729,-25.614287796633064,-0.029687375739078314,0.27777777777777773,-0.09837716970792387,0.0014326790064043138
y_score,30,2,0.8,0.5,0.01383028855142765,0.3915068402408621,-0.06757177842411755,0.14318181818181816,-0.03210717953229181,-22.719656405591255,-0.022761790102183377,0.27777777777777773,-0.10087288985433407,0.009839470019099794
y_score,30,2,0.8,1.0,-0.012864362937489049,-0.28723745714938326,-0.06953072901601243,0.14318181818181816,-0.013193223948476107,-9.486617602977294,-0.0077197622411289135,0.27777777777777773,-0.12756754134325077,0.028753425602915494
y_score,30,3,0.0,0.0,0.086465725511089,1.1578977655089908,-0.12469512669577909,0.20909090909090908,-0.0562303864781627,-8.115059351393953,-0.06127815895767852,0.3333333333333333,-0.02823745289467272,-0.014283736926771096
y_score,30,3,0.0,0.25,0.08125038186031697,1.3706248102859577,-0.09463420479135176,0.20909090909090908,-0.04732643294973915,-9.401048511621864,-0.045094747358095266,0.3333333333333333,-0.03345279654544475,-0.0053797833983475485
y_score,30,3,0.0,0.5,0.06551347364052584,1.5473697853929953,-0.04963937991222189,0.20909090909090908,-0.024646285027810744,-12.705526634554525,-0.018120254568470218,0.3333333333333333,-0.049189704765235875,0.017300364523580858
y_score,30,3,0.0,1.0,-0.01934885064331382,-0.45716830061455654,-0.06441365269665966,0.20909090909090908,-0.010751953236122214,-7.149316588479832,-0.007000847390923992,0.3333333333333333,-0.13405202904907554,0.031194696315269388
y_score,30,3,0.2,0.0,0.0925528874322068,1.4137631113042213,-0.10397074113526128,0.20909090909090908,-0.03373286045321122,-6.674590689757112,-0.033703445068184124,0.3333333333333333,-0.02215029097355492,0.00821378909818038
y_score,30,3,0.2,0.25,0.08129402203362401,1.586331690537906,-0.07101733883341665,0.20909090909090908,-0.03202614945523785,-8.656283918076088,-0.025749896092930546,0.3333333333333333,-0.033409156372137705,0.00992050009615375
y_score,30,3,0.2,0.5,0.054844518648456075,1.2998420977332292,-0.055122416828079834,0.20909090909090908,-0.02407650304626463,-13.543933201473152,-0.016568081694487757,0.3333333333333333,-0.05985865975730564,0.01787014650512697
y_score,30,3,0.2,1.0,-0.01934885064331382,-0.45716830061455654,-0.06441365269665966,0.20909090909090908,-0.010751953236122214,-7.149316588479832,-0.007000847390923992,0.3333333333333333,-0.13405202904907554,0.031194696315269388
y_score,30,3,0.5,0.0,0.08324836691510762,1.4042071771963158,-0.10410426904209213,0.20909090909090908,-0.03789863926541359,-14.859336098678089,-0.02402022870276732,0.3333333333333333,-0.0314548114906541,0.00404801028597801
y_score,30,3,0.5,0.25,0.025823835641047177,0.5902482429872561,-0.07350556519189166,0.20909090909090908,-0.037439550736009464,-19.587650156163807,-0.026552560951881077,0.3333333333333333,-0.08887934276471454,0.004507098815382138
y_score,30,3,0.5,0.5,0.05479164493907707,1.2791487610481918,-0.05605244420080402,0.20909090909090908,-0.026491920272031177,-17.17181471781592,-0.017981482335967747,0.3333333333333333,-0.05991153346668465,0.015454729279360424
y_score,30,3,0.5,1.0,-0.01934885064331382,-0.45716830061455654,-0.06441365269665966,0.20909090909090908,-0.010751953236122214,-7.149316588479832,-0.007000847390923992,0.3333333333333333,-0.13405202904907554,0.031194696315269388
y_score,30,3,0.8,0.0,0.047236044959773515,0.8959167693533046,-0.09380957853906402,0.20909090909090908,-0.036600597870114715,-22.86331325212978,-0.02811885209883047,0.3333333333333333,-0.0674671334459882,0.005346051681276887
y_score,30,3,0.8,0.25,0.027265124014118847,0.6653234584647193,-0.06859505727188608,0.20909090909090908,-0.0389776103812679,-23.69998172306781,-0.02813367968045488,0.3333333333333333,-0.08743805439164287,0.0029690391701236996
y_score,30,3,0.8,0.5,0.0457841030839552,1.1030158044412974,-0.055271674816096406,0.20909090909090908,-0.03044041652153684,-18.438482482912697,-0.0210789338328633,0.3333333333333333,-0.06891907532180652,0.011506233029854762
y_score,30,3,0.8,1.0,-0.01934885064331382,-0.45716830061455654,-0.06441365269665966,0.20909090909090908,-0.010751953236122214,-7.149316588479832,-0.007000847390923992,0.3333333333333333,-0.13405202904907554,0.031194696315269388
y_score,30,5,0.0,0.0,0.09212339764009836,1.244728801775629,-0.1137176307709512,0.3409090909090909,-0.05072203140193221,-6.468774772124565,-0.06414234474365821,0.4444444444444444,-0.02257978076566336,-0.008775381850540609
y_score,30,5,0.0,0.25,0.0908346403154614,1.4082132333854773,-0.09892740759377072,0.3409090909090909,-0.04617709237326806,-8.516183016695951,-0.04873352949399945,0.4444444444444444,-0.023868538090300317,-0.004230442821876457
y_score,30,5,0.0,0.5,0.05732214061645946,1.3415824022594711,-0.06075075900119775,0.3409090909090909,-0.024363427445685093,-11.727048866346765,-0.018659270247614934,0.4444444444444444,-0.05738103778930226,0.01758322210570651
y_score,30,5,0.0,1.0,-0.02008282793727456,-0.49236832408976666,-0.06675674084960959,0.3409090909090909,-0.008416491635121592,-5.605638219581083,-0.006392685305894652,0.4444444444444444,-0.13478600634303628,0.03353015791627001
y_score,30,5,0.2,0.0,0.12684071424887966,1.8672732655852649,-0.08924324493516522,0.3409090909090909,-0.03260620056858654,-5.957112050193141,-0.03648727723420553,0.4444444444444444,0.012137535843117941,0.00934044898280506
y_score,30,5,0.2,0.25,0.05808125150325205,1.1223013082752546,-0.0829143776438307,0.3409090909090909,-0.03442010782976679,-9.11608426209132,-0.030566470879390684,0.4444444444444444,-0.05662192690250967,0.007526541721624813
y_score,30,5,0.2,0.5,0.05459139768172272,1.2926792031984755,-0.061698306413027315,0.3409090909090909,-0.02534176224855733,-12.916140043197226,-0.018667748989305566,0.4444444444444444,-0.060111780724039,0.01660488730283427
y_score,30,5,0.2,1.0,-0.02008282793727456,-0.49236832408976666,-0.06675674084960959,0.3409090909090909,-0.008416491635121592,-5.605638219581083,-0.006392685305894652,0.4444444444444444,-0.13478600634303628,0.03353015791627001
y_score,30,5,0.5,0.0,0.07784747973505013,1.3558379983162545,-0.08806805693939135,0.3409090909090909,-0.04035686332064503,-15.56283368185331,-0.027085597560399077,0.4444444444444444,-0.03685569867071159,0.0015897862307465704
y_score,30,5,0.5,0.25,0.010251562846967044,0.27810020954459486,-0.08177961665126032,0.3409090909090909,-0.040533448179330134,-19.236519223150193,-0.029728380280844013,0.4444444444444444,-0.10445161555879467,0.0014132013720614678
y_score,30,5,0.5,0.5,0.051416616759190736,1.20749079482406,-0.0597898100052241,0.3409090909090909,-0.026675792417916955,-13.58263727302399,-0.02040811802889253,0.4444444444444444,-0.06328656164657098,0.015270857133474647
y_score,30,5,0.5,1.0,-0.02008282793727456,-0.49236832408976666,-0.06675674084960959,0.3409090909090909,-0.008416491635121592,-5.605638219581083,-0.006392685305894652,0.4444444444444444,-0.13478600634303628,0.03353015791627001
y_score,30,5,0.8,0.0,0.0340154760449376,0.7138655385427674,-0.08270797987891854,0.3409090909090909,-0.03135042811769018,-16.272804478189244,-0.022822459974876863,0.4444444444444444,-0.08068770236082412,0.010596221433701425
y_score,30,5,0.8,0.25,0.020133500992407738,0.4909977758676023,-0.07793518653234843,0.3409090909090909,-0.0377069508384017,-21.534064596241695,-0.026848682340492647,0.4444444444444444,-0.09456967741335398,0.004239698712989903
y_score,30,5,0.8,0.5,0.039357885144141846,0.9565291017102362,-0.059050665050620066,0.3409090909090909,-0.027076583208596405,-12.771081169502867,-0.019780499104301796,0.4444444444444444,-0.07534529326161987,0.014870066342795196
y_score,30,5,0.8,1.0,-0.02008282793727456,-0.49236832408976666,-0.06675674084960959,0.3409090909090909,-0.008416491635121592,-5.605638219581083,-0.006392685305894652,0.4444444444444444,-0.13478600634303628,0.03353015791627001
y_score,50,0,0.0,0.0,0.09130267232617406,1.3701546689341226,-0.10831174311176839,0.029772727272727274,-0.059989512448706095,-9.905758869277225,-0.055283769879369116,0.18333333333333335,-0.023400506079587657,-0.018042862897314493
y_score,50,0,0.0,0.25,0.08888446695052155,1.640086516970326,-0.0818664863772387,0.029545454545454545,-0.03620836308893216,-6.367176160485923,-0.04012759839333446,0.18333333333333335,-0.025818711455240173,0.005738286462459441
y_score,50,0,0.0,0.5,0.020977687244720267,0.566029134066464,-0.05505826719578777,0.019772727272727275,-0.030646188323853796,-28.07258792725124,-0.020863707940739995,0.17333333333333334,-0.09372549116104145,0.011300461227537806
y_score,50,0,0.0,1.0,-0.012373796419440697,-0.27108450092500747,-0.07335402061080909,0.011818181818181818,-0.016009120498830853,-11.408980314320331,-0.00797993222518567,0.16666666666666666,-0.12707697482520242,0.025937529052560748
y_score,50,0,0.2,0.0,0.10473027878369656,1.6758826570501268,-0.09276821337650842,0.029545454545454545,-0.0364970444284789,-8.247614028559934,-0.03250500790466837,0.18333333333333335,-0.009972899622065157,0.005449605122912704
y_score,50,0,0.2,0.25,0.06336329967624876,1.2767195992280824,-0.07251637683919732,0.029545454545454545,-0.028179576320364164,-7.167816938193804,-0.023547664128196644,0.18333333333333335,-0.051339878729512956,0.013767073231027438
y_score,50,0,0.2,0.5,0.022120125273925817,0.5963529186295282,-0.052933148035312905,0.01931818181818182,-0.02625945125814677,-21.93961585807183,-0.01685947912055763,0.17333333333333334,-0.0925830531318359,0.01568719829324483
y_score,50,0,0.2,1.0,-0.012373796419440697,-0.27108450092500747,-0.07335402061080909,0.011818181818181818,-0.016009120498830853,-11.408980314320331,-0.00797993222518567,0.16666666666666666,-0.12707697482520242,0.025937529052560748
y_score,50,0,0.5,0.0,0.08416162193204735,1.5083444003175763,-0.0760523200081189,0.029545454545454545,-0.028416780156380383,-12.135520855487842,-0.016404807745660444,0.18333333333333335,-0.03054155647371437,0.013529869395011218
y_score,50,0,0.5,0.25,0.04974357487816605,1.0762371004179707,-0.06248232904783502,0.028863636363636366,-0.033376802270794315,-21.085638246236957,-0.01992117692368167,0.18333333333333335,-0.06495960352759567,0.008569847280597287
y_score,50,0,0.5,0.5,0.015621396152626144,0.4383099326625484,-0.05819493789912511,0.019090909090909092,-0.026353631616031215,-23.040871327428555,-0.01751160015330555,0.17333333333333334,-0.09908178225313558,0.015593017935360387
y_score,50,0,0.5,1.0,-0.012373796419440697,-0.27108450092500747,-0.07335402061080909,0.011818181818181818,-0.016009120498830853,-11.408980314320331,-0.00797993222518567,0.16666666666666666,-0.12707697482520242,0.025937529052560748
y_score,50,0,0.8,0.0,-0.02104710590658143,-0.39007597290919727,-0.08030303587392729,0.027954545454545454,-0.02988033287169023,-18.586199026444266,-0.02062358464822045,0.17666666666666667,-0.13575028431234315,0.012066316679701372
y_score,50,0,0.8,0.25,-0.02166334609481435,-0.45572414187311283,-0.07519671096260527,0.026590909090909096,-0.03168422036837526,-19.337594672415186,-0.020876387476659874,0.17333333333333334,-0.13636652450057607,0.010262429183016342
y_score,50,0,0.8,0.5,-0.007251857976061538,-0.12891671294200835,-0.07616784969553425,0.018863636363636367,-0.030213781514066285,-20.219123102133373,-0.021428368308197387,0.17,-0.12195503638182326,0.011732868037325317
y_score,50,0,0.8,1.0,-0.012373796419440697,-0.27108450092500747,-0.07335402061080909,0.011818181818181818,-0.016009120498830853,-11.408980314320331,-0.00797993222518567,0.16666666666666666,-0.12707697482520242,0.025937529052560748
y_score,50,1,0.0,0.0,0.09277799777362161,1.3021070829405805,-0.1163333222245555,0.05090909090909091,-0.0603971613183506,-10.370510074450515,-0.05284523738677949,0.20000000000000004,-0.021925180632140107,-0.018450511766959
y_score,50,1,0.0,0.25,0.05961007880918601,1.1650601687141824,-0.08588778147527698,0.05090909090909091,-0.03570152942462046,-6.51471401797268,-0.03731230415627096,0.20000000000000004,-0.05509309959657571,0.006245120126771142
y_score,50,1,0.0,0.5,-0.014150471038250956,-0.3209966386418244,-0.07550397693074218,0.05090909090909091,-0.03271971815282615,-28.1061622617053,-0.02295816332303613,0.20000000000000004,-0.12885364944401267,0.009226931398565452
y_score,50,1,0.0,1.0,-0.013791976970777386,-0.27982423748694596,-0.09271114515494383,0.05090909090909091,-0.013834055691571812,-9.413965309854857,-0.007617062514525541,0.20000000000000004,-0.1284951553765391,0.02811259385981979
y_score,50,1,0.2,0.0,0.12286274343879011,2.005609854198666,-0.09033993998210765,0.05090909090909091,-0.040696626748223275,-10.27039511783925,-0.03230601335113181,0.20000000000000004,0.008159565033028393,0.001250022803168327
y_score,50,1,0.2,0.25,0.05108890099396479,1.159189020927109,-0.06950702324309876,0.05090909090909091,-0.038649518043106346,-12.151429373984941,-0.024904433387809344,0.20000000000000004,-0.06361427741179693,0.003297131508285256
y_score,50,1,0.2,0.5,-0.011584391556388351,-0.2662009306331306,-0.06778789681916753,0.05090909090909091,-0.03176911006760963,-27.390429088014333,-0.022422325238861007,0.20000000000000004,-0.12628756996215007,0.010177539483781972
y_score,50,1,0.2,1.0,-0.013791976970777386,-0.27982423748694596,-0.09271114515494383,0.05090909090909091,-0.013834055691571812,-9.413965309854857,-0.007617062514525541,0.20000000000000004,-0.1284951553765391,0.02811259385981979
y_score,50,1,0.5,0.0,0.05860832360480894,1.1610916135105567,-0.07848928507376118,0.05090909090909091,-0.031698537045921626,-14.429306556998437,-0.01932424452888115,0.20000000000000004,-0.056094854800952776,0.010248112505469975
y_score,50,1,0.5,0.25,0.025322947870097146,0.6357942642117747,-0.05971946456458177,0.05090909090909091,-0.03635722592861845,-22.600321555303157,-0.022943088789330268,0.20000000000000004,-0.08938023053566457,0.005589423622773149
y_score,50,1,0.5,0.5,-0.010663889448676578,-0.23338379181278732,-0.07352072580431401,0.05090909090909091,-0.030679683136708658,-24.349694773088043,-0.021876938097573073,0.20000000000000004,-0.1253670678544383,0.011266966414682944
y_score,50,1,0.5,1.0,-0.013791976970777386,-0.27982423748694596,-0.09271114515494383,0.05090909090909091,-0.013834055691571812,-9.413965309854857,-0.007617062514525541,0.20000000000000004,-0.1284951553765391,0.02811259385981979
y_score,50,1,0.8,0.0,-0.01759446636370854,-0.3008992650869099,-0.08188649118122027,0.05090909090909091,-0.031247861663014742,-22.071006836486415,-0.022004162210885858,0.20000000000000004,-0.13229764476947026,0.01069878788837686
y_score,50,1,0.8,0.25,-0.01610061915182892,-0.34260240376206785,-0.0724549274818832,0.05090909090909091,-0.03314260484048259,-22.662031539040925,-0.022351049671384016,0.20000000000000004,-0.13080379755759064,0.00880404471090901
y_score,50,1,0.8,0.5,-0.015670192962447982,-0.3670626528701264,-0.07330485646181939,0.05090909090909091,-0.0309296243432442,-22.150236488243277,-0.02215069604603348,0.20000000000000004,-0.1303733713682097,0.011017025208147402
y_score,50,1,0.8,1.0,-0.013791976970777386,-0.27982423748694596,-0.09271114515494383,0.05090909090909091,-0.013834055691571812,-9.413965309854857,-0.007617062514525541,0.20000000000000004,-0.1284951553765391,0.02811259385981979
y_score,50,2,0.0,0.0,0.0769605686306627,1.0932207953946482,-0.11886919397300544,0.09045454545454545,-0.05523472817753183,-8.662219901113746,-0.05470798872820237,0.2333333333333334,-0.03774260977509902,-0.013288078626140232
y_score,50,2,0.0,0.25,0.08518513956619356,1.507363616210138,-0.09204532368756735,0.09045454545454545,-0.039004690985123824,-7.254284054155886,-0.038274509590434214,0.2333333333333334,-0.02951803883956816,0.002941958566267777
y_score,50,2,0.0,0.5,0.004394607137494733,0.17049203520081524,-0.06326071240825404,0.09045454545454545,-0.033238118986655185,-24.99786146611378,-0.023481795730647903,0.2333333333333334,-0.11030857126826699,0.008708530564736416
y_score,50,2,0.0,1.0,-0.01070351006786574,-0.1971684511516168,-0.09895770903648293,0.09045454545454545,-0.013162003719049409,-8.514364148574561,-0.008013394496683146,0.2333333333333334,-0.12540668847362746,0.028784645832342193
y_score,50,2,0.2,0.0,0.1130185278976894,1.8338461375113775,-0.09089269719936754,0.09045454545454545,-0.04198705183127682,-10.643387193397896,-0.033392710596263364,0.2333333333333334,-0.0016846505080723162,-4.040227988522105e-05
y_score,50,2,0.2,0.25,0.06360864970964175,1.4509754677276843,-0.06896382796489442,0.09045454545454545,-0.038211095472015066,-11.748232114483317,-0.02475223127245685,0.2333333333333334,-0.05109452869611997,0.003735554079376535
y_score,50,2,0.2,0.5,0.010935641735184909,0.3409168743554041,-0.0658583651524246,0.09045454545454545,-0.03228833061482639,-24.217673820995003,-0.02294655806443413,0.2333333333333334,-0.10376753667057681,0.009658318936565213
y_score,50,2,0.2,1.0,-0.01070351006786574,-0.1971684511516168,-0.09895770903648293,0.09045454545454545,-0.013162003719049409,-8.514364148574561,-0.008013394496683146,0.2333333333333334,-0.12540668847362746,0.028784645832342193
y_score,50,2,0.5,0.0,0.06890861369964574,1.2856263449810599,-0.08460967003649011,0.09045454545454545,-0.031820376444448684,-13.480690858926037,-0.01957631746575328,0.2333333333333334,-0.04579456470611598,0.010126273106942918
y_score,50,2,0.5,0.25,0.006523500112796343,0.2112457335535813,-0.0624513208116646,0.09045454545454545,-0.03766681024664198,-22.395378642088588,-0.024270902833254393,0.2333333333333334,-0.10817967829296538,0.004279839304749622
y_score,50,2,0.5,0.5,0.0018045158780541914,0.10196422145189578,-0.07040879676789458,0.09045454545454545,-0.03037363354604916,-22.36431566901056,-0.02156810916094387,0.2333333333333334,-0.11289866252770753,0.01157301600534244
y_score,50,2,0.5,1.0,-0.01070351006786574,-0.1971684511516168,-0.09895770903648293,0.09045454545454545,-0.013162003719049409,-8.514364148574561,-0.008013394496683146,0.2333333333333334,-0.12540668847362746,0.028784645832342193
y_score,50,2,0.8,0.0,0.025866922249725866,0.5958144817581025,-0.0673872588305251,0.09045454545454545,-0.03228775010739082,-22.184220964077994,-0.023053973127546756,0.2333333333333334,-0.08883625615603585,0.00965889944400078
y_score,50,2,0.8,0.25,-0.012373327610763707,-0.25320477535246677,-0.06810932881905507,0.09045454545454545,-0.035126644598527434,-24.469468484584823,-0.024357234240663495,0.2333333333333334,-0.12707650601652543,0.006820004952864167
y_score,50,2,0.8,0.5,0.00200828819146337,0.10728137727912161,-0.05991295068210423,0.09045454545454545,-0.03139450215966566,-21.183929386896448,-0.022619785248046642,0.2333333333333334,-0.11269489021429835,0.010552147391725941
y_score,50,2,0.8,1.0,-0.01070351006786574,-0.1971684511516168,-0.09895770903648293,0.09045454545454545,-0.013162003719049409,-8.514364148574561,-0.008013394496683146,0.2333333333333334,-0.12540668847362746,0.028784645832342193
y_score,50,3,0.0,0.0,0.10589200340154559,1.4237319485247995,-0.11450074780630537,0.13000000000000003,-0.05838369636972751,-9.29031528255949,-0.056525723145593454,0.2666666666666668,-0.008811175004216132,-0.01643704681833591
y_score,50,3,0.0,0.25,0.08123953160914632,1.435648319892924,-0.09188867836676184,0.13000000000000003,-0.03900962856729695,-7.206731404116638,-0.038862819839386886,0.2666666666666668,-0.0334636467966154,0.0029370209840946515
y_score,50,3,0.0,0.5,0.015213165997818079,0.43800772149639183,-0.06727747749589363,0.13000000000000003,-0.032344354151540244,-24.44135257061568,-0.022579011240520197,0.2666666666666668,-0.09949001240794364,0.009602295399851357
y_score,50,3,0.0,1.0,-0.01076391433921875,-0.21734309981141361,-0.08948012949927986,0.13000000000000003,-0.014219283183575349,-8.327371946627508,-0.010479517176946618,0.2666666666666668,-0.12546709274498047,0.027727366367816253
y_score,50,3,0.2,0.0,0.10168169895157475,1.593827348653203,-0.09278101045012022,0.13000000000000003,-0.04272039490318791,-11.023861112736943,-0.033484073434023154,0.2666666666666668,-0.013021479454186968,-0.0007737453517963067
y_score,50,3,0.2,0.25,0.07971319171486191,1.6749344845205234,-0.0667412105038021,0.13000000000000003,-0.038958632422795736,-11.877413199049998,-0.02605969579698164,0.2666666666666668,-0.03498998669089981,0.0029880171285958657
y_score,50,3,0.2,0.5,0.013435571037090144,0.3955145874868489,-0.06621390856046372,0.13000000000000003,-0.03139375761839902,-23.682082474543666,-0.022043349337213414,0.2666666666666668,-0.10126760736867157,0.01055289193299258
y_score,50,3,0.2,1.0,-0.01076391433921875,-0.21734309981141361,-0.08948012949927986,0.13000000000000003,-0.014219283183575349,-8.327371946627508,-0.010479517176946618,0.2666666666666668,-0.12546709274498047,0.027727366367816253
y_score,50,3,0.5,0.0,0.06227130861697594,1.148148782547758,-0.09718190247282565,0.13000000000000003,-0.030911634050767023,-13.370172602406717,-0.01860207813151915,0.2666666666666668,-0.05243186978878578,0.011035015500624579
y_score,50,3,0.5,0.25,0.024791843709302874,0.6275003648658439,-0.06032178908056318,0.13000000000000003,-0.036733641409185,-22.082832852448746,-0.023324744063120573,0.2666666666666668,-0.08991133469645884,0.005213008142206599
y_score,50,3,0.5,0.5,0.014869268105544675,0.42989369647662257,-0.06833129214703959,0.13000000000000003,-0.029604317171684214,-21.268162239713934,-0.020791806348989583,0.2666666666666668,-0.09983391030021704,0.012342332379707388
y_score,50,3,0.5,1.0,-0.01076391433921875,-0.21734309981141361,-0.08948012949927986,0.13000000000000003,-0.014219283183575349,-8.327371946627508,-0.010479517176946618,0.2666666666666668,-0.12546709274498047,0.027727366367816253
y_score,50,3,0.8,0.0,0.024237647920506644,0.5296433877429942,-0.07826914658597273,0.13000000000000003,-0.035171457406870665,-21.809959150081283,-0.025965196364828858,0.2666666666666668,-0.09046553048525507,0.006775192144520936
y_score,50,3,0.8,0.25,-0.004845257383098822,-0.060819768930556614,-0.06870447453101047,0.13000000000000003,-0.03472835252308171,-20.9917504832769,-0.0239544966379589,0.2666666666666668,-0.11954843578886054,0.007218297028309895
y_score,50,3,0.8,0.5,0.018038117845464052,0.5078184945520794,-0.06498971124959685,0.13000000000000003,-0.030056189033047076,-19.490411391939556,-0.021269348177416325,0.2666666666666668,-0.09666506056029767,0.011890460518344526
y_score,50,3,0.8,1.0,-0.01076391433921875,-0.21734309981141361,-0.08948012949927986,0.13000000000000003,-0.014219283183575349,-8.327371946627508,-0.010479517176946618,0.2666666666666668,-0.12546709274498047,0.027727366367816253
y_score,50,5,0.0,0.0,0.08867149482741743,1.213947576720791,-0.11143954113418819,0.20909090909090908,-0.05651576014442283,-8.291767511005544,-0.05921929194761011,0.3333333333333333,-0.02603168357834429,-0.014569110593031231
y_score,50,5,0.0,0.25,0.056591827926023575,0.9887116994641535,-0.0944327676612563,0.20909090909090908,-0.043427444505754975,-7.8067956958559215,-0.04445052453823206,0.3333333333333333,-0.058111350479738144,-0.0014807949543633736
y_score,50,5,0.0,0.5,0.02017607163275703,0.5503229847035864,-0.05974843447451883,0.20909090909090908,-0.03052702945104524,-20.930627619016505,-0.020743346545878394,0.3333333333333333,-0.09452710677300469,0.011419620100346362
y_score,50,5,0.0,1.0,0.01573499653858046,0.4603539383408714,-0.07883823712688476,0.20909090909090908,-0.011602213323484656,-6.6033503972423375,-0.009325546704961218,0.3333333333333333,-0.09896818186718126,0.030344436227906946
y_score,50,5,0.2,0.0,0.11060729685144244,1.6771609539984802,-0.09505277367457354,0.20909090909090908,-0.04214033876825485,-9.823286297220402,-0.03673725846695175,0.3333333333333333,-0.004095881554319281,-0.00019368921686324647
y_score,50,5,0.2,0.25,0.06601090348818106,1.3249934716633387,-0.07781990600241784,0.20909090909090908,-0.036801461817470016,-10.18745654164511,-0.028100520709120946,0.3333333333333333,-0.04869227491758066,0.005145187733921586
y_score,50,5,0.2,0.5,0.011437924716444892,0.3440066206938781,-0.06156861901299604,0.20909090909090908,-0.030826622082667954,-22.44433084313968,-0.021470738977371395,0.3333333333333333,-0.10326525368931683,0.011120027468723648
y_score,50,5,0.2,1.0,0.01573499653858046,0.4603539383408714,-0.07883823712688476,0.20909090909090908,-0.011602213323484656,-6.6033503972423375,-0.009325546704961218,0.3333333333333333,-0.09896818186718126,0.030344436227906946
y_score,50,5,0.5,0.0,0.05904083459785059,1.079289678367297,-0.08929665497714734,0.20909090909090908,-0.029857679860450514,-12.948061564727185,-0.01748198731067685,0.3333333333333333,-0.05566234380791113,0.012088969690941087
y_score,50,5,0.5,0.25,0.02694870080884426,0.6410302908890781,-0.07831080928283973,0.20909090909090908,-0.04040856561662576,-23.730932554190492,-0.027050824091599424,0.3333333333333333,-0.08775447759691746,0.0015380839347658437
y_score,50,5,0.5,0.5,0.009531164778782353,0.2934418838382483,-0.06775762018962528,0.20909090909090908,-0.02943512639079804,-18.45523149572876,-0.020621079086012517,0.3333333333333333,-0.10517201362697937,0.012511523160593563
y_score,50,5,0.5,1.0,0.01573499653858046,0.4603539383408714,-0.07883823712688476,0.20909090909090908,-0.011602213323484656,-6.6033503972423375,-0.009325546704961218,0.3333333333333333,-0.09896818186718126,0.030344436227906946
y_score,50,5,0.8,0.0,0.03077830945039639,0.6619962878282852,-0.08819148308625724,0.20909090909090908,-0.033371611890563146,-19.803444475837136,-0.024148176970545165,0.3333333333333333,-0.08392486895536533,0.008575037660828455
y_score,50,5,0.8,0.25,0.01134537460458751,0.31642107947913084,-0.07945331771734054,0.20909090909090908,-0.034471313281932425,-19.788180595870525,-0.023694588459606036,0.3333333333333333,-0.10335780380117421,0.007475336269459176
y_score,50,5,0.8,0.5,0.004975290503158369,0.1813458844936987,-0.06842282650935394,0.20909090909090908,-0.02756267368723997,-16.569371235592122,-0.01875324376792642,0.3333333333333333,-0.10972788790260335,0.014383975864151632
y_score,50,5,0.8,1.0,0.01573499653858046,0.4603539383408714,-0.07883823712688476,0.20909090909090908,-0.011602213323484656,-6.6033503972423375,-0.009325546704961218,0.3333333333333333,-0.09896818186718126,0.030344436227906946
z_y_plus_direction,10,0,0.0,0.0,0.04764529263753858,0.797894288704699,-0.09077180906761484,0.1068181818181818,-0.060734691269240026,-12.04471003663435,-0.05043751857959167,0.25000000000000006,-0.06705788576822314,-0.018788041717848425
z_y_plus_direction,10,0,0.0,0.25,0.008974933130196261,0.23348901492560034,-0.0897958222951094,0.10340909090909092,-0.051447534690515107,-10.26982079142689,-0.04696647277779398,0.25000000000000006,-0.10572824527556546,-0.009500885139123505
z_y_plus_direction,10,0,0.0,0.5,0.0016692892214580368,0.10645455695046095,-0.09113917333753074,0.09659090909090909,-0.04346121941078773,-17.954974387384027,-0.029171899745217167,0.25000000000000006,-0.11303388918430368,-0.001514569859396131
z_y_plus_direction,10,0,0.0,1.0,0.05229934043950957,1.1675354015264587,-0.06995943368376145,0.06363636363636364,-0.01268329732910134,-9.659665825860534,-0.00868848001940814,0.20000000000000004,-0.06240383796625215,0.029263352222290262
z_y_plus_direction,10,0,0.2,0.0,0.06143218209365009,1.0699110558859906,-0.08936780103688069,0.10795454545454546,-0.03346768849317627,-7.501024879414741,-0.02874235405368797,0.25000000000000006,-0.05327099631211163,0.008478961058215329
z_y_plus_direction,10,0,0.2,0.25,0.040722673242169716,0.7652283633766238,-0.08286347801675531,0.10340909090909092,-0.0432101899974594,-11.128956763662643,-0.03220078093115697,0.25000000000000006,-0.073980505163592,-0.0012635404460678012
z_y_plus_direction,10,0,0.2,0.5,-0.010759753678379669,-0.15643322337273702,-0.09658991197428712,0.09545454545454546,-0.039049830094396,-16.531423950320214,-0.02430166965237901,0.25000000000000006,-0.1254629320841414,0.002896819456995603
z_y_plus_direction,10,0,0.2,1.0,0.05229934043950957,1.1675354015264587,-0.06995943368376145,0.06363636363636364,-0.01268329732910134,-9.659665825860534,-0.00868848001940814,0.20000000000000004,-0.06240383796625215,0.029263352222290262
z_y_plus_direction,10,0,0.5,0.0,0.04736649093840173,0.9532680057123484,-0.07828592276597102,0.10113636363636364,-0.028863500884657722,-6.8831063134909645,-0.0262680778392822,0.25000000000000006,-0.06733668746735999,0.01308314866673388
z_y_plus_direction,10,0,0.5,0.25,0.03775806633064205,0.7655529228716383,-0.07453961390294483,0.09772727272727272,-0.04161412904827022,-17.392321637520492,-0.02277895628168447,0.25000000000000006,-0.07694511207511967,0.0003325205031213807
z_y_plus_direction,10,0,0.5,0.5,-0.005135861414061749,-0.04007330818839113,-0.0899560700881652,0.09204545454545454,-0.03276805498136348,-13.714083768599876,-0.016991452995326894,0.25000000000000006,-0.11983903981982347,0.00917859457002812
z_y_plus_direction,10,0,0.5,1.0,0.05229934043950957,1.1675354015264587,-0.06995943368376145,0.06363636363636364,-0.01268329732910134,-9.659665825860534,-0.00868848001940814,0.20000000000000004,-0.06240383796625215,0.029263352222290262
z_y_plus_direction,10,0,0.8,0.0,-0.0682493802901295,-1.3946782236959123,-0.11760546248000758,0.09659090909090909,-0.024663815731456706,-14.850072400412438,-0.013322711799195641,0.2166666666666667,-0.18295255869589122,0.017282833819934895
z_y_plus_direction,10,0,0.8,0.25,-0.04528255092272859,-0.9201930610286458,-0.10355283874038135,0.09431818181818183,-0.024994322430849536,-13.033554749749262,-0.013819326633613849,0.25000000000000006,-0.1599857293284903,0.016952327120542066
z_y_plus_direction,10,0,0.8,0.5,-0.019824553250136545,-0.3632829971914767,-0.09812646154405347,0.08977272727272728,-0.038083408844881816,-24.68723852369377,-0.031002153788148745,0.2333333333333334,-0.13452773165589826,0.003863240706509785
z_y_plus_direction,10,0,0.8,1.0,0.05229934043950957,1.1675354015264587,-0.06995943368376145,0.06363636363636364,-0.01268329732910134,-9.659665825860534,-0.00868848001940814,0.20000000000000004,-0.06240383796625215,0.029263352222290262
z_y_plus_direction,10,1,0.0,0.0,0.10287260535923282,1.2621690728707888,-0.12008076220830333,0.20909090909090908,-0.05684918842986397,-11.453766841565422,-0.04747394760770607,0.3333333333333333,-0.011830573046528903,-0.014902538878472371
z_y_plus_direction,10,1,0.0,0.25,-0.0029099628408491007,0.07414364908456061,-0.11502072879836167,0.20909090909090908,-0.04453519441852671,-8.706705668855054,-0.04306643341476202,0.3333333333333333,-0.11761314124661082,-0.002588544867135112
z_y_plus_direction,10,1,0.0,0.5,-0.019360652666951306,-0.20842446740395856,-0.09930621920211136,0.20909090909090908,-0.03988192061551654,-22.19639909768302,-0.02483484701809624,0.3333333333333333,-0.13406383107271302,0.00206472893587506
z_y_plus_direction,10,1,0.0,1.0,0.10387282748235571,2.1562713308237575,-0.05886519744976215,0.20909090909090908,-0.02771532072177252,-34.501293525171306,-0.019993776270360142,0.3333333333333333,-0.010830350923406007,0.014231328829619083
z_y_plus_direction,10,1,0.2,0.0,0.06875863904460644,1.0164631796084547,-0.11227818299951708,0.20909090909090908,-0.027289996625852297,-6.362008165196324,-0.02374651373295089,0.3333333333333333,-0.04594453936115528,0.014656652925539304
z_y_plus_direction,10,1,0.2,0.25,0.004943577043869052,0.17036773074174452,-0.09759481242827883,0.20909090909090908,-0.040921771149053154,-11.898518594753074,-0.027374538611967925,0.3333333333333333,-0.10975960136189267,0.0010248784023384472
z_y_plus_direction,10,1,0.2,0.5,-0.01682541280088412,-0.239229250162472,-0.09602781934891691,0.20909090909090908,-0.03588700177563009,-20.02840342677868,-0.021046212418587618,0.3333333333333333,-0.13152859120664584,0.006059647775761512
z_y_plus_direction,10,1,0.2,1.0,0.10387282748235571,2.1562713308237575,-0.05886519744976215,0.20909090909090908,-0.02771532072177252,-34.501293525171306,-0.019993776270360142,0.3333333333333333,-0.010830350923406007,0.014231328829619083
z_y_plus_direction,10,1,0.5,0.0,-0.050851095344452646,-0.6917773639042546,-0.11782866965616301,0.20909090909090908,-0.016851054743910354,-3.809951516588203,-0.019334824024203168,0.3333333333333333,-0.16555427375021436,0.025095594807481247
z_y_plus_direction,10,1,0.5,0.25,-0.038593336919046206,-0.5283089431758793,-0.11638733288179426,0.20909090909090908,-0.03902574804929515,-15.426838837807695,-0.021210021062485818,0.3333333333333333,-0.15329651532480792,0.0029209015020964513
z_y_plus_direction,10,1,0.5,0.5,0.03130996133352282,0.6819629753435342,-0.08184759569011968,0.20909090909090908,-0.026977016572930612,-9.727646823849978,-0.014203787448495042,0.3333333333333333,-0.0833932170722389,0.01496963297846099
z_y_plus_direction,10,1,0.5,1.0,0.10387282748235571,2.1562713308237575,-0.05886519744976215,0.20909090909090908,-0.02771532072177252,-34.501293525171306,-0.019993776270360142,0.3333333333333333,-0.010830350923406007,0.014231328829619083
z_y_plus_direction,10,1,0.8,0.0,-0.06513752648446802,-0.9671699057711765,-0.1700582993143369,0.20909090909090908,-0.03177485022523696,-17.378264899074342,-0.02051643263493741,0.3333333333333333,-0.17984070489022974,0.01017179932615464
z_y_plus_direction,10,1,0.8,0.25,0.000866300252706953,0.0935022093758818,-0.09208994571645635,0.20909090909090908,-0.031203162857994182,-15.11620233923895,-0.021394188089983057,0.3333333333333333,-0.11383687815305477,0.01074348669339742
z_y_plus_direction,10,1,0.8,0.5,0.02386858321492147,0.5322870502483179,-0.08546760240699058,0.20909090909090908,-0.040609763496302964,-29.688446894451836,-0.03354710647791859,0.3333333333333333,-0.09083459519084025,0.0013368860550886374
z_y_plus_direction,10,1,0.8,1.0,0.10387282748235571,2.1562713308237575,-0.05886519744976215,0.20909090909090908,-0.02771532072177252,-34.501293525171306,-0.019993776270360142,0.3333333333333333,-0.010830350923406007,0.014231328829619083
z_y_plus_direction,10,2,0.0,0.0,0.15229203891424414,1.8260388409801172,-0.12538170082422395,0.4068181818181818,-0.055934239952767695,-9.647217553828318,-0.05379517322453564,0.49999999999999994,0.037588860508482425,-0.013987590401376093
z_y_plus_direction,10,2,0.0,0.25,0.12715377474720913,1.7147378939299418,-0.12151461063061852,0.4068181818181818,-0.048194891906877535,-9.946774564650958,-0.04236473486534398,0.49999999999999994,0.012450596341447406,-0.006248242355485933
z_y_plus_direction,10,2,0.0,0.5,-0.000376347881304695,0.08719089191547136,-0.10537686959763015,0.4068181818181818,-0.03328421004677795,-17.183705780400974,-0.018133736421138358,0.49999999999999994,-0.11507952628706641,0.00866243950461365
z_y_plus_direction,10,2,0.0,1.0,0.01625881555535713,0.4044546539318844,-0.07046305865838765,0.4068181818181818,-0.02298705699726633,-30.581936917343704,-0.01522796233108159,0.49999999999999994,-0.09844436285040459,0.01895959255412527
z_y_plus_direction,10,2,0.2,0.0,0.04879009812222446,0.7843335478653425,-0.140013862883692,0.4068181818181818,-0.036106434955463285,-6.922302567724876,-0.037298355731495425,0.49999999999999994,-0.06591308028353726,0.005840214595928317
z_y_plus_direction,10,2,0.2,0.25,0.003803877348972806,0.1516904961013746,-0.11643873458094522,0.4068181818181818,-0.042302922746596194,-8.655475232402594,-0.04179158389218207,0.49999999999999994,-0.11089930105678891,-0.0003562731952045928
z_y_plus_direction,10,2,0.2,0.5,-0.04138798668037014,-0.6015221700605754,-0.12986733932257744,0.4068181818181818,-0.029561457637684918,-15.21023757655358,-0.014983308161167441,0.49999999999999994,-0.15609116508613186,0.012385191913706683
z_y_plus_direction,10,2,0.2,1.0,0.01625881555535713,0.4044546539318844,-0.07046305865838765,0.4068181818181818,-0.02298705699726633,-30.581936917343704,-0.01522796233108159,0.49999999999999994,-0.09844436285040459,0.01895959255412527
z_y_plus_direction,10,2,0.5,0.0,-0.008721653218618397,-0.04047771978428557,-0.10887547595507152,0.4068181818181818,-0.014112906652894663,-3.224707257963122,-0.017009402122422967,0.49999999999999994,-0.12342483162438012,0.027833742898496938
z_y_plus_direction,10,2,0.5,0.25,-0.010745422088327627,-0.09537110662967732,-0.11259343349345907,0.4068181818181818,-0.04067376139767587,-16.095994985056056,-0.023026646768221193,0.49999999999999994,-0.12544860049408935,0.0012728881537157344
z_y_plus_direction,10,2,0.5,0.5,0.015117696361893529,0.35407274030171576,-0.08411448524329379,0.4068181818181818,-0.034241406783784734,-13.295686140181907,-0.018387227761883063,0.49999999999999994,-0.09958548204386819,0.007705242767606868
z_y_plus_direction,10,2,0.5,1.0,0.01625881555535713,0.4044546539318844,-0.07046305865838765,0.4068181818181818,-0.02298705699726633,-30.581936917343704,-0.01522796233108159,0.49999999999999994,-0.09844436285040459,0.01895959255412527
z_y_plus_direction,10,2,0.8,0.0,0.00203307127428487,0.12362722025221384,-0.14514457267444958,0.4068181818181818,-0.03802640176787264,-17.778160455790275,-0.027671467527126348,0.49999999999999994,-0.11267010713147685,0.00392024778351896
z_y_plus_direction,10,2,0.8,0.25,-0.014534066585548233,-0.17764427147298567,-0.11317747202771644,0.4068181818181818,-0.03768838591882273,-16.653230072466783,-0.028599096232041044,0.49999999999999994,-0.12923724499130995,0.0042582636325688705
z_y_plus_direction,10,2,0.8,0.5,0.059444561392828055,1.0958306964417304,-0.06981092632193187,0.4068181818181818,-0.034003487522303866,-24.666907456876668,-0.026892197674860063,0.49999999999999994,-0.055258617012933664,0.007943162029087736
z_y_plus_direction,10,2,0.8,1.0,0.01625881555535713,0.4044546539318844,-0.07046305865838765,0.4068181818181818,-0.02298705699726633,-30.581936917343704,-0.01522796233108159,0.49999999999999994,-0.09844436285040459,0.01895959255412527
z_y_plus_direction,10,3,0.0,0.0,0.19841200796483882,2.402495108488035,-0.1112068819785742,0.6045454545454544,-0.06955870476649928,-11.451253617394741,-0.06472929990652643,0.6666666666666666,0.0837088295590771,-0.027612055215107678
z_y_plus_direction,10,3,0.0,0.25,0.07485290867253158,1.067722674045786,-0.11173960562491914,0.6045454545454544,-0.05211559804299504,-9.169377450689243,-0.051463833655970515,0.6666666666666666,-0.03985026973323014,-0.010168948491603436
z_y_plus_direction,10,3,0.0,0.5,0.00031626768405312866,0.09608448147332165,-0.10714802555985636,0.6045454545454544,-0.03689757660752646,-15.116817807100277,-0.02222074002660379,0.6666666666666666,-0.11438691072170859,0.0050490729438651405
z_y_plus_direction,10,3,0.0,1.0,0.01536938613745642,0.3770190636339104,-0.08766698518310134,0.6045454545454544,-0.022159587422617477,-12.051787300770435,-0.017300027585954836,0.6666666666666666,-0.0993337922683053,0.019787062128774124
z_y_plus_direction,10,3,0.2,0.0,0.027118007695023705,0.47854928164214433,-0.12522102054080853,0.6045454545454544,-0.04156276535847536,-7.862562037430043,-0.0423741411998757,0.6666666666666666,-0.08758517071073801,0.00038388419291623954
z_y_plus_direction,10,3,0.2,0.25,0.0017475144869378845,0.12013801969222816,-0.10966615701745586,0.6045454545454544,-0.045131903447516275,-10.06517247403125,-0.04099952493929959,0.6666666666666666,-0.11295566391882383,-0.0031852538961246735
z_y_plus_direction,10,3,0.2,0.5,0.03650563518327776,0.7195544515281432,-0.08083804155205754,0.6045454545454544,-0.027792045174698687,-11.454726784995776,-0.014987910975953755,0.6666666666666666,-0.07819754322248396,0.014154604376692914
z_y_plus_direction,10,3,0.2,1.0,0.0138615090301073,0.3476188166408422,-0.08902184784303868,0.6045454545454544,-0.022159587422617477,-12.051787300770435,-0.017300027585954836,0.6666666666666666,-0.10084166937565442,0.019787062128774124
z_y_plus_direction,10,3,0.5,0.0,0.02322976536119259,0.43545786719577584,-0.10707514437546162,0.6045454545454544,-0.04110217331180188,-9.940723996465554,-0.03347635158947593,0.6666666666666666,-0.09147341304456913,0.0008444762395897198
z_y_plus_direction,10,3,0.5,0.25,0.026697174479393793,0.5034309721900171,-0.11753849004865946,0.6045454545454544,-0.04604627820537277,-18.320592926567134,-0.027298210536672585,0.6666666666666666,-0.08800600392636793,-0.004099628653981169
z_y_plus_direction,10,3,0.5,0.5,-0.005163676006910922,-0.00748197801277326,-0.08067557218873367,0.6045454545454544,-0.02830548985913861,-10.14648708690174,-0.013551681333938026,0.6666666666666666,-0.11986685441267264,0.013641159692252991
z_y_plus_direction,10,3,0.5,1.0,0.0138615090301073,0.3476188166408422,-0.08902184784303868,0.6045454545454544,-0.022159587422617477,-12.051787300770435,-0.017300027585954836,0.6666666666666666,-0.10084166937565442,0.019787062128774124
z_y_plus_direction,10,3,0.8,0.0,0.008503971043903436,0.22303038979455847,-0.10363036873940179,0.6045454545454544,-0.03858438822803889,-16.58623896839587,-0.02910126379361555,0.6666666666666666,-0.10619920736185828,0.003362261323352711
z_y_plus_direction,10,3,0.8,0.25,0.03995721740490521,0.7329928730687159,-0.08771752101331165,0.6045454545454544,-0.022008478382479768,-5.803637530363056,-0.02443344423535232,0.6666666666666666,-0.07474596100085651,0.019938171168911833
z_y_plus_direction,10,3,0.8,0.5,0.024117479816566423,0.4735291978953372,-0.11457801070622187,0.6045454545454544,-0.042034242296833724,-41.337438442260975,-0.03498207173621737,0.6666666666666666,-0.0905856985891953,-8.759274544212214e-05
z_y_plus_direction,10,3,0.8,1.0,0.019915988985264033,0.46285620223756224,-0.08569148525699721,0.6045454545454544,-0.02218002711203826,-12.057182445419867,-0.017320568854214513,0.6666666666666666,-0.09478718942049769,0.019766622439353343
z_y_plus_direction,10,5,0.0,0.0,0.1278891706470755,1.6069278654633918,-0.10001470442245364,1.0,-0.0680778447681265,-12.628345642312402,-0.0592608737063437,1.0,0.013185992241313782,-0.026131195216734904
z_y_plus_direction,10,5,0.0,0.25,0.08325298034697792,1.1727287982041237,-0.11028725499510972,1.0,-0.06244775735694441,-12.101141780273677,-0.05658983917096738,1.0,-0.031450198058783796,-0.02050110780555281
z_y_plus_direction,10,5,0.0,0.5,-0.035227505634769174,-0.44581177712494446,-0.11021697072130687,1.0,-0.038938543470132925,-15.344690690951293,-0.025103386862734278,1.0,-0.1499306840405309,0.003008106081258677
z_y_plus_direction,10,5,0.0,1.0,-0.06820514862253102,-1.3330707831301458,-0.12494549142959466,1.0,-0.013341934754135032,-6.415656508523083,-0.01362481792776693,1.0,-0.18290832702829274,0.02860471479725657
z_y_plus_direction,10,5,0.2,0.0,0.010162329115836588,0.24276665039185677,-0.12908984798246437,1.0,-0.050313307357055415,-9.995597029072764,-0.047212965044156174,1.0,-0.10454084928992513,-0.008366657805663813
z_y_plus_direction,10,5,0.2,0.25,0.059132434649277865,0.8975344791783743,-0.13358131736365297,1.0,-0.0491451448537229,-12.432578555258141,-0.03840264005692551,1.0,-0.055570743756483854,-0.007198495302331298
z_y_plus_direction,10,5,0.2,0.5,-0.04653922935212451,-0.6564718658413704,-0.12682874648667675,1.0,-0.03277485271483904,-15.120751225544511,-0.01907781226133609,1.0,-0.16124240775788623,0.00917179683655256
z_y_plus_direction,10,5,0.2,1.0,-0.07050814450147991,-1.3568418361265517,-0.13418397240119417,1.0,-0.013341934754135032,-6.415656508523083,-0.01362481792776693,1.0,-0.18521132290724163,0.02860471479725657
z_y_plus_direction,10,5,0.5,0.0,0.023180022922399957,0.425465793422784,-0.09530029665006645,1.0,-0.035753793065946504,-7.578564728233698,-0.033558568087937,1.0,-0.09152315548336176,0.006192856485445097
z_y_plus_direction,10,5,0.5,0.25,0.01017263997343032,0.2440400537349798,-0.09617108298817678,1.0,-0.039921374217941175,-11.128917385619632,-0.0268839970875141,1.0,-0.1045305384323314,0.002025275333450427
z_y_plus_direction,10,5,0.5,0.5,-0.06172769231104258,-0.8647218087278206,-0.11364393123938898,1.0,-0.036112023644380264,-11.799864524257108,-0.023514580081184788,1.0,-0.1764308707168043,0.005834625907011337
z_y_plus_direction,10,5,0.5,1.0,-0.07256579106749561,-1.3832906471187092,-0.13528775124467485,1.0,-0.013341934754135032,-6.415656508523083,-0.01362481792776693,1.0,-0.18726896947325733,0.02860471479725657
z_y_plus_direction,10,5,0.8,0.0,-0.002887877928254401,0.059756994299241764,-0.10592802073571272,1.0,-0.030318557454019235,-11.325441304133546,-0.026396943066455125,1.0,-0.11759105633401612,0.011628092097372367
z_y_plus_direction,10,5,0.8,0.25,-0.0019149555408128904,0.07039798700990374,-0.08701383946482044,1.0,-0.014158519871847353,-3.8457792037003844,-0.016816397536433936,1.0,-0.11661813394657461,0.02778812967954425
z_y_plus_direction,10,5,0.8,0.5,0.008398774287903032,0.2226355512823612,-0.08682978729213398,1.0,-0.0212874847835548,-9.478171056104632,-0.02099038645761042,1.0,-0.10630440411785869,0.020659164767836802
z_y_plus_direction,10,5,0.8,1.0,-0.05134043809265432,-0.9385847066991764,-0.1269262142205858,1.0,-0.01419047342989943,-6.743961003188063,-0.014473113320349396,1.0,-0.16604361649841604,0.02775617612149217
z_y_plus_direction,20,0,0.0,0.0,0.08260355267070785,1.2611405940247928,-0.09395792597858266,0.05909090909090908,-0.056488737609370676,-10.510219958621688,-0.05027544890634905,0.20833333333333337,-0.03209962573505387,-0.014542088057979075
z_y_plus_direction,20,0,0.0,0.25,0.0440058648873527,0.7720505478752759,-0.08813711119702816,0.057386363636363645,-0.04752621837258675,-11.223998204021127,-0.0394316857567818,0.20833333333333337,-0.07069731351840902,-0.005579568821195147
z_y_plus_direction,20,0,0.0,0.5,0.04866343516492466,0.9592312340466549,-0.08232107094948005,0.0534090909090909,-0.042705349026587625,-14.370249614340326,-0.02742684336386536,0.20000000000000004,-0.06603974324083706,-0.000758699475196023
z_y_plus_direction,20,0,0.0,1.0,0.044122764368477174,1.0460136782717422,-0.05796886116946198,0.03522727272727273,-0.023705418586340565,-18.478572394812662,-0.012841586076751899,0.17500000000000002,-0.07058041403728454,0.018241230965051036
z_y_plus_direction,20,0,0.2,0.0,0.08273439095743407,1.3902589176086189,-0.09207504933094024,0.05909090909090909,-0.030569270995536857,-8.288759427078206,-0.026145808670747672,0.20833333333333337,-0.03196878744832765,0.011377378555854745
z_y_plus_direction,20,0,0.2,0.25,0.0513683984252884,0.9793180793932148,-0.08494737886443349,0.057386363636363645,-0.04741421858097461,-16.110355793244256,-0.026857756533304133,0.20833333333333337,-0.06333477998047332,-0.005467569029583008
z_y_plus_direction,20,0,0.2,0.5,0.026999959032872445,0.6236278435747257,-0.07481325886702506,0.051704545454545454,-0.04320956269627618,-19.949942538888404,-0.027108618382925553,0.20000000000000004,-0.08770321937288927,-0.001262913144884581
z_y_plus_direction,20,0,0.2,1.0,0.044122764368477174,1.0460136782717422,-0.05796886116946198,0.03522727272727273,-0.023705418586340565,-18.478572394812662,-0.012841586076751899,0.17500000000000002,-0.07058041403728454,0.018241230965051036
z_y_plus_direction,20,0,0.5,0.0,0.030005524306158327,0.632275741889369,-0.07848086598032811,0.05511363636363636,-0.03683244060442881,-14.167246915386563,-0.0230900305033076,0.20833333333333337,-0.08469765409960339,0.005114208946962795
z_y_plus_direction,20,0,0.5,0.25,0.018464180516611917,0.4369012340819442,-0.07559849441032307,0.05397727272727273,-0.02802843202718286,-11.70672187665824,-0.0168238178334974,0.20833333333333337,-0.0962389978891498,0.013918217524208742
z_y_plus_direction,20,0,0.5,0.5,0.029410699130260065,0.6932874023719015,-0.06878011233789649,0.05,-0.03898110816378164,-24.01405379939003,-0.024425486039464595,0.20000000000000004,-0.08529247927550165,0.00296554138760996
z_y_plus_direction,20,0,0.5,1.0,0.044122764368477174,1.0460136782717422,-0.05796886116946198,0.03522727272727273,-0.023705418586340565,-18.478572394812662,-0.012841586076751899,0.17500000000000002,-0.07058041403728454,0.018241230965051036
z_y_plus_direction,20,0,0.8,0.0,-0.05594483712892562,-1.1967002746258644,-0.0979042123062247,0.0534090909090909,-0.025839719344847523,-21.26719438724938,-0.017713109898333634,0.19166666666666668,-0.17064801553468734,0.01610693020654408
z_y_plus_direction,20,0,0.8,0.25,-0.04783473615943301,-1.024463499990811,-0.09663132991356693,0.052272727272727276,-0.021387413565669533,-11.700829743671404,-0.013531123024127623,0.20833333333333337,-0.16253791456519473,0.02055923598572207
z_y_plus_direction,20,0,0.8,0.5,-0.02233240024046812,-0.4572154727892358,-0.094720519978154,0.04943181818181818,-0.029450556202603173,-16.199953000460827,-0.01792479500045263,0.20000000000000004,-0.13703557864622984,0.012496093348788428
z_y_plus_direction,20,0,0.8,1.0,0.044122764368477174,1.0460136782717422,-0.05796886116946198,0.03522727272727273,-0.023705418586340565,-18.478572394812662,-0.012841586076751899,0.17500000000000002,-0.07058041403728454,0.018241230965051036
z_y_plus_direction,20,1,0.0,0.0,0.11507642158553688,1.540440385289826,-0.10106167806365751,0.11022727272727272,-0.05424170369250736,-9.757915812651445,-0.050212482261314695,0.25000000000000006,0.0003732431797751623,-0.012295054141115758
z_y_plus_direction,20,1,0.0,0.25,0.04336906036280164,0.7358756377814919,-0.09161519204598545,0.11022727272727272,-0.04401512163462029,-10.248446744818725,-0.03760138305275573,0.25000000000000006,-0.07133411804296008,-0.0020684720832286896
z_y_plus_direction,20,1,0.0,0.5,0.020263901736835344,0.46013061518357407,-0.07033544563164507,0.11022727272727272,-0.03884195902490328,-13.755286998744987,-0.02293359082122559,0.25000000000000006,-0.09443927666892638,0.0031046905264883184
z_y_plus_direction,20,1,0.0,1.0,0.06012192696765384,1.5182038251221333,-0.05688154241965737,0.11022727272727272,-0.02649775551405198,-17.105737743292657,-0.01566499506126917,0.25000000000000006,-0.05458125143810788,0.015448894037339622
z_y_plus_direction,20,1,0.2,0.0,0.08938019773952854,1.4122007547018085,-0.10242062547094266,0.11022727272727272,-0.03656247663040513,-12.142298368605111,-0.025518138956000413,0.25000000000000006,-0.025322980666233175,0.005384172920986474
z_y_plus_direction,20,1,0.2,0.25,0.03793086616549646,0.7422295713055213,-0.08327914626810418,0.11022727272727272,-0.04501809056581363,-15.560745156119612,-0.024732793058898417,0.25000000000000006,-0.07677231224026526,-0.003071441014422027
z_y_plus_direction,20,1,0.2,0.5,-0.029857509094326495,-0.6296525495599604,-0.08931233847473297,0.11022727272727272,-0.04240496886003553,-20.901283671419606,-0.025566398970816806,0.25000000000000006,-0.14456068750008821,-0.00045831930864392856
z_y_plus_direction,20,1,0.2,1.0,0.06012192696765384,1.5182038251221333,-0.05688154241965737,0.11022727272727272,-0.02649775551405198,-17.105737743292657,-0.01566499506126917,0.25000000000000006,-0.05458125143810788,0.015448894037339622
z_y_plus_direction,20,1,0.5,0.0,-0.026702359926421115,-0.3705741587542099,-0.10614163695134504,0.11022727272727272,-0.03121878161252767,-12.57699921437899,-0.017694942748420206,0.25000000000000006,-0.14140553833218283,0.010727867938863933
z_y_plus_direction,20,1,0.5,0.25,-0.02218472481073075,-0.3744017645605556,-0.08109925865657708,0.11022727272727272,-0.02246263277166194,-8.995371995993594,-0.012017378617501406,0.25000000000000006,-0.13688790321649247,0.019484016779729663
z_y_plus_direction,20,1,0.5,0.5,-0.033847624787412656,-0.671002548434245,-0.10173607140265051,0.11022727272727272,-0.03812723652701788,-20.028203835019113,-0.023558681636245304,0.25000000000000006,-0.14855080319317437,0.003819413024373719
z_y_plus_direction,20,1,0.5,1.0,0.06012192696765384,1.5182038251221333,-0.05688154241965737,0.11022727272727272,-0.02649775551405198,-17.105737743292657,-0.01566499506126917,0.25000000000000006,-0.05458125143810788,0.015448894037339622
z_y_plus_direction,20,1,0.8,0.0,-0.004710201825671501,-0.019147424382627808,-0.09326395525125186,0.11022727272727272,-0.03445064070139847,-20.9179193519339,-0.025770640169896497,0.25000000000000006,-0.11941338023143322,0.00749600884999313
z_y_plus_direction,20,1,0.8,0.25,-0.027562024342065672,-0.5281843415718412,-0.09088333404246252,0.11022727272727272,-0.029221497609887015,-15.61469780537065,-0.020480869655280176,0.25000000000000006,-0.1422652027478274,0.012725151941504587
z_y_plus_direction,20,1,0.8,0.5,-0.03437522573671403,-0.70133139611541,-0.10490866035346291,0.11022727272727272,-0.03252021355026691,-18.42122952134972,-0.021030906068004396,0.25000000000000006,-0.14907840414247575,0.009426436001124694
z_y_plus_direction,20,1,0.8,1.0,0.06012192696765384,1.5182038251221333,-0.05688154241965737,0.11022727272727272,-0.02649775551405198,-17.105737743292657,-0.01566499506126917,0.25000000000000006,-0.05458125143810788,0.015448894037339622
z_y_plus_direction,20,2,0.0,0.0,0.11233914073926443,1.4612819031417414,-0.11642248387478837,0.20909090909090908,-0.05594666880886878,-9.5859508474824,-0.054088223704243266,0.3333333333333333,-0.0023640376664972873,-0.014000019257477181
z_y_plus_direction,20,2,0.0,0.25,0.07797438102043586,1.1393916875693555,-0.11435927632581522,0.20909090909090908,-0.039838289989846176,-9.45883501778703,-0.03326282262559366,0.3333333333333333,-0.03672879738532586,0.0021083595615454254
z_y_plus_direction,20,2,0.0,0.5,0.008298798677113695,0.23115933850900303,-0.08061534219824817,0.20909090909090908,-0.03918105190042276,-14.657612396545083,-0.023287268911599823,0.3333333333333333,-0.10640437972864802,0.002765597650968843
z_y_plus_direction,20,2,0.0,1.0,0.022323549203406623,0.5779158725159337,-0.05921735065010558,0.20909090909090908,-0.020763501238385995,-14.324910649848695,-0.009866932198313916,0.3333333333333333,-0.0923796292023551,0.021183148313005606
z_y_plus_direction,20,2,0.2,0.0,0.060796471560410126,1.03908974642501,-0.10708838528986353,0.20909090909090908,-0.03785187936492429,-10.719466904774588,-0.03099669987774234,0.3333333333333333,-0.05390670684535159,0.004094770186467311
z_y_plus_direction,20,2,0.2,0.25,0.03035896874421673,0.6014472902830776,-0.09372830220333417,0.20909090909090908,-0.047747967364455524,-13.973019290714781,-0.030815299359939652,0.3333333333333333,-0.08434420966154499,-0.005801317813063922
z_y_plus_direction,20,2,0.2,0.5,-0.04206638000846408,-0.8462297873092962,-0.09734965289342612,0.20909090909090908,-0.04217537653773362,-20.86584747183839,-0.02534175311091147,0.3333333333333333,-0.1567695584142258,-0.0002287269863420205
z_y_plus_direction,20,2,0.2,1.0,0.022323549203406623,0.5779158725159337,-0.05921735065010558,0.20909090909090908,-0.020763501238385995,-14.324910649848695,-0.009866932198313916,0.3333333333333333,-0.0923796292023551,0.021183148313005606
z_y_plus_direction,20,2,0.5,0.0,0.02387508978732855,0.48199305109976726,-0.09989860236081705,0.20909090909090908,-0.030503356812656812,-12.627052790272062,-0.0166040913961939,0.3333333333333333,-0.09082808861843317,0.01144329273873479
z_y_plus_direction,20,2,0.5,0.25,-0.0333115887681259,-0.5548251230484624,-0.08988773163837238,0.20909090909090908,-0.020924658439833155,-8.387319679345511,-0.010545679051993884,0.3333333333333333,-0.14801476717388762,0.021021991111558447
z_y_plus_direction,20,2,0.5,0.5,-0.02480527278808553,-0.4435748032529219,-0.10898259151282674,0.20909090909090908,-0.04075579921498362,-24.420092785934944,-0.0262270566167071,0.3333333333333333,-0.13950845119384725,0.001190850336407978
z_y_plus_direction,20,2,0.5,1.0,0.019878947793828372,0.5226134453631529,-0.05921735065010558,0.20909090909090908,-0.020763501238385995,-14.324910649848695,-0.009866932198313916,0.3333333333333333,-0.09482423061193335,0.021183148313005606
z_y_plus_direction,20,2,0.8,0.0,-0.046017155610798444,-0.7516815588553044,-0.11709686023684485,0.20909090909090908,-0.03563820070326418,-19.377437118421533,-0.026968875981702056,0.3333333333333333,-0.16072033401656016,0.006308448848127424
z_y_plus_direction,20,2,0.8,0.25,-0.05996913350098709,-1.1501165753093088,-0.1053906681922484,0.20909090909090908,-0.030565981379370055,-16.87356012209918,-0.02170281170969479,0.3333333333333333,-0.1746723119067488,0.011380668172021546
z_y_plus_direction,20,2,0.8,0.5,0.018989005828083716,0.46435553842588584,-0.0711129351887243,0.20909090909090908,-0.0327317901911689,-20.86506851885304,-0.021244995287584945,0.3333333333333333,-0.095714172577678,0.009214859360222705
z_y_plus_direction,20,2,0.8,1.0,0.02392948503982928,0.615775628886817,-0.055480951178553894,0.20909090909090908,-0.020763501238385995,-14.324910649848695,-0.009866932198313916,0.3333333333333333,-0.09077369336593244,0.021183148313005606
z_y_plus_direction,20,3,0.0,0.0,0.20235849951268592,2.43047689493236,-0.10832630742134619,0.30795454545454537,-0.05608376171875884,-9.134819362007415,-0.05561021004677136,0.4166666666666667,0.0876553211069242,-0.014137112167367238
z_y_plus_direction,20,3,0.0,0.25,0.10809738219069653,1.4995488452657297,-0.10801169628714913,0.30795454545454537,-0.05004462587578662,-9.68948437764369,-0.04728355980697907,0.4166666666666667,-0.006605796215065185,-0.008097976324395018
z_y_plus_direction,20,3,0.0,0.5,0.05221955354363028,1.0098018846028853,-0.08061033798031403,0.30795454545454537,-0.039095041486217674,-13.677698966796187,-0.023779773157259543,0.4166666666666667,-0.06248362486213144,0.0028516080651739273
z_y_plus_direction,20,3,0.0,1.0,-0.018589874030893072,-0.3875906709501009,-0.07899224870614452,0.30795454545454537,-0.02401281889865392,-15.655924874827365,-0.013152407022109736,0.4166666666666667,-0.1332930524366548,0.01793383065273768
z_y_plus_direction,20,3,0.2,0.0,0.08485105592986919,1.3359658041913214,-0.10665016851817877,0.30795454545454537,-0.042436412087839215,-11.71533026498615,-0.03481185185850888,0.4166666666666667,-0.02985212247589253,-0.0004897625364476133
z_y_plus_direction,20,3,0.2,0.25,0.0554588200976085,0.9996022444187355,-0.10106014870405255,0.30795454545454537,-0.05147571392943484,-13.675289118067408,-0.0361936570975635,0.4166666666666667,-0.05924435830815322,-0.00952906437804324
z_y_plus_direction,20,3,0.2,0.5,0.0042160851972716795,0.15689670940454517,-0.09032000245347416,0.30795454545454537,-0.041527410277329535,-19.54474262450313,-0.025064294406314636,0.4166666666666667,-0.11048709320849004,0.0004192392740620665
z_y_plus_direction,20,3,0.2,1.0,-0.0295900708604675,-0.6545107820633931,-0.0810741932884892,0.30795454545454537,-0.02401281889865392,-15.655924874827365,-0.013152407022109736,0.4166666666666667,-0.14429324926622922,0.01793383065273768
z_y_plus_direction,20,3,0.5,0.0,0.01563762144441916,0.3401026244437427,-0.10295930013979715,0.30795454545454537,-0.031186251448540925,-11.856312751953881,-0.018303388670656506,0.4166666666666667,-0.09906555696134256,0.010760398102850677
z_y_plus_direction,20,3,0.5,0.25,-0.012274177102051032,-0.1420145945525309,-0.11014665969109094,0.30795454545454537,-0.02428870822113416,-8.765494742628803,-0.016869389878909402,0.4166666666666667,-0.12697735550781275,0.017657941330257443
z_y_plus_direction,20,3,0.5,0.5,0.009959281550607102,0.2737264205724399,-0.09195629855526344,0.30795454545454537,-0.04108718682482548,-26.090162909436902,-0.026563463433628587,0.4166666666666667,-0.10474389685515462,0.0008594627265661181
z_y_plus_direction,20,3,0.5,1.0,-0.02626226884477645,-0.5699366899888709,-0.07843624349878175,0.30795454545454537,-0.02401281889865392,-15.655924874827365,-0.013152407022109736,0.4166666666666667,-0.14096544725053817,0.01793383065273768
z_y_plus_direction,20,3,0.8,0.0,-0.03722901348106478,-0.5801755995494232,-0.12580169645606465,0.30795454545454537,-0.03066700485476237,-16.519964452664578,-0.022444109417600666,0.4166666666666667,-0.1519321918868265,0.011279644696629232
z_y_plus_direction,20,3,0.8,0.25,-0.03648286232815923,-0.6756467172737155,-0.11172869928656559,0.30795454545454537,-0.02418380729244951,-9.356508825237805,-0.02161197229191758,0.4166666666666667,-0.15118604073392095,0.01776284225894209
z_y_plus_direction,20,3,0.8,0.5,0.02765673126016277,0.6362359877552108,-0.08174143399963962,0.30795454545454537,-0.03227817641430342,-22.10371430072668,-0.020785994619712866,0.4166666666666667,-0.08704644714559895,0.009668473137088185
z_y_plus_direction,20,3,0.8,1.0,-0.021202853185996684,-0.4417414885628747,-0.07581020671366745,0.30795454545454537,-0.024023016551778853,-15.658261607369079,-0.013162718150816377,0.4166666666666667,-0.1359060315917584,0.01792363299961275
z_y_plus_direction,20,5,0.0,0.0,0.14649641758947474,1.863702205034965,-0.11210595915142807,0.5056818181818182,-0.06034525018140979,-10.496743016811921,-0.0568186165303356,0.5833333333333334,0.03179323918371302,-0.01839860063001819
z_y_plus_direction,20,5,0.0,0.25,0.1461823863082694,2.026782978331832,-0.10870738139085279,0.5056818181818182,-0.05366200657102127,-10.312419073349217,-0.05168992699623387,0.5833333333333334,0.03147920790250769,-0.011715357019629669
z_y_plus_direction,20,5,0.0,0.5,0.02165852519546063,0.4399921529074314,-0.10530102236549621,0.5056818181818182,-0.04492539176144328,-15.5037165231284,-0.02908122657199219,0.5833333333333334,-0.09304465321030109,-0.002978742210051677
z_y_plus_direction,20,5,0.0,1.0,-0.009669805584631819,-0.15242735709869704,-0.07637941865666009,0.5056818181818182,-0.018208395969114388,-9.209264029172761,-0.00977895700171072,0.5833333333333334,-0.12437298399039354,0.023738253582277213
z_y_plus_direction,20,5,0.2,0.0,0.07079761132984852,1.070890833880652,-0.10852350399175315,0.5056818181818182,-0.04402798322557988,-10.222053089297177,-0.0425703320648021,0.5833333333333334,-0.0439055670759132,-0.0020813336741882793
z_y_plus_direction,20,5,0.2,0.25,0.039379494290912476,0.6944393045484702,-0.1090731185115612,0.5056818181818182,-0.049767138219600215,-13.356089177381198,-0.0365978366164148,0.5833333333333334,-0.07532368411484924,-0.007820488668208614
z_y_plus_direction,20,5,0.2,0.5,0.002718287543208131,0.12832636553129595,-0.11163134656343632,0.5056818181818182,-0.04143282024498707,-18.301582146658767,-0.02591363002511149,0.5833333333333334,-0.11198489086255359,0.0005138293064045341
z_y_plus_direction,20,5,0.2,1.0,-0.010390629535228402,-0.1697671979419566,-0.0774647180977418,0.5056818181818182,-0.018208395969114388,-9.209264029172761,-0.00977895700171072,0.5833333333333334,-0.12509380794099012,0.023738253582277213
z_y_plus_direction,20,5,0.5,0.0,0.059432093508408945,0.9716354459849229,-0.08681693523240985,0.5056818181818182,-0.03780164048353163,-12.175928570812687,-0.027100091553046712,0.5833333333333334,-0.055271084897352774,0.004145009067859973
z_y_plus_direction,20,5,0.5,0.25,0.015678574655966004,0.3477078168449947,-0.10185599859352734,0.5056818181818182,-0.030658322641566538,-10.168422220397611,-0.02368209612140837,0.5833333333333334,-0.09902460374979571,0.011288326909825064
z_y_plus_direction,20,5,0.5,0.5,-0.012726655932258857,-0.16373448126485923,-0.09910622260980606,0.5056818181818182,-0.041333629245434156,-21.867615321170657,-0.026813638478830115,0.5833333333333334,-0.12742983433802058,0.0006130203059574457
z_y_plus_direction,20,5,0.5,1.0,-0.003658788222540177,-0.015862524596407475,-0.07620290263551155,0.5056818181818182,-0.018208395969114388,-9.209264029172761,-0.00977895700171072,0.5833333333333334,-0.1183619666283019,0.023738253582277213
z_y_plus_direction,20,5,0.8,0.0,0.0013864426285055131,0.1100833385525223,-0.09933763514403193,0.5056818181818182,-0.027989511563260905,-12.827234182588295,-0.02259216162830746,0.5833333333333334,-0.1133167357772562,0.013957137988130697
z_y_plus_direction,20,5,0.8,0.25,-0.015325670002118486,-0.21112960871101927,-0.09566592002251428,0.5056818181818182,-0.024826120692146736,-8.992973798268034,-0.023510438846568893,0.5833333333333334,-0.1300288484078802,0.017120528859244866
z_y_plus_direction,20,5,0.8,0.5,0.02474325018724355,0.5433247675692335,-0.08034967366099965,0.5056818181818182,-0.027568996949611457,-12.544274013581063,-0.020906073993788632,0.5833333333333334,-0.08995992821851817,0.014377652601780144
z_y_plus_direction,20,5,0.8,1.0,-0.0021160340752146567,0.01937999013033401,-0.0789490583462662,0.5056818181818182,-0.01837215701316197,-9.26565573149012,-0.009944124060762172,0.5833333333333334,-0.11681921248097638,0.02357449253822963
z_y_plus_direction,30,0,0.0,0.0,0.08902166281710411,1.346646094677272,-0.09828257202842439,0.042803030303030315,-0.05662414240429614,-13.4047428292068,-0.0492800509249679,0.19444444444444453,-0.02568151558865761,-0.014677492852904539
z_y_plus_direction,30,0,0.0,0.25,0.058176887901036256,1.0197071531098785,-0.09123173654955097,0.04204545454545455,-0.05303642272843645,-14.484554876889309,-0.03695599306443853,0.19444444444444453,-0.05652629050472546,-0.011089773177044848
z_y_plus_direction,30,0,0.0,0.5,0.03523128706090972,0.7342163731003846,-0.08084998689343681,0.03863636363636364,-0.043346128661554295,-20.56659705301165,-0.02704899232547653,0.18888888888888897,-0.079471891344852,-0.0013994791101626936
z_y_plus_direction,30,0,0.0,1.0,0.030625605131718192,0.7826115347708477,-0.06841356796731257,0.025757575757575767,-0.022072591623532034,-22.83111940948293,-0.013961878962572727,0.17222222222222225,-0.08407757327404353,0.019874057927859567
z_y_plus_direction,30,0,0.2,0.0,0.1025671319841086,1.7157791897151815,-0.0875602023015607,0.042803030303030315,-0.03756216242990584,-9.064415743770457,-0.03294535468094262,0.19444444444444453,-0.012136046421653113,0.004384487121485758
z_y_plus_direction,30,0,0.2,0.25,0.03995888316253704,0.7848118467035811,-0.08217086581341715,0.041287878787878804,-0.027011638635804136,-7.706739759609044,-0.02327140566400243,0.19444444444444453,-0.07474429524322468,0.014935010915587466
z_y_plus_direction,30,0,0.2,0.5,0.03126385355083605,0.7153459821414444,-0.0783392033458199,0.03825757575757577,-0.03333141592996802,-14.709315160606883,-0.017620529903465076,0.18888888888888897,-0.08343932485492567,0.00861523362142358
z_y_plus_direction,30,0,0.2,1.0,0.03133372735613271,0.8006426720483644,-0.0680356162317941,0.025757575757575767,-0.022072591623532034,-22.83111940948293,-0.013961878962572727,0.17222222222222225,-0.083369451049629,0.019874057927859567
z_y_plus_direction,30,0,0.5,0.0,0.0326215049946903,0.6803021418259272,-0.07972742008289402,0.04015151515151516,-0.0326227723267849,-14.892088620818475,-0.02182231000450008,0.19444444444444453,-0.08208167341107142,0.009323877224606703
z_y_plus_direction,30,0,0.5,0.25,0.002825133247739142,0.12849697847923036,-0.08720848421468075,0.039015151515151524,-0.028912691264254553,-13.539518092279485,-0.017435513303952432,0.19444444444444453,-0.11187804515802258,0.013033958287137049
z_y_plus_direction,30,0,0.5,0.5,0.023437921985761223,0.598078882051221,-0.060801464823876716,0.03674242424242425,-0.024542975370246967,-12.486788863409222,-0.012525696091529204,0.18888888888888897,-0.0912652564200005,0.017403674181144635
z_y_plus_direction,30,0,0.5,1.0,0.03133372735613271,0.8006426720483644,-0.0680356162317941,0.025757575757575767,-0.022072591623532034,-22.83111940948293,-0.013961878962572727,0.17222222222222225,-0.083369451049629,0.019874057927859567
z_y_plus_direction,30,0,0.8,0.0,-0.038007072543962295,-0.7875211911934742,-0.08221259581140405,0.0393939393939394,-0.029538836634603882,-21.05428453798725,-0.01900375431652812,0.18333333333333338,-0.152710250949724,0.01240781291678772
z_y_plus_direction,30,0,0.8,0.25,-0.03720923505389562,-0.783519943769252,-0.08901914735338878,0.03825757575757576,-0.029899228716091075,-23.178425354668107,-0.019729863616269383,0.19444444444444453,-0.15191241345965734,0.012047420835300526
z_y_plus_direction,30,0,0.8,0.5,-0.019297867753527598,-0.39232622286455937,-0.07822700486051815,0.035984848484848495,-0.03026719885572693,-21.281928603212226,-0.01903096611852395,0.18888888888888897,-0.13400104615928932,0.011679450695664673
z_y_plus_direction,30,0,0.8,1.0,0.01891297123941338,0.5155047179746706,-0.07034187621736976,0.025757575757575767,-0.023876212037260425,-26.472437946291954,-0.01586139452585611,0.17222222222222225,-0.09579020716634834,0.018070437514131177
z_y_plus_direction,30,1,0.0,0.0,0.0727102089235454,1.049156696831388,-0.10759441863953234,0.07727272727272726,-0.0558201621621085,-12.573688787882173,-0.050387563199938756,0.2222222222222222,-0.041992969482216314,-0.013873512610716898
z_y_plus_direction,30,1,0.0,0.25,0.086735834150935,1.4366881419381885,-0.08324926708237979,0.07727272727272726,-0.051161017763104666,-14.124615998003826,-0.035513298110612324,0.2222222222222222,-0.02796734425482672,-0.009214368211713064
z_y_plus_direction,30,1,0.0,0.5,0.003089717088686994,0.1334814827989441,-0.06315704807013367,0.07727272727272726,-0.040968938160254376,-20.678580676615752,-0.02426637456381442,0.2222222222222222,-0.11161346131707472,0.000977711391137226
z_y_plus_direction,30,1,0.0,1.0,0.01889266159148284,0.5418752287348197,-0.0751024711799625,0.07727272727272726,-0.019912852558929828,-20.42763954828013,-0.011784227501993594,0.2222222222222222,-0.09581051681427888,0.022033796992461774
z_y_plus_direction,30,1,0.2,0.0,0.10412021429902807,1.6627386674270264,-0.09277622055108992,0.07727272727272726,-0.04031402621821534,-10.750634561986635,-0.0312780121514602,0.2222222222222222,-0.01058296410673365,0.001632623333176264
z_y_plus_direction,30,1,0.2,0.25,0.02755461906453549,0.5890726510162556,-0.07562012465570878,0.07727272727272726,-0.02687741786664022,-8.609466074168225,-0.01970649573099259,0.2222222222222222,-0.08714855934122623,0.015069231684751383
z_y_plus_direction,30,1,0.2,0.5,0.023248464976313166,0.572890317325264,-0.06398788372587716,0.07727272727272726,-0.03090145274828071,-13.613063433923164,-0.014678313304284596,0.2222222222222222,-0.09145471342944855,0.01104519680311089
z_y_plus_direction,30,1,0.2,1.0,0.021831384912443186,0.6211021099938184,-0.07274302071764371,0.07727272727272726,-0.019912852558929828,-20.42763954828013,-0.011784227501993594,0.2222222222222222,-0.09287179349331853,0.022033796992461774
z_y_plus_direction,30,1,0.5,0.0,0.027687918441053894,0.6005240916419579,-0.07797172202584346,0.07727272727272726,-0.03212782705736794,-16.97781875936422,-0.019760583345299954,0.2222222222222222,-0.08701525996470783,0.00981882249402366
z_y_plus_direction,30,1,0.5,0.25,0.024854815664494323,0.589004256524374,-0.07231863908466685,0.07727272727272726,-0.028475124562501564,-12.689524482863506,-0.01749107202910616,0.2222222222222222,-0.0898483627412674,0.013471524988890038
z_y_plus_direction,30,1,0.5,0.5,-0.008394677737368572,-0.13531184665236706,-0.07316323089877652,0.07727272727272726,-0.02596426706533661,-12.908240143762873,-0.014918636869792778,0.2222222222222222,-0.12309785614313029,0.01598238248605499
z_y_plus_direction,30,1,0.5,1.0,0.021831384912443186,0.6211021099938184,-0.07274302071764371,0.07727272727272726,-0.019912852558929828,-20.42763954828013,-0.011784227501993594,0.2222222222222222,-0.09287179349331853,0.022033796992461774
z_y_plus_direction,30,1,0.8,0.0,0.015602538223826734,0.39467610822660487,-0.0823773648863011,0.07727272727272726,-0.033739453774283445,-22.672255226105804,-0.022687600200233415,0.2222222222222222,-0.09910064018193498,0.008207195777108156
z_y_plus_direction,30,1,0.8,0.25,-0.03793500244176873,-0.8330869609293906,-0.08663687682204657,0.07727272727272726,-0.03490035841195116,-24.730743909624735,-0.024783419117050176,0.2222222222222222,-0.15263818084753045,0.0070462911394404415
z_y_plus_direction,30,1,0.8,0.5,-0.023746219407275282,-0.5353880039064939,-0.07917237615914385,0.07727272727272726,-0.031085057651784265,-21.710685124819737,-0.019858301392810973,0.2222222222222222,-0.138449397813037,0.010861591899607337
z_y_plus_direction,30,1,0.8,1.0,0.03800621654033898,1.0031144236555953,-0.06438097321529734,0.07727272727272726,-0.020496866251007884,-21.78918538292259,-0.0124543013984173,0.2222222222222222,-0.07669696186542274,0.021449783300383718
z_y_plus_direction,30,2,0.0,0.0,0.11270221163265637,1.5399121919628684,-0.11435716141132168,0.14318181818181816,-0.05807834686239144,-11.729160542043328,-0.05540489743863042,0.27777777777777773,-0.0020009667731053504,-0.016131697310999837
z_y_plus_direction,30,2,0.0,0.25,0.09620468221032374,1.4869045239093348,-0.09903823326042926,0.14318181818181816,-0.049745740691604756,-12.821241308650494,-0.036237367387421116,0.27777777777777773,-0.018498496195437975,-0.007799091140213155
z_y_plus_direction,30,2,0.0,0.5,-0.011538560426350153,-0.175068752525655,-0.06699565634782612,0.14318181818181816,-0.040287779766139065,-20.453923800601228,-0.023573353059264335,0.27777777777777773,-0.12624173883211187,0.001658869785252537
z_y_plus_direction,30,2,0.0,1.0,-0.01973451966794071,-0.39945737363770467,-0.099760079558876,0.14318181818181816,-0.024344821015674478,-21.89173975291843,-0.016252953720477192,0.27777777777777773,-0.13443769807370243,0.017601828535717123
z_y_plus_direction,30,2,0.2,0.0,0.08282015472512261,1.3859451984290079,-0.0990262288653535,0.14318181818181816,-0.037983452171391985,-9.85431279268293,-0.03158133145798958,0.27777777777777773,-0.03188302368063911,0.003963197379999617
z_y_plus_direction,30,2,0.2,0.25,0.021943809255524638,0.4788038572242198,-0.08550618449191738,0.14318181818181816,-0.02706026118270366,-8.386789264432053,-0.02185088673247859,0.27777777777777773,-0.09275936915023708,0.014886388368687942
z_y_plus_direction,30,2,0.2,0.5,-0.024689815456701902,-0.5080251989012324,-0.07591198636321006,0.14318181818181816,-0.03222572620964581,-14.588234078621005,-0.01603079757782011,0.27777777777777773,-0.13939299386246362,0.00972092334174579
z_y_plus_direction,30,2,0.2,1.0,-0.018926151574687244,-0.38230793431585774,-0.09796646273485965,0.14318181818181816,-0.024344821015674478,-21.89173975291843,-0.016252953720477192,0.27777777777777773,-0.13362932998044896,0.017601828535717123
z_y_plus_direction,30,2,0.5,0.0,0.03165737168304483,0.6444228773738593,-0.09235251465920657,0.14318181818181816,-0.027821161290302432,-13.705398534831286,-0.015936447791510044,0.27777777777777773,-0.08304580672271689,0.01412548826108917
z_y_plus_direction,30,2,0.5,0.25,-0.007005009707169441,-0.06598749845342601,-0.07571368739839346,0.14318181818181816,-0.028587437311054842,-12.795800617891931,-0.017674030751020475,0.27777777777777773,-0.12170818811293116,0.01335921224033676
z_y_plus_direction,30,2,0.5,0.5,-0.005186113705147988,-0.06952602503757296,-0.06846985274447248,0.14318181818181816,-0.024720434121654256,-12.026358433234682,-0.014014479417668535,0.27777777777777773,-0.1198892921109097,0.017226215429737346
z_y_plus_direction,30,2,0.5,1.0,-0.021739226761567032,-0.4514608625402023,-0.09861294694365463,0.14318181818181816,-0.024344821015674478,-21.89173975291843,-0.016252953720477192,0.27777777777777773,-0.13644240516732875,0.017601828535717123
z_y_plus_direction,30,2,0.8,0.0,-0.012005977974734017,-0.15624158478167788,-0.09150492394187826,0.14318181818181816,-0.035469612320628396,-21.392015258873684,-0.024437547880046373,0.27777777777777773,-0.12670915638049574,0.006477037230763205
z_y_plus_direction,30,2,0.8,0.25,-0.04545756042770743,-0.9548737961525979,-0.1015649812558228,0.14318181818181816,-0.03658711844051765,-24.681127872523813,-0.026487861101011534,0.27777777777777773,-0.16016073883346915,0.00535953111087395
z_y_plus_direction,30,2,0.8,0.5,-0.013328043201061068,-0.2591655897159157,-0.05966902100894178,0.14318181818181816,-0.03408032392195248,-26.710316731183784,-0.022888273624128264,0.27777777777777773,-0.1280312216068228,0.00786632562943912
z_y_plus_direction,30,2,0.8,1.0,-0.022718909554952038,-0.4708261901629574,-0.09808666390515863,0.14318181818181816,-0.02528477888013092,-22.53770482218098,-0.017281526916393397,0.27777777777777773,-0.13742208796071376,0.01666187067126068
z_y_plus_direction,30,3,0.0,0.0,0.13758727750337774,1.750465147035543,-0.11727199252022558,0.20909090909090908,-0.05793688695415544,-11.430335040782523,-0.05628472838630716,0.3333333333333333,0.022884099097616017,-0.01599023740276384
z_y_plus_direction,30,3,0.0,0.25,0.08114808768407089,1.207950729456398,-0.10731528847026972,0.20909090909090908,-0.051669158476871035,-11.782768801624213,-0.04120636563180391,0.3333333333333333,-0.03355509072169083,-0.009722508925479434
z_y_plus_direction,30,3,0.0,0.5,-0.008571196813635273,-0.09782566060365498,-0.08734460237488106,0.20909090909090908,-0.04212356663044492,-20.29755929138398,-0.02597818306577282,0.3333333333333333,-0.12327437521939699,-0.0001769170790533181
z_y_plus_direction,30,3,0.0,1.0,-0.02828710765377518,-0.6163098825200757,-0.08232703413513454,0.20909090909090908,-0.024980999966293882,-19.833019918248116,-0.016894408997974453,0.3333333333333333,-0.1429902860595369,0.01696564958509772
z_y_plus_direction,30,3,0.2,0.0,0.08299497596015182,1.3246763753381683,-0.1113378043817077,0.20909090909090908,-0.04067040360518681,-9.943394918087595,-0.03547248052385965,0.3333333333333333,-0.0317082024456099,0.0012762459462047904
z_y_plus_direction,30,3,0.2,0.25,0.07141093440694601,1.3087327986577744,-0.08477660963345757,0.20909090909090908,-0.03149430457672009,-8.699773707529419,-0.028115827895214163,0.3333333333333333,-0.043292243998815705,0.010452344974671512
z_y_plus_direction,30,3,0.2,0.5,-0.01213027271266054,-0.20530294429166435,-0.09759889765150775,0.20909090909090908,-0.033799587502303496,-15.244885433953142,-0.018171073796912185,0.3333333333333333,-0.12683345111842226,0.008147062049088105
z_y_plus_direction,30,3,0.2,1.0,-0.022259414395658594,-0.45846119433755733,-0.08321424721341897,0.20909090909090908,-0.024980999966293882,-19.833019918248116,-0.016894408997974453,0.3333333333333333,-0.1369625928014203,0.01696564958509772
z_y_plus_direction,30,3,0.5,0.0,0.01813220367902013,0.39485675561207656,-0.10303716316580891,0.20909090909090908,-0.030550198387845007,-14.606538252141753,-0.01884176432304452,0.3333333333333333,-0.09657097472674159,0.011396451163546595
z_y_plus_direction,30,3,0.5,0.25,0.017054639132750626,0.40459590783239885,-0.0788472840351524,0.20909090909090908,-0.027228642844805417,-11.668334410879009,-0.01636684322732118,0.3333333333333333,-0.09764853927301109,0.014718006706586184
z_y_plus_direction,30,3,0.5,0.5,-0.025433084949046614,-0.4939876767171461,-0.08887538036019815,0.20909090909090908,-0.025968482408016302,-13.20774179720024,-0.014804192007859318,0.3333333333333333,-0.14013626335480833,0.0159781671433753
z_y_plus_direction,30,3,0.5,1.0,-0.0212146417150737,-0.4287675952462399,-0.07982722868939773,0.20909090909090908,-0.024980999966293882,-19.833019918248116,-0.016894408997974453,0.3333333333333333,-0.13591782012083542,0.01696564958509772
z_y_plus_direction,30,3,0.8,0.0,0.011998979954193079,0.2996492737707336,-0.09695950554852673,0.20909090909090908,-0.032413509775638616,-18.20486639903303,-0.022247360212009126,0.3333333333333333,-0.10270419845156864,0.009533139775752986
z_y_plus_direction,30,3,0.8,0.25,-0.03257238820793573,-0.632093289356844,-0.10857147715322069,0.20909090909090908,-0.030045869656188384,-16.745734704299423,-0.022524454906045488,0.3333333333333333,-0.14727556661369745,0.011900779895203217
z_y_plus_direction,30,3,0.8,0.5,0.004801998980889843,0.1702006173751063,-0.07859632877621603,0.20909090909090908,-0.035476957202906,-28.073100384877264,-0.024301089606723725,0.3333333333333333,-0.10990117942487188,0.006469692348485601
z_y_plus_direction,30,3,0.8,1.0,-0.0015886951107404457,0.025847665372148804,-0.07789231027352261,0.20909090909090908,-0.02604793452240206,-20.99474941878891,-0.018050948724166127,0.3333333333333333,-0.11629187351650216,0.01589871502898954
z_y_plus_direction,30,5,0.0,0.0,0.14538961950630513,1.855332441951724,-0.1149941106407254,0.3409090909090909,-0.061325172964821095,-11.558979750652654,-0.06053080957859869,0.4444444444444444,0.030686441100543416,-0.019378523413429494
z_y_plus_direction,30,5,0.0,0.25,0.0988680146617602,1.4311074957762566,-0.11098068970963748,0.3409090909090909,-0.0567664021240768,-12.257081260782932,-0.0473899411995542,0.4444444444444444,-0.015835163744001512,-0.014819752572685196
z_y_plus_direction,30,5,0.0,0.5,-0.005189678820014976,-0.01394235347417006,-0.10552429845336253,0.3409090909090909,-0.04590333453875828,-20.86410792772806,-0.03032330139136552,0.4444444444444444,-0.1198928572257767,-0.0039566849873666765
z_y_plus_direction,30,5,0.0,1.0,0.0029550106085358685,0.1303484467316315,-0.07496798652619296,0.3409090909090909,-0.018261768677403145,-10.157357322351475,-0.01132897867963445,0.4444444444444444,-0.11174816779722585,0.023684880873988456
z_y_plus_direction,30,5,0.2,0.0,0.07812043228671439,1.2009940943652135,-0.1034936658413681,0.3409090909090909,-0.04199821097910972,-9.832984514520327,-0.037765021213343575,0.4444444444444444,-0.03658274611904733,-5.156142771811645e-05
z_y_plus_direction,30,5,0.2,0.25,0.04963303573692235,0.8895063428972644,-0.10383933718517468,0.3409090909090909,-0.037027614481081494,-10.232883993401906,-0.03157861271445417,0.4444444444444444,-0.06507014266883937,0.004919035070310107
z_y_plus_direction,30,5,0.2,0.5,-0.019919934492301117,-0.3132189493587871,-0.11449822868657178,0.3409090909090909,-0.041632104241304035,-18.292356642813147,-0.026794581476524915,0.4444444444444444,-0.13462311289806284,0.00031454531008756614
z_y_plus_direction,30,5,0.2,1.0,-0.005740620629929305,-0.0680078049558986,-0.08601533438481579,0.3409090909090909,-0.018261768677403145,-10.157357322351475,-0.01132897867963445,0.4444444444444444,-0.12044379903569102,0.023684880873988456
z_y_plus_direction,30,5,0.5,0.0,0.0448091317178092,0.7904850947527902,-0.09487985751206629,0.3409090909090909,-0.028402509458632874,-11.357872028959402,-0.020210993449113035,0.4444444444444444,-0.06989404668795252,0.013544140092758727
z_y_plus_direction,30,5,0.5,0.25,0.011089242577407399,0.2842592906481824,-0.0860395166130935,0.3409090909090909,-0.027077575925395503,-10.200772539880685,-0.018570886626146033,0.4444444444444444,-0.10361393582835432,0.014869073625996099
z_y_plus_direction,30,5,0.5,0.5,-0.0546501475443022,-1.0496299835298415,-0.11611288063812009,0.3409090909090909,-0.032980891783289445,-14.494398498202292,-0.02273973352652847,0.4444444444444444,-0.16935332595006392,0.008965757768102156
z_y_plus_direction,30,5,0.5,1.0,-0.0031609013276986397,-0.008620459240937304,-0.07792336401953637,0.3409090909090909,-0.018261768677403145,-10.157357322351475,-0.01132897867963445,0.4444444444444444,-0.11786407973346036,0.023684880873988456
z_y_plus_direction,30,5,0.8,0.0,-0.01687757603442397,-0.22864175604131884,-0.09633107716387479,0.3409090909090909,-0.02939042361396027,-15.053448022660202,-0.020552624400656083,0.4444444444444444,-0.1315807544401857,0.012556225937431331
z_y_plus_direction,30,5,0.8,0.25,-0.028847069197284414,-0.5264809501429271,-0.09319203868094073,0.3409090909090909,-0.02949340812269463,-15.332457113432426,-0.02351671675795719,0.4444444444444444,-0.14355024760304613,0.01245324142869697
z_y_plus_direction,30,5,0.8,0.5,-0.0028781452926457396,0.006167173532709542,-0.08108659228008575,0.3409090909090909,-0.02870719023079138,-14.977579682408432,-0.02067578123176339,0.4444444444444444,-0.11758132369840746,0.013239459320600222
z_y_plus_direction,30,5,0.8,1.0,0.0011013368631782594,0.0877319133676218,-0.07495096190581585,0.3409090909090909,-0.018280513387207264,-10.172085069165597,-0.011438936989552562,0.4444444444444444,-0.11360184154258346,0.023666136164184337
z_y_plus_direction,50,0,0.0,0.0,0.10197165770713279,1.5490262519161904,-0.09665257770659086,0.029999999999999995,-0.056068132674338855,-11.288449759042447,-0.049744123338942736,0.18333333333333335,-0.012731520698628929,-0.014121483122947254
z_y_plus_direction,50,0,0.0,0.25,0.0691617742704469,1.204463818176352,-0.08532289881457822,0.02931818181818182,-0.04585348506527065,-10.301702482184105,-0.04104783971612591,0.18333333333333335,-0.04554140413531482,-0.003906835513879048
z_y_plus_direction,50,0,0.0,0.5,0.033697363732947405,0.7228046892778964,-0.08061942089665708,0.0275,-0.036284200460558136,-14.374159537076938,-0.02137450944356345,0.18000000000000002,-0.08100581467281431,0.005662449090833466
z_y_plus_direction,50,0,0.0,1.0,0.020904126520741695,0.5549010420564806,-0.07433271672312225,0.01863636363636364,-0.022556071370196662,-12.24232102677262,-0.01343402292511453,0.17,-0.09379905188502002,0.01939057818119494
z_y_plus_direction,50,0,0.2,0.0,0.06540642811184538,1.1338900469072641,-0.08964708766408913,0.030000000000000002,-0.03648594655702153,-9.26378293666954,-0.031681242140864874,0.18333333333333335,-0.049296750293916336,0.00546070299437007
z_y_plus_direction,50,0,0.2,0.25,0.049127022533911324,0.9552233968300384,-0.07761295976027927,0.028863636363636366,-0.034907175778805866,-11.915295858887154,-0.02614903480935915,0.18333333333333335,-0.0655761558718504,0.007039473772585736
z_y_plus_direction,50,0,0.2,0.5,0.027582937331230406,0.661512768969004,-0.06754165963963865,0.02659090909090909,-0.032580912735319045,-15.858825971478408,-0.01911170986808397,0.18000000000000002,-0.08712024107453131,0.009365736816072556
z_y_plus_direction,50,0,0.2,1.0,0.019854429553002095,0.5285131646153668,-0.07482195085990351,0.01863636363636364,-0.022556071370196662,-12.24232102677262,-0.01343402292511453,0.17,-0.09484874885275962,0.01939057818119494
z_y_plus_direction,50,0,0.5,0.0,0.011493887787819013,0.2964114882254456,-0.07836611020851281,0.028181818181818183,-0.02705480137308114,-11.012790958484205,-0.020962515284454475,0.18000000000000002,-0.1032092906179427,0.014891848178310463
z_y_plus_direction,50,0,0.5,0.25,0.024486752784190546,0.5535775727273166,-0.07306316607525232,0.0275,-0.0239561229813271,-12.616791286282742,-0.018064481781482344,0.18333333333333335,-0.09021642562157117,0.017990526570064502
z_y_plus_direction,50,0,0.5,0.5,0.01772809531280317,0.45582931558843137,-0.06306963192637016,0.025454545454545455,-0.03081465399301775,-20.820228259071655,-0.018540752731490806,0.18000000000000002,-0.09697508309295855,0.011131995558373853
z_y_plus_direction,50,0,0.5,1.0,0.03895753270803515,0.9493423428768036,-0.06493769974078556,0.01863636363636364,-0.022556071370196662,-12.24232102677262,-0.01343402292511453,0.17,-0.07574564569772657,0.01939057818119494
z_y_plus_direction,50,0,0.8,0.0,-0.03338345259418318,-0.6722769957938283,-0.08643374111830948,0.02727272727272728,-0.029075388159482518,-27.187677607766293,-0.020002536363138312,0.17666666666666667,-0.1480866309999449,0.012871261391909083
z_y_plus_direction,50,0,0.8,0.25,-0.02136467657940566,-0.44205027174386663,-0.06969370541867315,0.02681818181818182,-0.03173049900421321,-27.92729046021137,-0.02102778407952588,0.18000000000000002,-0.13606785498516738,0.010216150547178393
z_y_plus_direction,50,0,0.8,0.5,-0.016095248307076537,-0.32991089081453934,-0.0704985127709965,0.02522727272727273,-0.030895156465387763,-24.23384006754501,-0.020016221951309143,0.18000000000000002,-0.13079842671283826,0.011051493086003839
z_y_plus_direction,50,0,0.8,1.0,0.011076883871294019,0.3257048117849624,-0.07293236783546309,0.01863636363636364,-0.020605029410711073,-11.1997701048324,-0.01246777262498111,0.17,-0.1036262945344677,0.02134162014068053
z_y_plus_direction,50,1,0.0,0.0,0.10243403857792388,1.4630950469037882,-0.10764980108421329,0.05090909090909091,-0.057543559389453436,-12.038634511841362,-0.049275574823646084,0.20000000000000004,-0.012269139827837838,-0.015596909838061834
z_y_plus_direction,50,1,0.0,0.25,0.05206909645389701,0.9436215483358191,-0.0847187774207433,0.05090909090909091,-0.04677384884610425,-11.027768822240043,-0.03999902969003899,0.20000000000000004,-0.0626340819518647,-0.004827199294712647
z_y_plus_direction,50,1,0.0,0.5,0.047595028048829535,1.1061446424741945,-0.05428056149551519,0.05090909090909091,-0.03521233928506229,-14.54356045526155,-0.02003135912632581,0.20000000000000004,-0.06710815035693218,0.006734310266329313
z_y_plus_direction,50,1,0.0,1.0,0.01947080250810629,0.5576499931155093,-0.06378778225144033,0.05090909090909091,-0.021720501220248822,-11.307188133706772,-0.0136094568233589,0.20000000000000004,-0.09523237589765543,0.02022614833114278
z_y_plus_direction,50,1,0.2,0.0,0.07989372382202409,1.4062474206935636,-0.08985696099996388,0.05090909090909091,-0.0379700068929536,-10.334801547168594,-0.03053226296416023,0.20000000000000004,-0.03480945458373763,0.003976642658438001
z_y_plus_direction,50,1,0.2,0.25,0.042343702366316904,0.8838314713941859,-0.06968221464123858,0.05090909090909091,-0.03656243924546432,-13.708758806128534,-0.025557424720380806,0.20000000000000004,-0.07235947603944481,0.005384210305927284
z_y_plus_direction,50,1,0.2,0.5,0.0227553953106141,0.6002579912345383,-0.05371622160083034,0.05090909090909091,-0.03062038020233704,-15.334699561263957,-0.016852731093412787,0.20000000000000004,-0.09194778309514762,0.011326269349054563
z_y_plus_direction,50,1,0.2,1.0,0.017599445696119487,0.5101798736973079,-0.0645531143310949,0.05090909090909091,-0.021720501220248822,-11.307188133706772,-0.0136094568233589,0.20000000000000004,-0.09710373270964223,0.02022614833114278
z_y_plus_direction,50,1,0.5,0.0,0.018459903835927438,0.46578708736324465,-0.06878131717036795,0.05090909090909091,-0.02937356312499495,-12.437912476485442,-0.02243904412633868,0.20000000000000004,-0.09624327456983428,0.012573086426396651
z_y_plus_direction,50,1,0.5,0.25,0.03208893882970543,0.7697984550490911,-0.06554197141658502,0.05090909090909091,-0.02360418271627074,-12.727173195931737,-0.01737192821264466,0.20000000000000004,-0.08261423957605629,0.018342466835120863
z_y_plus_direction,50,1,0.5,0.5,0.01695727313282336,0.4862470604022735,-0.04267774599358365,0.05090909090909091,-0.029808943436596236,-20.023509625664033,-0.017489142810933167,0.20000000000000004,-0.09774590527293836,0.012137706114795366
z_y_plus_direction,50,1,0.5,1.0,0.02014767122254013,0.5778850466253854,-0.06059921310294114,0.05090909090909091,-0.021720501220248822,-11.307188133706772,-0.0136094568233589,0.20000000000000004,-0.09455550718322159,0.02022614833114278
z_y_plus_direction,50,1,0.8,0.0,-0.00739043223621183,-0.09626156287926745,-0.08296875920578084,0.05090909090909091,-0.030753652222406003,-28.442653400555468,-0.021696483045425152,0.20000000000000004,-0.12209361064197355,0.011192997328985599
z_y_plus_direction,50,1,0.8,0.25,-0.005625092693202771,-0.09079141035287001,-0.06101842073278252,0.05090909090909091,-0.03589108306763811,-31.655005315710063,-0.025234356935435964,0.20000000000000004,-0.12032827109896449,0.006055566483753494
z_y_plus_direction,50,1,0.8,0.5,-0.01173478172163489,-0.247047528172519,-0.07278401564274872,0.05090909090909091,-0.03487998840378381,-28.839826369830785,-0.024045786640755407,0.20000000000000004,-0.1264379601273966,0.007066661147607789
z_y_plus_direction,50,1,0.8,1.0,0.022976643439576616,0.6553258400648904,-0.05586601414795822,0.05090909090909091,-0.02075179063764032,-10.676549883450651,-0.0132832932718433,0.20000000000000004,-0.0917265349661851,0.02119485891375128
z_y_plus_direction,50,2,0.0,0.0,0.13917692410761284,1.9155754627508514,-0.10540582310633317,0.09045454545454545,-0.05624365968191303,-11.266779587062883,-0.05006562477737664,0.2333333333333334,0.024473745701851124,-0.014297010130521426
z_y_plus_direction,50,2,0.0,0.25,0.07487376267225221,1.2443862619471382,-0.09189705693318795,0.09045454545454545,-0.0456296377082287,-10.721864785408037,-0.03909171071598938,0.2333333333333334,-0.03982941573350951,-0.003682988156837097
z_y_plus_direction,50,2,0.0,0.5,0.015866813932539525,0.429112819307376,-0.055553382568421794,0.09045454545454545,-0.034891303542052166,-14.212929668133418,-0.01970887798346388,0.2333333333333334,-0.0988363644732222,0.007055346009339436
z_y_plus_direction,50,2,0.0,1.0,0.004912329792154946,0.17787419003925817,-0.08378180202294783,0.09045454545454545,-0.02278614022367531,-10.96738757249844,-0.01514396149127395,0.2333333333333334,-0.10979084861360677,0.01916050932771629
z_y_plus_direction,50,2,0.2,0.0,0.05697935415647892,1.0057551296210006,-0.099286647739943,0.09045454545454545,-0.037511960082923124,-10.150665923299071,-0.030977071614333718,0.2333333333333334,-0.057723824249282796,0.004434689468468478
z_y_plus_direction,50,2,0.2,0.25,0.028990281732945045,0.6182545594261261,-0.07865331586609847,0.09045454545454545,-0.036015419146680716,-13.252753909469165,-0.025623516033883464,0.2333333333333334,-0.08571289667281667,0.0059312304047108855
z_y_plus_direction,50,2,0.2,0.5,0.008555863156855192,0.27472934492340984,-0.051738876899169006,0.09045454545454545,-0.031677396225370136,-15.885575473833354,-0.01796647943843066,0.2333333333333334,-0.10614731524890653,0.010269253326021466
z_y_plus_direction,50,2,0.2,1.0,0.0007580135775553387,0.07699546723215932,-0.08551456361163623,0.09045454545454545,-0.02278614022367531,-10.96738757249844,-0.01514396149127395,0.2333333333333334,-0.11394516482820638,0.01916050932771629
z_y_plus_direction,50,2,0.5,0.0,0.03653179767687287,0.7922794055394896,-0.0723980548311507,0.09045454545454545,-0.02823412211745102,-11.86770121564362,-0.021404747290898363,0.2333333333333334,-0.07817138072888885,0.01371252743394058
z_y_plus_direction,50,2,0.5,0.25,-0.00034992418848811546,0.05566300431493102,-0.06861034658350462,0.09045454545454545,-0.027739914624071327,-15.623719539888627,-0.020516241070192787,0.2333333333333334,-0.11505310259424983,0.014206734927320275
z_y_plus_direction,50,2,0.5,0.5,-0.013631632783459469,-0.2775263732613763,-0.07487685069591443,0.09045454545454545,-0.02976786469541781,-19.612365326226456,-0.017451573360431127,0.2333333333333334,-0.1283348111892212,0.01217878485597379
z_y_plus_direction,50,2,0.5,1.0,-0.005408415998727767,-0.07626655002809186,-0.08335406314088378,0.09045454545454545,-0.02278614022367531,-10.96738757249844,-0.01514396149127395,0.2333333333333334,-0.12011159440448949,0.01916050932771629
z_y_plus_direction,50,2,0.8,0.0,-0.006834532051887998,-0.06353720888659035,-0.08930593084181981,0.09045454545454545,-0.03259107095632441,-26.238309718265917,-0.023551071627195164,0.2333333333333334,-0.12153771045764972,0.009355578595067193
z_y_plus_direction,50,2,0.8,0.25,-0.03139205944620038,-0.6883943618870649,-0.08001592402191482,0.09045454545454545,-0.037066422572413216,-28.478458315481323,-0.026422687992301075,0.2333333333333334,-0.1460952378519621,0.004880226978978386
z_y_plus_direction,50,2,0.8,0.5,-0.014329394694178488,-0.29854772791989004,-0.07411189100143434,0.09045454545454545,-0.035130787004605035,-25.287031775878162,-0.0242994006454752,0.2333333333333334,-0.1290325730999402,0.006815862546786566
z_y_plus_direction,50,2,0.8,1.0,-0.0038225051775555574,-0.036382403935004234,-0.08400374352403839,0.09045454545454545,-0.01897719264004183,-9.477615790825675,-0.012207381344016777,0.2333333333333334,-0.11852568358331728,0.022969456911349773
z_y_plus_direction,50,3,0.0,0.0,0.1286017002595652,1.729424072251941,-0.11225275163241255,0.13000000000000003,-0.0560917582597793,-10.801239719030264,-0.05142105037908229,0.2666666666666668,0.01389852185380347,-0.0141451087083877
z_y_plus_direction,50,3,0.0,0.25,0.09421917334338392,1.441440339913223,-0.09999239019819472,0.13000000000000003,-0.04645580816610928,-10.13741929257449,-0.04245899948138954,0.2666666666666668,-0.020484005062377797,-0.004509158614717679
z_y_plus_direction,50,3,0.0,0.5,0.0016003253408920504,0.10116986112892724,-0.0726812380030768,0.13000000000000003,-0.0349708852081293,-13.891194504961973,-0.020322106287535946,0.2666666666666668,-0.11310285306486967,0.006975764343262303
z_y_plus_direction,50,3,0.0,1.0,-0.01687653238800646,-0.36538393353569076,-0.0874534840271739,0.13000000000000003,-0.02396305102197449,-11.667164360381678,-0.015110089662938475,0.2666666666666668,-0.13157971079376818,0.01798359852941711
z_y_plus_direction,50,3,0.2,0.0,0.07267841300295363,1.223593444790359,-0.10055465074060554,0.13000000000000003,-0.037146864554513326,-9.672403436231162,-0.031920804625014454,0.2666666666666668,-0.042024765402808084,0.004799784996878276
z_y_plus_direction,50,3,0.2,0.25,0.05533426305821276,1.0595216866693709,-0.08260026940355059,0.13000000000000003,-0.03445750851061258,-12.252718963889581,-0.025698066956203358,0.2666666666666668,-0.059368915347548956,0.007489141040779024
z_y_plus_direction,50,3,0.2,0.5,-0.00927913366224209,-0.1697577298019768,-0.07736762270184994,0.13000000000000003,-0.030562457662092757,-15.511570935859577,-0.016781190490327003,0.2666666666666668,-0.12398231206800381,0.011384191889298845
z_y_plus_direction,50,3,0.2,1.0,-0.016785264854624504,-0.37479796103782675,-0.08764907405236955,0.13000000000000003,-0.02396305102197449,-11.667164360381678,-0.015110089662938475,0.2666666666666668,-0.13148844326038622,0.01798359852941711
z_y_plus_direction,50,3,0.5,0.0,0.0585331768719457,1.1336702275138637,-0.08002143833017006,0.13000000000000003,-0.027750940576205863,-11.497173836366112,-0.021084134873975646,0.2666666666666668,-0.056170001533816016,0.014195708975185739
z_y_plus_direction,50,3,0.5,0.25,0.024833549823709333,0.5978663110673983,-0.07002724033228758,0.13000000000000003,-0.026293770665448357,-15.503766071038465,-0.019005436494830108,0.2666666666666668,-0.08986962858205239,0.015652878885943244
z_y_plus_direction,50,3,0.5,0.5,-0.02356248389181259,-0.48630447962011225,-0.0774665130118154,0.13000000000000003,-0.029372490576134225,-19.206860229161258,-0.017218862885449937,0.2666666666666668,-0.1382656622975743,0.012574158975257377
z_y_plus_direction,50,3,0.5,1.0,-0.012867056737800087,-0.25738496487288864,-0.08697444254593945,0.13000000000000003,-0.02396305102197449,-11.667164360381678,-0.015110089662938475,0.2666666666666668,-0.1275702351435618,0.01798359852941711
z_y_plus_direction,50,3,0.8,0.0,0.03288997304058161,0.72424878628724,-0.06987430989553678,0.13000000000000003,-0.03252196131237406,-24.264583949375332,-0.0234813161848485,0.2666666666666668,-0.08181320536518011,0.009424688239017542
z_y_plus_direction,50,3,0.8,0.25,0.01168145907387208,0.3309369253723519,-0.06362948424751724,0.13000000000000003,-0.03492165781526302,-23.480527821666982,-0.02425421619310042,0.2666666666666668,-0.10302171933188964,0.007024991736128583
z_y_plus_direction,50,3,0.8,0.5,-0.00045913481750370355,0.0514796144857541,-0.07526657218520094,0.13000000000000003,-0.03320961154391733,-22.0578579825304,-0.02235665853782831,0.2666666666666668,-0.11516231322326542,0.008737038007474274
z_y_plus_direction,50,3,0.8,1.0,-0.00832380515954001,-0.1523238222345742,-0.08339196757344969,0.13000000000000003,-0.02353579431474917,-11.27691761838,-0.015164426255717789,0.2666666666666668,-0.12302698356530173,0.01841085523664243
z_y_plus_direction,50,5,0.0,0.0,0.11867603300298102,1.5846303293438497,-0.11431526309114026,0.20909090909090908,-0.0582483290834338,-11.336903768271997,-0.0530605181721181,0.3333333333333333,0.0039728545972193,-0.0163016795320422
z_y_plus_direction,50,5,0.0,0.25,0.08379306005524234,1.2733088061657736,-0.1081310116119304,0.20909090909090908,-0.04868430195745954,-10.617719615727118,-0.04428668655551671,0.3333333333333333,-0.030910118350519378,-0.00673765240606794
z_y_plus_direction,50,5,0.0,0.5,0.030590109952202793,0.6720162248009953,-0.07572320931721777,0.20909090909090908,-0.037438378395774685,-13.964885807865636,-0.023926905583701585,0.3333333333333333,-0.08411306845355893,0.004508271155616916
z_y_plus_direction,50,5,0.0,1.0,-0.011366593893794352,-0.20518474349872054,-0.09466343155344947,0.20909090909090908,-0.023099399874793924,-10.11992464964627,-0.01571125759885672,0.3333333333333333,-0.12606977229955607,0.018847249676597677
z_y_plus_direction,50,5,0.2,0.0,0.08344526168904398,1.3314850042228303,-0.10801366537184831,0.20909090909090908,-0.036023062111376625,-9.296778387786825,-0.031671633629638096,0.3333333333333333,-0.03125791671671774,0.005923587440014977
z_y_plus_direction,50,5,0.2,0.25,0.05649797828992953,1.0840678021613348,-0.09176678542997585,0.20909090909090908,-0.03433365958884904,-11.719646801572013,-0.026867616744827516,0.3333333333333333,-0.05820520011583219,0.00761298996254256
z_y_plus_direction,50,5,0.2,0.5,0.015212461877099237,0.3894723750959597,-0.08301326095534967,0.20909090909090908,-0.0337256561651571,-15.595093441496296,-0.021294063440315703,0.3333333333333333,-0.09949071652866248,0.008220993386234499
z_y_plus_direction,50,5,0.2,1.0,-0.0036449920016573545,-0.027978948270509132,-0.08818371315555629,0.20909090909090908,-0.023099399874793924,-10.11992464964627,-0.01571125759885672,0.3333333333333333,-0.11834817040741907,0.018847249676597677
z_y_plus_direction,50,5,0.5,0.0,0.04382011994786694,0.8122928032807581,-0.09108574780892187,0.20909090909090908,-0.024668687657009802,-8.994794836655537,-0.019892013945109643,0.3333333333333333,-0.07088305845789478,0.0172779618943818
z_y_plus_direction,50,5,0.5,0.25,0.0008974159687276106,0.08923607757096151,-0.08356685548058418,0.20909090909090908,-0.02426854602791728,-12.214879636109556,-0.01888102737320707,0.3333333333333333,-0.11380576243703411,0.01767810352347432
z_y_plus_direction,50,5,0.5,0.5,-0.02272813259005746,-0.44315852629903096,-0.08445308952779484,0.20909090909090908,-0.030380675902312748,-18.113162588004485,-0.018979882199848253,0.3333333333333333,-0.13743131099581918,0.011565973649078853
z_y_plus_direction,50,5,0.5,1.0,0.0005909734089175611,0.07377612887886179,-0.08796244080437843,0.20909090909090908,-0.023099399874793924,-10.11992464964627,-0.01571125759885672,0.3333333333333333,-0.11411220499684416,0.018847249676597677
z_y_plus_direction,50,5,0.8,0.0,0.017350226095022903,0.40642929860299004,-0.08199160620402057,0.20909090909090908,-0.03103575272209602,-23.394914698295604,-0.02198121964682087,0.3333333333333333,-0.09735295231073882,0.01091089682929558
z_y_plus_direction,50,5,0.8,0.25,0.0023991392414595136,0.1190802006663333,-0.08175573765265465,0.20909090909090908,-0.03262109585232542,-20.946747660977394,-0.021928225092065823,0.3333333333333333,-0.1123040391643022,0.00932555369906618
z_y_plus_direction,50,5,0.8,0.5,0.0011237554337495403,0.0894762823918238,-0.08161528328305356,0.20909090909090908,-0.029956631107581733,-17.417779008335348,-0.01938712676166021,0.3333333333333333,-0.11357942297201218,0.011990018443809869
z_y_plus_direction,50,5,0.8,1.0,-0.007821396504553713,-0.128330527141813,-0.0941286102060701,0.20909090909090908,-0.022487578700077226,-9.688942406107193,-0.01579312528871102,0.3333333333333333,-0.12252457491031543,0.019459070851314375
z_y_plus_return,10,0,0.0,0.0,0.10586641203193858,1.5346325020882754,-0.11211838395555485,0.10681818181818183,0.04139510428467674,4.1513631636724755,-0.04505888647253398,0.2166666666666667,-0.008836766373823135,0.08334175383606834
z_y_plus_return,10,0,0.0,0.25,0.09611677468041191,1.5789120645818588,-0.08966364461710119,0.10227272727272728,0.056801286847068644,5.31510309395186,-0.038782133780546735,0.2166666666666667,-0.01858640372534981,0.09874793639846025
z_y_plus_return,10,0,0.0,0.5,0.005423770098852865,0.18173800298748882,-0.07661011845180876,0.09545454545454546,0.08137103229063025,10.61493605576822,-0.009933853521943092,0.20000000000000004,-0.10927940830690885,0.12331768184202185
z_y_plus_return,10,0,0.0,1.0,-0.045234558649473566,-0.916449357444856,-0.08075046402095298,0.06363636363636363,0.03676936950890597,8.396057317141201,-0.0076992994602024245,0.2166666666666667,-0.15993773705523529,0.07871601906029757
z_y_plus_return,10,0,0.2,0.0,0.08588087606433747,1.334154429902135,-0.10415295070266406,0.10681818181818183,0.04281491265117654,4.447991310264244,-0.03458038255089413,0.2166666666666667,-0.028822302341424244,0.08476156220256814
z_y_plus_return,10,0,0.2,0.25,0.06552470330586502,1.219644065399935,-0.08138787777073275,0.10113636363636362,0.0761690901977814,7.185651846273179,-0.024947607377532433,0.2166666666666667,-0.0491784750998967,0.118115739749173
z_y_plus_return,10,0,0.2,0.5,0.008039608957598032,0.23810951310747272,-0.07799755376651174,0.09431818181818183,0.08137103229063025,10.61493605576822,-0.009933853521943092,0.20000000000000004,-0.10666356944816369,0.12331768184202185
z_y_plus_return,10,0,0.2,1.0,-0.045234558649473566,-0.916449357444856,-0.08075046402095298,0.06363636363636363,0.03676936950890597,8.396057317141201,-0.0076992994602024245,0.2166666666666667,-0.15993773705523529,0.07871601906029757
z_y_plus_return,10,0,0.5,0.0,0.1101109816135788,1.7483204688216114,-0.10067163191060802,0.10340909090909091,0.03371922490152435,5.036789167705264,-0.013080566512346237,0.20000000000000004,-0.004592196792182923,0.07566587445291595
z_y_plus_return,10,0,0.5,0.25,0.03678001005957987,0.7896186202627342,-0.06860747454938809,0.09886363636363636,0.053821561930394335,8.11665232595223,-0.008424735950231521,0.20000000000000004,-0.07792316834618185,0.09576821148178594
z_y_plus_return,10,0,0.5,0.5,0.003936026582944674,0.15099990009962325,-0.07843610982607152,0.08977272727272727,0.06433922693197158,8.471973885409554,-0.007968571037054062,0.20000000000000004,-0.11076715182281704,0.10628587648336318
z_y_plus_return,10,0,0.5,1.0,-0.045234558649473566,-0.916449357444856,-0.08075046402095298,0.06363636363636363,0.03676936950890597,8.396057317141201,-0.0076992994602024245,0.2166666666666667,-0.15993773705523529,0.07871601906029757
z_y_plus_return,10,0,0.8,0.0,-0.00479569979389094,-0.02363322095210917,-0.0788863303497388,0.09545454545454546,0.007950897444489957,1.4388533818974605,-0.013578169047832489,0.20000000000000004,-0.11949887819965266,0.04989754699588156
z_y_plus_return,10,0,0.8,0.25,-0.006827191970776525,-0.07597784281327553,-0.07813515359112366,0.0931818181818182,0.016660385003398392,2.3876555328884805,-0.021990923210978508,0.20000000000000004,-0.12153037037653824,0.058607034554789994
z_y_plus_return,10,0,0.8,0.5,-0.03988750268986618,-0.8472660013190721,-0.08735946319037735,0.08636363636363636,-0.0017816331396393048,-0.06332815895262935,-0.043644461251323374,0.20000000000000004,-0.1545906810956279,0.0401650164117523
z_y_plus_return,10,0,0.8,1.0,-0.05376738523362545,-1.1008096120247906,-0.08622888546459562,0.0625,0.012988079283703602,1.896015147549416,-0.03848122131640652,0.20000000000000004,-0.16847056363938717,0.0549347288350952
z_y_plus_return,10,1,0.0,0.0,0.056385924735655735,0.7689034419241552,-0.15186823799477922,0.20909090909090908,0.0052293934636531425,0.8679057166802611,-0.04501262821729035,0.3333333333333333,-0.058317253670105984,0.047176043015044744
z_y_plus_return,10,1,0.0,0.25,0.058603041860302074,0.9686233778817346,-0.10259653221463316,0.20909090909090908,0.02371281586705276,3.0734447931120172,-0.03667661275681455,0.3333333333333333,-0.056100136545459645,0.06565946541844436
z_y_plus_return,10,1,0.0,0.5,0.025926917059548638,0.610368628204344,-0.08782954859470893,0.20909090909090908,0.04210086764818399,7.034738658856206,-0.013255102989877532,0.3333333333333333,-0.08877626134621308,0.0840475171995756
z_y_plus_return,10,1,0.0,1.0,0.00880114954897726,0.2560089704306594,-0.05940041681496255,0.20909090909090908,-0.010745495781948389,-1.6067239795961712,-0.03409162485691808,0.3333333333333333,-0.10590202885678446,0.031201153769443213
z_y_plus_return,10,1,0.2,0.0,0.02428939326914792,0.43019848389697773,-0.14794555780532181,0.20909090909090908,0.010000443745973309,1.6789386352057658,-0.027863919224941025,0.3333333333333333,-0.0904137851366138,0.05194709329736491
z_y_plus_return,10,1,0.2,0.25,-0.029364607672405896,-0.3858605689454715,-0.1058934054009214,0.20909090909090908,0.05544183622732479,7.174417781936016,-0.015976584057898147,0.3333333333333333,-0.14406778607816761,0.0973884857787164
z_y_plus_return,10,1,0.2,0.5,-0.049927774273528014,-1.0681239647817307,-0.10930517630923375,0.20909090909090908,0.04210086764818399,7.034738658856206,-0.013255102989877532,0.3333333333333333,-0.16463095267928973,0.0840475171995756
z_y_plus_return,10,1,0.2,1.0,0.00880114954897726,0.2560089704306594,-0.05940041681496255,0.20909090909090908,-0.010745495781948389,-1.6067239795961712,-0.03409162485691808,0.3333333333333333,-0.10590202885678446,0.031201153769443213
z_y_plus_return,10,1,0.5,0.0,-0.004436719446571535,0.026388348852291674,-0.11976308094624133,0.20909090909090908,0.03335452548769924,5.222620728914001,-0.007085208959728528,0.3333333333333333,-0.11913989785233325,0.07530117503909084
z_y_plus_return,10,1,0.5,0.25,-0.04136459186374497,-0.6560384280323688,-0.11827442607735128,0.20909090909090908,0.045020268984272915,7.5357766455853525,-0.007085208959728528,0.3333333333333333,-0.1560677702695067,0.08696691853566452
z_y_plus_return,10,1,0.5,0.5,-0.09020766586395446,-1.9241197152879241,-0.135085023190746,0.20909090909090908,0.009361380440571221,1.9581848078266892,-0.009025508250892211,0.3333333333333333,-0.20491084426971617,0.05130802999196282
z_y_plus_return,10,1,0.5,1.0,0.00880114954897726,0.2560089704306594,-0.05940041681496255,0.20909090909090908,-0.010745495781948389,-1.6067239795961712,-0.03409162485691808,0.3333333333333333,-0.10590202885678446,0.031201153769443213
z_y_plus_return,10,1,0.8,0.0,-0.05071021050250413,-0.8471178292066149,-0.11240588094554982,0.20909090909090908,-0.02627674911182054,-3.381103999988448,-0.04507656980850705,0.3333333333333333,-0.16541338890826585,0.01566990043957106
z_y_plus_return,10,1,0.8,0.25,-0.0038338014410895793,0.022247595987047633,-0.11735345266092612,0.20909090909090908,-0.012477262494024255,-1.3201568845509415,-0.046224760577768365,0.3333333333333333,-0.1185369798468513,0.029469387057367347
z_y_plus_return,10,1,0.8,0.5,-0.08962861632660968,-1.7017862465260232,-0.1015233214284349,0.20909090909090908,0.016315716762483445,2.644376977723252,-0.022548940677046825,0.3333333333333333,-0.2043317947323714,0.05826236631387505
z_y_plus_return,10,1,0.8,1.0,0.029188887717896073,0.6612500385009275,-0.05086221621182918,0.20909090909090908,0.047506186621595115,9.934906967787661,-0.0007161940488406016,0.3333333333333333,-0.08551429068786565,0.08945283617298672
z_y_plus_return,10,2,0.0,0.0,0.09443230665216906,1.1798090916049764,-0.1538716502643993,0.4068181818181818,-0.008917972881529401,-0.9941893256535745,-0.05172819306098886,0.49999999999999994,-0.020270871753592656,0.0330286766698622
z_y_plus_return,10,2,0.0,0.25,-0.023339795356165594,-0.20364621280801584,-0.15894647665649997,0.4068181818181818,0.04850976909641269,6.908002680571275,-0.013526689980024598,0.49999999999999994,-0.1380429737619273,0.0904564186478043
z_y_plus_return,10,2,0.0,0.5,0.031179332051208375,0.6583026069476242,-0.12672326906801623,0.4068181818181818,0.06573482659380625,10.424049658592233,-0.010620117544829832,0.49999999999999994,-0.08352384635455334,0.10768147614519785
z_y_plus_return,10,2,0.0,1.0,0.015549278183721649,0.38957316655912594,-0.062204807257215444,0.4068181818181818,0.015114680017932702,7.318940692371552,-0.0011730316990800072,0.49999999999999994,-0.09915390022204007,0.057061329569324304
z_y_plus_return,10,2,0.2,0.0,0.03921847895959263,0.6405017341778746,-0.14817429445944807,0.4068181818181818,0.011794436773211014,2.528879772739775,-0.01797517687911454,0.49999999999999994,-0.07548469944616909,0.053741086324602616
z_y_plus_return,10,2,0.2,0.25,-0.05995425597813964,-0.9065106740090917,-0.14865453474520085,0.4068181818181818,0.06435969857384816,9.602881694878228,-0.00928760821342467,0.49999999999999994,-0.17465743438390136,0.10630634812523976
z_y_plus_return,10,2,0.2,0.5,-0.007441768384343739,-0.07151256308088076,-0.13864218845014598,0.4068181818181818,0.07476029402080786,11.999114068341857,-0.008482122219800936,0.49999999999999994,-0.12214494679010546,0.11670694357219946
z_y_plus_return,10,2,0.2,1.0,0.015549278183721649,0.38957316655912594,-0.062204807257215444,0.4068181818181818,0.015114680017932702,7.318940692371552,-0.0011730316990800072,0.49999999999999994,-0.09915390022204007,0.057061329569324304
z_y_plus_return,10,2,0.5,0.0,-0.09002967015646879,-1.3637388491279865,-0.14816768321178397,0.4068181818181818,0.0042652227444168744,0.7713536283979944,-0.020797400546360922,0.49999999999999994,-0.2047328485622305,0.046211872295808476
z_y_plus_return,10,2,0.5,0.25,-0.02284018134929544,-0.27958777647151367,-0.15876050553738852,0.4068181818181818,0.020418837891976294,3.827460204405876,-0.018229880727529513,0.49999999999999994,-0.13754335975505716,0.062365487443367895
z_y_plus_return,10,2,0.5,0.5,-0.023853121417123146,-0.39719874980605546,-0.1156855726746796,0.4068181818181818,0.057655231903109394,10.62285209156491,-0.003529926187992083,0.49999999999999994,-0.13855629982288487,0.099601881454501
z_y_plus_return,10,2,0.5,1.0,0.037819724343508776,0.8263727675147627,-0.05497272881204074,0.4068181818181818,0.015114680017932702,7.318940692371552,-0.0011730316990800072,0.49999999999999994,-0.07688345406225294,0.057061329569324304
z_y_plus_return,10,2,0.8,0.0,-0.0016420231555398512,0.054207115820991206,-0.13608716500209328,0.4068181818181818,-0.036375915459245234,-5.410369218454782,-0.034257606960535036,0.49999999999999994,-0.11634520156130157,0.005570734092146368
z_y_plus_return,10,2,0.8,0.25,-0.012054450087360724,-0.13586836636997357,-0.1413674033350888,0.4068181818181818,-0.026004237999263102,-3.283601847364655,-0.03683732951402663,0.49999999999999994,-0.12675762849312244,0.0159424115521285
z_y_plus_return,10,2,0.8,0.5,0.04238324007400407,0.889690991937801,-0.11049655617881371,0.4068181818181818,0.05240846963210255,9.203876274122697,-0.0008809959480352569,0.49999999999999994,-0.07231993833175765,0.09435511918349415
z_y_plus_return,10,2,0.8,1.0,0.04725687716366567,0.9939762097168825,-0.05497272881204074,0.4068181818181818,0.027700000636458944,5.2113279457060155,-0.012542229726905996,0.49999999999999994,-0.06744630124209605,0.06964665018785055
z_y_plus_return,10,3,0.0,0.0,0.0983397570852349,1.2687925454175029,-0.13524894083589478,0.6045454545454544,-0.028589054817956483,-4.277701973305961,-0.05366733924773315,0.6666666666666666,-0.016363421320526816,0.013357594733435119
z_y_plus_return,10,3,0.0,0.25,0.08383491299397461,1.1752152280214458,-0.12965912999721596,0.6045454545454544,0.04031560960064251,5.4811667261278965,-0.024765588875143796,0.6666666666666666,-0.03086826541178711,0.08226225915203411
z_y_plus_return,10,3,0.0,0.5,0.05496906894461606,0.9780480739542752,-0.11396927586504546,0.6045454545454544,0.04139887614989024,9.361885403576805,-0.009507061052620447,0.6666666666666666,-0.05973410946114566,0.08334552570128184
z_y_plus_return,10,3,0.0,1.0,0.06014603168703925,1.2615718087433945,-0.037574724430560424,0.6045454545454544,0.0005054840980189823,0.21629668414754327,-0.01963103437583069,0.6666666666666666,-0.05455714671872247,0.042452133649410584
z_y_plus_return,10,3,0.2,0.0,0.013658931503105265,0.29261059785117455,-0.12946694293035477,0.6045454545454544,-0.03258121989132956,-4.909073174045577,-0.04984256890319061,0.6666666666666666,-0.10104424690265645,0.009365429660062041
z_y_plus_return,10,3,0.2,0.25,0.02156150126552281,0.4152509888137974,-0.1258313958321754,0.6045454545454544,0.04645046593419111,6.509017047949311,-0.019014523574796827,0.6666666666666666,-0.09314167714023891,0.08839711548558271
z_y_plus_return,10,3,0.2,0.5,0.024506917493196223,0.49639076652795455,-0.13559361550862759,0.6045454545454544,0.042357828166222466,10.153129318907471,-0.00659338764429096,0.6666666666666666,-0.0901962609125655,0.08430447771761407
z_y_plus_return,10,3,0.2,1.0,0.06028067803427106,1.2575204240258377,-0.03757472443056031,0.6045454545454544,0.0005054840980189823,0.21629668414754327,-0.01963103437583069,0.6666666666666666,-0.054422500371490656,0.042452133649410584
z_y_plus_return,10,3,0.5,0.0,-0.0030411265477058302,0.06789006143855823,-0.12296045020406288,0.6045454545454544,-0.002082586195359948,-0.14151871073722783,-0.030752952384838994,0.6666666666666666,-0.11774430495346755,0.039864063356031654
z_y_plus_return,10,3,0.5,0.25,-0.0375430753296232,-0.45026628954501574,-0.14286000239634855,0.6045454545454544,0.040482737190760565,7.109600526374238,-0.007311496022641695,0.6666666666666666,-0.15224625373538492,0.08242938674215217
z_y_plus_return,10,3,0.5,0.5,0.033024097757448745,0.6549798077314477,-0.08713561106266199,0.6045454545454544,0.006849066690868044,1.7584823668985727,-0.009125369671285188,0.6666666666666666,-0.08167908064831297,0.048795716242259646
z_y_plus_return,10,3,0.5,1.0,0.08353117998894177,1.6703611883453011,-0.03757472443056031,0.6045454545454544,-0.0019498614994187813,-0.3893650947411732,-0.023982046911027677,0.6666666666666666,-0.031171998416819946,0.03999678805197282
z_y_plus_return,10,3,0.8,0.0,0.020223226587815946,0.39624535242153913,-0.09204595366576451,0.6045454545454544,-0.013736462921913994,-3.3983144005063366,-0.003346879804059899,0.6666666666666666,-0.09447995181794577,0.028210186629477607
z_y_plus_return,10,3,0.8,0.25,-0.0020818423020260157,0.050534784637960496,-0.12920674903532647,0.6045454545454544,-0.005250391742793958,-1.1475317709090318,-0.002303734841309635,0.6666666666666666,-0.11678502070778773,0.03669625780859764
z_y_plus_return,10,3,0.8,0.5,0.01719419215603435,0.396642764956584,-0.1091080428925495,0.6045454545454544,0.033454258656896885,7.895966387674887,0.0,0.6666666666666666,-0.09750898624972737,0.07540090820828849
z_y_plus_return,10,3,0.8,1.0,0.07909907339663458,1.5893046278486929,-0.03757472443056031,0.6045454545454544,0.032182511044003714,4.868770473806021,-0.017919920455217397,0.6666666666666666,-0.03560410500912714,0.07412916059539532
z_y_plus_return,10,5,0.0,0.0,0.018087584839596937,0.3387735926244118,-0.12255728231199559,1.0,-0.056843103311016385,-9.903933195175657,-0.07399838468332509,1.0,-0.09661559356616478,-0.014896453759624784
z_y_plus_return,10,5,0.0,0.25,0.03360338382230199,0.5585731042707018,-0.11880046247575071,1.0,-0.04583299025436849,-8.748824827730875,-0.059328299716227884,1.0,-0.08109979458345973,-0.003886340702976887
z_y_plus_return,10,5,0.0,0.5,0.0673720280908201,1.091867562452414,-0.11343037449832971,1.0,-0.04151660445467398,-8.407563518082398,-0.048455253086372885,1.0,-0.04733115031494162,0.0004300450967176239
z_y_plus_return,10,5,0.0,1.0,-0.010969704818526216,-0.12438596775345101,-0.08707442559234946,1.0,-0.0359426318567182,-9.636234230591263,-0.0322983288730343,1.0,-0.12567288322428793,0.0060040176946734025
z_y_plus_return,10,5,0.2,0.0,-0.03631875098135928,-0.32938034800516347,-0.15076068845031287,1.0,-0.0841309175571403,-11.41383118766525,-0.09325901897093614,1.0,-0.151021929387121,-0.042184268005748704
z_y_plus_return,10,5,0.2,0.25,0.06788320779292789,0.9668436534527478,-0.1380302346570178,1.0,-0.060035960128593135,-11.624984277489881,-0.06967956397890773,1.0,-0.04681997061283383,-0.018089310577201534
z_y_plus_return,10,5,0.2,0.5,0.032265180285370176,0.5529508202279169,-0.12326267690219639,1.0,-0.04848035512098914,-10.312205856100798,-0.05536859180058029,1.0,-0.08243799812039154,-0.006533705569597537
z_y_plus_return,10,5,0.2,1.0,0.029231999848923218,0.587064217354357,-0.08505593602541395,1.0,-0.0359426318567182,-9.636234230591263,-0.0322983288730343,1.0,-0.0854711785568385,0.0060040176946734025
z_y_plus_return,10,5,0.5,0.0,0.11743461015436418,1.3804081759489137,-0.1346929587908524,1.0,-0.00039475953260903474,0.08558897127677922,-0.02225707967603896,1.0,0.002731431748602464,0.04155189001878257
z_y_plus_return,10,5,0.5,0.25,0.08636561207278581,1.1702920425714087,-0.09893387626351624,1.0,-0.024124665950160606,-5.767727839813876,-0.03213784825740662,1.0,-0.028337566332975905,0.017821983601230995
z_y_plus_return,10,5,0.5,0.5,0.07054265189877462,1.059856450670916,-0.08833482692886996,1.0,-0.012850323892153792,-2.6222180043488623,-0.02530173540655578,1.0,-0.0441605265069871,0.02909632565923781
z_y_plus_return,10,5,0.5,1.0,0.010542807790220765,0.26332898810328287,-0.08505593602541384,1.0,-0.014377652205242564,-2.825322299213756,-0.03213729056148995,1.0,-0.10416037061554095,0.027568997346149038
z_y_plus_return,10,5,0.8,0.0,0.025147016960481494,0.43145230184883787,-0.09701370442226931,1.0,-0.015755143193342924,-3.0451513819106046,-0.01473111050128939,1.0,-0.08955616144528022,0.026191506358048677
z_y_plus_return,10,5,0.8,0.25,0.005610686814575994,0.1805116046868489,-0.10403013481711854,1.0,-0.015875448407171366,-3.280661885957941,-0.013169694128086884,1.0,-0.10909249159118573,0.026071201144220235
z_y_plus_return,10,5,0.8,0.5,0.040998267578481906,0.731547818761147,-0.07706428325904269,1.0,-0.013167023867241778,-2.764571071960006,-0.020903249698877358,1.0,-0.07370491082727981,0.028779625684149823
z_y_plus_return,10,5,0.8,1.0,0.006241127944156766,0.1915013502709232,-0.08088794027094859,1.0,0.0001337582769140866,0.15253089820968696,-0.03135733442306521,1.0,-0.10846205046160495,0.04208040782830569
z_y_plus_return,20,0,0.0,0.0,0.10743336637193623,1.595200151141615,-0.10630570094156677,0.05909090909090909,-0.017479782419341672,-1.814962442411862,-0.04873389785104476,0.18333333333333335,-0.007269812033825485,0.02446686713204993
z_y_plus_return,20,0,0.0,0.25,0.0918706404794758,1.5363985653409593,-0.09060840218549004,0.056818181818181816,-0.007325671366456121,-0.7104451405140356,-0.04010881948430378,0.18333333333333335,-0.022832537926285923,0.03462097818493548
z_y_plus_return,20,0,0.0,0.5,0.027841631370046693,0.6479496630561726,-0.07984121652087739,0.0528409090909091,0.020254233487031703,2.6302124616110336,-0.023810582235455513,0.18333333333333335,-0.08686154703571503,0.062200883038423305
z_y_plus_return,20,0,0.0,1.0,-0.038871732734267694,-0.8304441596727105,-0.08357690484541846,0.03409090909090909,0.002870532352150734,0.7391803147914028,-0.013213284449426599,0.18333333333333335,-0.1535749111400294,0.044817181903542336
z_y_plus_return,20,0,0.2,0.0,0.08209663889087082,1.297012011429432,-0.10690301856320394,0.05909090909090909,0.005378687703529783,0.900250059988603,-0.025095713982645762,0.18333333333333335,-0.0326065395148909,0.047325337254921385
z_y_plus_return,20,0,0.2,0.25,0.05968058039630875,1.157978726442173,-0.08617131613300488,0.056249999999999994,0.01132991611189671,1.6999428386109552,-0.022025632023039532,0.18333333333333335,-0.05502259800945297,0.05327656566328831
z_y_plus_return,20,0,0.2,0.5,0.019689172043920067,0.48991464723922395,-0.07855321729418763,0.05227272727272727,0.02122964547019701,2.8358532977350532,-0.01766314171254635,0.18333333333333335,-0.09501400636184165,0.06317629502158861
z_y_plus_return,20,0,0.2,1.0,-0.038871732734267694,-0.8304441596727105,-0.08357690484541846,0.03409090909090909,0.002870532352150734,0.7391803147914028,-0.013213284449426599,0.18333333333333335,-0.1535749111400294,0.044817181903542336
z_y_plus_return,20,0,0.5,0.0,0.12585571249320093,1.936445129740984,-0.10580468917148123,0.05738636363636363,0.005298050585203606,0.9922353504200725,-0.009424932301044464,0.18333333333333335,0.011152534087439214,0.04724470013659521
z_y_plus_return,20,0,0.5,0.25,0.07750108478191287,1.464266120789012,-0.08356153221730978,0.05511363636363636,0.01115403246062252,1.9179709831180052,-0.01288846880197525,0.18333333333333335,-0.03720209362384885,0.05310068201201412
z_y_plus_return,20,0,0.5,0.5,0.03249462935212777,0.7539423751290134,-0.07863023104021005,0.05,-0.009803428888737975,-1.8912910395277653,-0.011431225183435312,0.18333333333333335,-0.08220854905363395,0.03214322066265363
z_y_plus_return,20,0,0.5,1.0,-0.038871732734267694,-0.8304441596727105,-0.08357690484541846,0.03409090909090909,0.0009705515170104206,0.32703806318500805,-0.00791695481081367,0.18333333333333335,-0.1535749111400294,0.04291720106840202
z_y_plus_return,20,0,0.8,0.0,-0.008956205197442446,-0.09745270734564503,-0.0851909113218473,0.05340909090909091,0.016599948667888498,3.1203939243861036,-0.025753594968220606,0.17500000000000002,-0.12365938360320416,0.0585465982192801
z_y_plus_return,20,0,0.8,0.25,0.006769055856864936,0.21351181413918732,-0.06988671038450833,0.05170454545454546,0.006072035022396172,1.1820346723140076,-0.029103846903993702,0.17500000000000002,-0.10793412254889678,0.04801868457378777
z_y_plus_return,20,0,0.8,0.5,-0.004118564407342595,-0.02837280065859563,-0.06340404848271874,0.04886363636363637,-0.0003761581405002934,0.05061666581391423,-0.0288710913140362,0.18333333333333335,-0.11882174281310431,0.04157049141089131
z_y_plus_return,20,0,0.8,1.0,-0.047630936807370294,-1.0374773214287272,-0.09228063140773579,0.03409090909090909,0.0028489809044203174,0.6892544714271709,-0.02509727905482695,0.18333333333333335,-0.162334115213132,0.04479563045581192
z_y_plus_return,20,1,0.0,0.0,0.049077244203500126,0.7094734798227041,-0.14059281118744793,0.11022727272727272,-0.04348968903211492,-6.466279401535349,-0.05092234648836147,0.25000000000000006,-0.0656259342022616,-0.0015430394807233183
z_y_plus_return,20,1,0.0,0.25,0.057039625072690114,1.054500369714272,-0.09410987204883448,0.11022727272727272,-0.03458978375805488,-5.551342945637536,-0.041848926590756896,0.25000000000000006,-0.057663553333071604,0.00735686579333672
z_y_plus_return,20,1,0.0,0.5,0.03191738153128276,0.8927662988727258,-0.05451854673830492,0.11022727272727272,-0.012399439914036914,-1.9987124213584335,-0.022181348266005485,0.25000000000000006,-0.08278579687447896,0.029547209637354688
z_y_plus_return,20,1,0.0,1.0,0.040336711290597016,0.9555390441964491,-0.047002681710296645,0.11022727272727272,0.009745418144599505,2.2027915701476686,-0.01251981569400129,0.25000000000000006,-0.0743664671151647,0.051692067695991106
z_y_plus_return,20,1,0.2,0.0,0.015581812922262683,0.32593997887075615,-0.12909965216071595,0.11022727272727272,-0.015290499602756191,-2.6053881975478075,-0.026767987226860246,0.25000000000000006,-0.09912136548349904,0.02665614994863541
z_y_plus_return,20,1,0.2,0.25,0.029384228908979848,0.6337020766978099,-0.08286529264644349,0.11022727272727272,-0.0010574023870367766,-0.07757795146929446,-0.016181328148786478,0.25000000000000006,-0.08531894949678187,0.040889247164354825
z_y_plus_return,20,1,0.2,0.5,-0.03825783410620398,-0.8814533609248549,-0.07297220894632794,0.11022727272727272,0.00035542375168784446,0.1816432039331623,-0.013791320236325233,0.25000000000000006,-0.1529610125119657,0.042302073303079446
z_y_plus_return,20,1,0.2,1.0,0.040336711290597016,0.9555390441964491,-0.047002681710296645,0.11022727272727272,0.009745418144599505,2.2027915701476686,-0.01251981569400129,0.25000000000000006,-0.0743664671151647,0.051692067695991106
z_y_plus_return,20,1,0.5,0.0,0.10987865692768617,1.8701493257311976,-0.07271257942864462,0.11022727272727272,0.0014814953385409169,0.37582500417032966,-0.00784764890179035,0.25000000000000006,-0.00482452147807555,0.04342814488993252
z_y_plus_return,20,1,0.5,0.25,0.015817956430196345,0.39227070325202473,-0.08398212896170265,0.11022727272727272,0.0053797892585008,1.1248639623598866,-0.011301064254641502,0.25000000000000006,-0.09888522197556537,0.0473264388098924
z_y_plus_return,20,1,0.5,0.5,-0.031089884225203868,-0.6374374492850452,-0.06751684608671293,0.11022727272727272,-0.009843890771162545,-1.9080736795607949,-0.014307284579414103,0.25000000000000006,-0.1457930626309656,0.03210275878022906
z_y_plus_return,20,1,0.5,1.0,0.03855486327325974,0.9159993600155295,-0.047002681710296645,0.11022727272727272,0.008442614535553172,2.0598484458416655,-0.006690061073540754,0.25000000000000006,-0.07614831513250198,0.050389264086944774
z_y_plus_return,20,1,0.8,0.0,0.021445720268596702,0.5029710716652254,-0.0547138145256979,0.11022727272727272,0.03265524926934593,6.176788364939395,-0.015376802371001252,0.25000000000000006,-0.09325745813716502,0.07460189882073753
z_y_plus_return,20,1,0.8,0.25,-0.039481233396308824,-0.6716734742401524,-0.10612990643871867,0.11022727272727272,0.011297124188236474,2.0415743834905364,-0.025757255756310715,0.25000000000000006,-0.15418441180207054,0.053243773739628075
z_y_plus_return,20,1,0.8,0.5,-0.054954305567116446,-1.2052053242365264,-0.08379474123471764,0.11022727272727272,0.00389985384202296,0.8152706059535592,-0.020760881282647525,0.25000000000000006,-0.16965748397287816,0.04584650339341456
z_y_plus_return,20,1,0.8,1.0,0.027878349884206788,0.6726378245009256,-0.05147210821810588,0.11022727272727272,0.008252503473138217,1.5835784014363883,-0.027044249807523957,0.25000000000000006,-0.08682482852155493,0.05019915302452982
z_y_plus_return,20,2,0.0,0.0,0.05479924387242474,0.7850867715353155,-0.1428260920353932,0.20909090909090908,-0.03806031588302472,-5.608990576362738,-0.04593521964790526,0.3333333333333333,-0.05990393453333698,0.0038863336683668814
z_y_plus_return,20,2,0.0,0.25,0.008270923243561823,0.2192617084093628,-0.12739285654229193,0.20909090909090908,-0.047096977325153166,-9.952295446036421,-0.04082602262937518,0.3333333333333333,-0.1064322551621999,-0.005150327773761565
z_y_plus_return,20,2,0.0,0.5,0.04278362598567087,1.022879843929889,-0.07436079063039758,0.20909090909090908,-0.024695871344333264,-5.049981850212687,-0.022900334283896595,0.3333333333333333,-0.07191955242009085,0.017250778207058337
z_y_plus_return,20,2,0.0,1.0,0.05454098210732239,1.3778518754893196,-0.05593282464394311,0.20909090909090908,0.010558432721647248,2.399541817174759,-0.008527899805307437,0.3333333333333333,-0.06016219629843933,0.05250508227303885
z_y_plus_return,20,2,0.2,0.0,0.021054744862914143,0.4331839771697038,-0.11774746005960057,0.20909090909090908,-0.00841239521809356,-1.2051566508118252,-0.02719644792530418,0.3333333333333333,-0.09364843354284758,0.03353425433329804
z_y_plus_return,20,2,0.2,0.25,-0.013283068652073737,-0.1653259572756168,-0.11102299033846208,0.20909090909090908,-0.022564072139748537,-4.7101593209628225,-0.019963736151444977,0.3333333333333333,-0.12798624705783546,0.019382577411643065
z_y_plus_return,20,2,0.2,0.5,0.0011772862242891424,0.09055315782216856,-0.08944090834723506,0.20909090909090908,-0.01913595450833583,-3.7009209194663124,-0.019952972167404548,0.3333333333333333,-0.11352589218147258,0.022810695043055773
z_y_plus_return,20,2,0.2,1.0,0.05454098210732239,1.3778518754893196,-0.05593282464394311,0.20909090909090908,0.010558432721647248,2.399541817174759,-0.008527899805307437,0.3333333333333333,-0.06016219629843933,0.05250508227303885
z_y_plus_return,20,2,0.5,0.0,-0.05440157446130689,-0.8394998017464298,-0.1178541693675309,0.20909090909090908,-0.013457816343262263,-2.1641834838388485,-0.019262201232436937,0.3333333333333333,-0.1691047528670686,0.02848883320812934
z_y_plus_return,20,2,0.5,0.25,0.029777002336701885,0.6246406289865089,-0.08578951102657673,0.20909090909090908,-0.019893980114929044,-3.678691808667087,-0.0211856498584041,0.3333333333333333,-0.08492617606905983,0.022052669436462558
z_y_plus_return,20,2,0.5,0.5,-0.0034592472671909347,-0.005589411181084518,-0.1025572335853806,0.20909090909090908,-0.01129140068448009,-2.2099577904056447,-0.014578117081424091,0.3333333333333333,-0.11816242567295265,0.03065524886691151
z_y_plus_return,20,2,0.5,1.0,0.06460206670724378,1.592349150228091,-0.05812709984774522,0.20909090909090908,0.01000289302317503,2.3098952294392334,-0.00865152635782962,0.3333333333333333,-0.05010111169851794,0.05194954257456663
z_y_plus_return,20,2,0.8,0.0,0.014560521484033195,0.3544903466497304,-0.09270340115494236,0.20909090909090908,0.04364226017967243,10.45345332320237,-0.0017457237595420727,0.3333333333333333,-0.10014265692172852,0.08558890973106403
z_y_plus_return,20,2,0.8,0.25,0.002334372695706577,0.11766417917938175,-0.0812778063019155,0.20909090909090908,0.0343694036912916,7.550256223145471,-0.006551750182956506,0.3333333333333333,-0.11236880571005514,0.0763160532426832
z_y_plus_return,20,2,0.8,0.5,0.058310500551529865,1.2454089338838144,-0.08099272196183438,0.20909090909090908,0.014141300284842062,3.023352255967601,-0.012975803849734069,0.3333333333333333,-0.056392677854231854,0.056087949836233664
z_y_plus_return,20,2,0.8,1.0,0.06368114925182455,1.589228279057193,-0.06137889902894855,0.20909090909090908,0.00800561770007402,1.5592947855806736,-0.02399166677894593,0.3333333333333333,-0.051022029153937165,0.04995226725146562
z_y_plus_return,20,3,0.0,0.0,0.0799992242214218,1.114440973502753,-0.1326270858061822,0.30795454545454537,-0.048379313665811274,-8.215499595662124,-0.0451728965559004,0.4166666666666667,-0.034703954184339914,-0.006432664114419673
z_y_plus_return,20,3,0.0,0.25,-0.005271560061710812,0.017168324715285795,-0.12166176412214613,0.30795454545454537,-0.047874966667410535,-9.635232334356106,-0.04292735479707199,0.4166666666666667,-0.11997473846747253,-0.005928317116018933
z_y_plus_return,20,3,0.0,0.5,0.024665072508840202,0.5506972902820149,-0.1009636759373298,0.30795454545454537,-0.031039929378451014,-7.126213990997899,-0.026632536654679573,0.4166666666666667,-0.09003810589692152,0.010906720172940587
z_y_plus_return,20,3,0.0,1.0,0.08675037501281513,2.035891433119854,-0.052564931178463614,0.30795454545454537,0.01279097387673489,2.1886855139116874,-0.021837105773750753,0.4166666666666667,-0.02795280339294659,0.05473762342812649
z_y_plus_return,20,3,0.2,0.0,0.0014129961900495314,0.11148602773942207,-0.12390783128887128,0.30795454545454537,-0.03901634634153284,-7.085695562621406,-0.03752760169773195,0.4166666666666667,-0.11329018221571219,0.0029303032098587645
z_y_plus_return,20,3,0.2,0.25,-0.03385845052177827,-0.5580573215018303,-0.11219069790735448,0.30795454545454537,-0.028048307156476993,-6.162046113640117,-0.02657165931892458,0.4166666666666667,-0.14856162892754,0.013898342394914609
z_y_plus_return,20,3,0.2,0.5,-0.02006079519372239,-0.3403579982593372,-0.12173793103817421,0.30795454545454537,-0.030480248968153822,-6.796671467109537,-0.025653401303155965,0.4166666666666667,-0.1347639735994841,0.011466400583237779
z_y_plus_return,20,3,0.2,1.0,0.08284179578291395,1.9333935059196439,-0.0559724524610139,0.30795454545454537,0.01279097387673489,2.1886855139116874,-0.021837105773750753,0.4166666666666667,-0.03186138262284777,0.05473762342812649
z_y_plus_return,20,3,0.5,0.0,-0.01204673441294235,-0.10355706103521797,-0.10840204730561631,0.30795454545454537,-0.01936135922779758,-3.1727055845776344,-0.025704247943021064,0.4166666666666667,-0.12674991281870407,0.02258529032359402
z_y_plus_return,20,3,0.5,0.25,0.036320151618114194,0.7154606995041555,-0.1087905964440612,0.30795454545454537,-0.02180464933946713,-4.4761848279056435,-0.017311865112551006,0.4166666666666667,-0.07838302678764753,0.02014200021192447
z_y_plus_return,20,3,0.5,0.5,-0.015755776358281848,-0.27477789312279416,-0.0916935293531439,0.30795454545454537,-0.00793275274000782,-1.5123945280078777,-0.01080041260871445,0.4166666666666667,-0.13045895476404357,0.03401389681138378
z_y_plus_return,20,3,0.5,1.0,0.0852315132658239,1.9943908572809061,-0.05309165947678052,0.30795454545454537,0.002384191303183014,0.5231149601556034,-0.020795765485907447,0.4166666666666667,-0.02947166513993782,0.044330840854574616
z_y_plus_return,20,3,0.8,0.0,0.001993115649584931,0.11533146637736065,-0.09400535075150662,0.30795454545454537,0.047904200253596096,10.128169747081486,-0.0008801474820450128,0.4166666666666667,-0.11271006275617679,0.0898508498049877
z_y_plus_return,20,3,0.8,0.25,0.01420801011369055,0.3571489076932645,-0.09362595670911478,0.30795454545454537,0.02696112123153993,6.047368949902705,-0.006756209337860364,0.4166666666666667,-0.10049516829207117,0.06890777078293153
z_y_plus_return,20,3,0.8,0.5,0.05633731592369662,1.2698320500050606,-0.10115403403851653,0.30795454545454537,0.0056701683586073415,1.12605786871061,-0.02494197944050569,0.4166666666666667,-0.0583658624820651,0.04761681790999894
z_y_plus_return,20,3,0.8,1.0,0.07164082379660508,1.7719174998589409,-0.05015292092824686,0.30795454545454537,0.012414012363608729,2.692787991102756,-0.01851948025819372,0.4166666666666667,-0.04306235460915664,0.05436066191500033
z_y_plus_return,20,5,0.0,0.0,0.08204096844268505,1.1545298838653606,-0.1341336793173059,0.5056818181818182,-0.04588836032316812,-6.977175938594605,-0.04874260450137846,0.5833333333333334,-0.03266220996307667,-0.003941710771776519
z_y_plus_return,20,5,0.0,0.25,0.03408086251136466,0.621452599431124,-0.10890942259274017,0.5056818181818182,-0.038529037854563075,-6.904368936680446,-0.04055769728367309,0.5833333333333334,-0.08062231589439706,0.0034176116968285264
z_y_plus_return,20,5,0.0,0.5,0.08794517981920924,1.6242227886805074,-0.086406722612697,0.5056818181818182,-0.016585539888451017,-2.936213647758427,-0.026105525307991595,0.5833333333333334,-0.02675799858655248,0.025361109662940584
z_y_plus_return,20,5,0.0,1.0,0.0875066485921594,2.0453416946783114,-0.04804711863039324,0.5056818181818182,-0.007028146809890612,-1.1435260147750608,-0.02790292209866929,0.5833333333333334,-0.02719652981360232,0.03491850274150099
z_y_plus_return,20,5,0.2,0.0,0.021841394198810926,0.41734392980704205,-0.12334909419692985,0.5056818181818182,-0.03645519310753653,-7.0881279643239665,-0.035270797314810864,0.5833333333333334,-0.09286178420695079,0.0054914564438550695
z_y_plus_return,20,5,0.2,0.25,0.026617420956344562,0.5219110459534805,-0.11162926805971485,0.5056818181818182,-0.050684876149589275,-11.434704218820888,-0.04490754261752794,0.5833333333333334,-0.08808575744941716,-0.008738226598197674
z_y_plus_return,20,5,0.2,0.5,0.06319804834182818,1.2021683466359527,-0.0876360039173476,0.5056818181818182,-0.027724229604159767,-5.368730910595714,-0.026464965792785455,0.5833333333333334,-0.051505130063933535,0.014222419947231835
z_y_plus_return,20,5,0.2,1.0,0.09707578886552914,2.215501333983742,-0.050342578391252446,0.5056818181818182,-0.007028146809890612,-1.1435260147750608,-0.02790292209866929,0.5833333333333334,-0.017627389540232574,0.03491850274150099
z_y_plus_return,20,5,0.5,0.0,0.026472223531827543,0.48873993475301364,-0.10472181112156564,0.5056818181818182,-0.023199564892120494,-3.972026349782767,-0.026971381769891778,0.5833333333333334,-0.08823095487393418,0.018747084659271107
z_y_plus_return,20,5,0.5,0.25,0.026466928335348028,0.5359104185800586,-0.09122562916005894,0.5056818181818182,-0.022423230557254592,-4.696566123433614,-0.023147305198972568,0.5833333333333334,-0.08823625007041369,0.01952341899413701
z_y_plus_return,20,5,0.5,0.5,0.054860208426697366,1.0641640517871476,-0.07011804203494054,0.5056818181818182,-0.010094889174279142,-1.9443944845077408,-0.01375934119256328,0.5833333333333334,-0.05984296997906435,0.03185176037711246
z_y_plus_return,20,5,0.5,1.0,0.09501385307627874,2.1573286248397263,-0.050342578391252224,0.5056818181818182,-0.011998335100796287,-2.093352755052854,-0.025981484214700812,0.5833333333333334,-0.019689325329482976,0.029948314450595315
z_y_plus_return,20,5,0.8,0.0,0.05493735585476944,1.002793050901379,-0.07483436653177666,0.5056818181818182,0.03281259390449587,5.719053808834677,-0.01437397072573443,0.5833333333333334,-0.059765822550992276,0.07475924345588747
z_y_plus_return,20,5,0.8,0.25,0.015834981071018994,0.3755333108875675,-0.08861589946500281,0.5056818181818182,0.027672081482399635,5.5055150464073765,-0.011041091088263011,0.5833333333333334,-0.09886819733474272,0.06961873103379124
z_y_plus_return,20,5,0.8,0.5,0.08440896165489353,1.809567619783943,-0.06068222224797171,0.5056818181818182,0.014993894328621415,2.8771744857594377,-0.017601322881170667,0.5833333333333334,-0.030294216750868186,0.05694054388001302
z_y_plus_return,20,5,0.8,1.0,0.08578192918745775,1.9870568314441563,-0.047544606124523825,0.5056818181818182,0.0087472275148619,2.042294212563946,-0.019127711003744552,0.5833333333333334,-0.028921249218303968,0.0506938770662535
z_y_plus_return,30,0,0.0,0.0,0.11960754683997243,1.7124064931091365,-0.10879791313584708,0.04318181818181819,-0.029032809635514578,-4.175875026946565,-0.044185210067575365,0.1777777777777778,0.004904368434210715,0.012913839915877023
z_y_plus_return,30,0,0.0,0.25,0.0923213211683287,1.5430129685561584,-0.09472631060877135,0.04166666666666668,-0.01680550780154777,-2.4388005087581286,-0.033326220211346236,0.1777777777777778,-0.022381857237433023,0.02514114174984383
z_y_plus_return,30,0,0.0,0.5,0.066778986701999,1.380071873485254,-0.08007291266439287,0.039015151515151524,-0.02147198775145487,-3.6667430220707082,-0.02495875378712209,0.1777777777777778,-0.04792419170376272,0.020474661799936733
z_y_plus_return,30,0,0.0,1.0,-0.009006542328285905,-0.14691446691020218,-0.07027622066424555,0.02575757575757576,-0.001726734695427723,-0.3731551053040204,-0.015230577907743514,0.1777777777777778,-0.12370972073404762,0.04021991485596388
z_y_plus_return,30,0,0.2,0.0,0.0778760126855067,1.2458097499756489,-0.10734739515631431,0.04318181818181819,-0.019701776454283615,-3.214706970441871,-0.03552211797737459,0.1777777777777778,-0.03682716572025502,0.022244873097107987
z_y_plus_return,30,0,0.2,0.25,0.07336930728591917,1.3397073912182824,-0.09556350393116875,0.0412878787878788,-0.015300082944387783,-2.3591434819399497,-0.02876971683426266,0.1777777777777778,-0.04133387111984255,0.02664656660700382
z_y_plus_return,30,0,0.2,0.5,0.04324241468124934,0.9692650094963634,-0.07993375361620136,0.03863636363636364,-0.004303110005479227,-0.8179839567752697,-0.01712974421819735,0.1777777777777778,-0.07146076372451238,0.037643539545912374
z_y_plus_return,30,0,0.2,1.0,-0.0034120169103094566,-0.01644927388619794,-0.07164587951889545,0.02575757575757576,-0.001726734695427723,-0.3731551053040204,-0.015230577907743514,0.1777777777777778,-0.11811519531607118,0.04021991485596388
z_y_plus_return,30,0,0.5,0.0,0.10157658689731175,1.681718630268933,-0.1059020636466459,0.04204545454545456,0.001969870906388449,0.6025252417638154,-0.0076657004852682675,0.17222222222222225,-0.01312659150844997,0.04391652045778005
z_y_plus_return,30,0,0.5,0.25,0.08074587675493539,1.5559888940002824,-0.08007165837545804,0.040530303030303035,-0.011233542894216852,-2.8128070290802523,-0.015425796554079274,0.1777777777777778,-0.03395730165082633,0.03071310665717475
z_y_plus_return,30,0,0.5,0.5,0.03933593581128059,0.8633446651835986,-0.07995135779643892,0.03674242424242425,-0.0031591371025306847,-0.7265476912030032,-0.011319502868971765,0.1777777777777778,-0.07536724259448113,0.03878751244886092
z_y_plus_return,30,0,0.5,1.0,-0.003412017850526139,-0.01644929531464807,-0.07164588039473818,0.02575757575757576,-0.002321581636674841,-0.6061478927928281,-0.013065712169160082,0.1777777777777778,-0.11811519625628786,0.03962506791471676
z_y_plus_return,30,0,0.8,0.0,-0.003043199580129219,0.015309827209059209,-0.08180598178769527,0.03825757575757576,0.005899484238627961,1.2768203024830824,-0.025352403960510972,0.17222222222222225,-0.11774637798589094,0.04784613379001956
z_y_plus_return,30,0,0.8,0.25,-0.0009313694906659675,0.04921400760568601,-0.07989574791852183,0.037500000000000006,0.00883069950233506,1.78134272395198,-0.024779322196931464,0.17222222222222225,-0.11563454789642769,0.05077734905372666
z_y_plus_return,30,0,0.8,0.5,-0.0038545940443179827,-0.018848933651617245,-0.07152616947820223,0.03522727272727273,0.005985562727577776,1.22716117969736,-0.02263652235043756,0.17222222222222225,-0.1185577724500797,0.04793221227896938
z_y_plus_return,30,0,0.8,1.0,-0.039533192807182815,-0.8905677597654381,-0.08886967857297146,0.024621212121212124,0.0035419709461324,0.8226444897047919,-0.017478358936635296,0.1777777777777778,-0.15423637121294453,0.045488620497524
z_y_plus_return,30,1,0.0,0.0,0.08664975730581137,1.2239236259429738,-0.12183092620090474,0.07727272727272726,-0.04225079042256685,-7.314716964590596,-0.044331842141006494,0.2222222222222222,-0.02805342109995035,-0.00030414087117525135
z_y_plus_return,30,1,0.0,0.25,0.028729301181850575,0.5835689481834523,-0.10386080856664837,0.07727272727272726,-0.03333404735960366,-5.470465001093185,-0.040290056817486875,0.2222222222222222,-0.08597387722391114,0.008612602191787944
z_y_plus_return,30,1,0.0,0.5,0.031590478397249155,0.8363227328201377,-0.060141064078731654,0.07727272727272726,-0.029171915771594725,-5.858729888392538,-0.02063304375665853,0.2222222222222222,-0.08311270000851256,0.012774733779796876
z_y_plus_return,30,1,0.0,1.0,-0.019788540010402644,-0.43619308926096967,-0.07306516612594272,0.07727272727272726,0.001995202343757052,0.5902563096527828,-0.015449806693202617,0.2222222222222222,-0.13449171841616436,0.043941851895148654
z_y_plus_return,30,1,0.2,0.0,0.05914691214859524,1.0121446508642558,-0.11241696151726044,0.07727272727272726,-0.034455057749052,-7.070874155481216,-0.037143093485477396,0.2222222222222222,-0.055556266257166476,0.007491591802339603
z_y_plus_return,30,1,0.2,0.25,0.02206321588195248,0.5339272561197258,-0.08575605915658624,0.07727272727272726,-0.01873390580202372,-3.491476511136003,-0.023130237800333964,0.2222222222222222,-0.09263996252380924,0.02321274374936788
z_y_plus_return,30,1,0.2,0.5,-0.009924278598750558,-0.20171707455672447,-0.04890533807730235,0.07727272727272726,-0.004160201651445261,-0.8815495939375235,-0.012902877790387346,0.2222222222222222,-0.12462745700451228,0.03778644789994634
z_y_plus_return,30,1,0.2,1.0,-0.010236330893835133,-0.19832753427328118,-0.06901291107293284,0.07727272727272726,0.001995202343757052,0.5902563096527828,-0.015449806693202617,0.2222222222222222,-0.12493950929959685,0.043941851895148654
z_y_plus_return,30,1,0.5,0.0,0.06498923304860882,1.2651666289004813,-0.0784825400930792,0.07727272727272726,0.0014867841988004393,0.5038891172504547,-0.006256618159414695,0.2222222222222222,-0.0497139453571529,0.04343343375019204
z_y_plus_return,30,1,0.5,0.25,0.026090780893617715,0.6306073063076456,-0.0688064158368884,0.07727272727272726,-0.008521102293796212,-2.0938875826183376,-0.014523996901319003,0.2222222222222222,-0.088612397512144,0.03342554725759539
z_y_plus_return,30,1,0.5,0.5,-0.02240028279477324,-0.46243418939455005,-0.06412923080183086,0.07727272727272726,0.0029061601439832607,0.8440551483055339,-0.007301336402354086,0.2222222222222222,-0.13710346120053496,0.04485280969537486
z_y_plus_return,30,1,0.5,1.0,-0.012644086403406085,-0.2595043462094688,-0.0712776833237958,0.07727272727272726,0.0016073174008663926,0.5150639379503559,-0.013144735705840072,0.2222222222222222,-0.1273472648091678,0.043553966952257994
z_y_plus_return,30,1,0.8,0.0,0.013145022621588343,0.3327451710199534,-0.06843728890553635,0.07727272727272726,0.01627356553815673,3.401098667695891,-0.01842360090754569,0.2222222222222222,-0.10155815578417338,0.05822021508954833
z_y_plus_return,30,1,0.8,0.25,-0.038131258670293655,-0.7959162768839759,-0.08319563047572154,0.07727272727272726,0.018665781402921855,3.6453930828209247,-0.018464293713435276,0.2222222222222222,-0.15283443707605537,0.060612430954313457
z_y_plus_return,30,1,0.8,0.5,-0.015206819117819403,-0.28540206752372055,-0.06599473530979538,0.07727272727272726,0.023725713229008738,4.685067815850637,-0.012042530428789666,0.2222222222222222,-0.12990999752358112,0.06567236278040034
z_y_plus_return,30,1,0.8,1.0,-0.022461869490138064,-0.5212973736169887,-0.08365918650995119,0.07727272727272726,0.0054429973620073735,1.107168972685857,-0.02060951383156584,0.2222222222222222,-0.13716504789589978,0.047389646913398975
z_y_plus_return,30,2,0.0,0.0,0.0726824817738494,1.0225872799376519,-0.1328474942501381,0.14318181818181816,-0.0429321372885364,-7.076608450924697,-0.04693377573492552,0.27777777777777773,-0.042020696631912324,-0.0009854877371447968
z_y_plus_return,30,2,0.0,0.25,0.03752622882708723,0.6633147524857546,-0.11620160203350194,0.14318181818181816,-0.045388634698746544,-8.789162952884698,-0.03964554304054457,0.27777777777777773,-0.07717694957867449,-0.0034419851473549423
z_y_plus_return,30,2,0.0,0.5,0.053882437506834524,1.2576787638583078,-0.0653605034441268,0.14318181818181816,-0.039310750869003375,-7.409846624536255,-0.0322232148455629,0.27777777777777773,-0.060820740898927195,0.002635898682388227
z_y_plus_return,30,2,0.0,1.0,0.05603396288244067,1.4028594073936425,-0.07645257860253052,0.14318181818181816,0.005724837104852387,1.5097778194016735,-0.014858577197799372,0.27777777777777773,-0.05866921552332105,0.04767148665624399
z_y_plus_return,30,2,0.2,0.0,0.041786210952274416,0.7619638995775228,-0.11471807163104053,0.14318181818181816,-0.029056622297533807,-5.34856859350121,-0.037249383264831404,0.27777777777777773,-0.0729169674534873,0.012890027253857794
z_y_plus_return,30,2,0.2,0.25,0.052681646379308056,1.0677853811036773,-0.09100797811281036,0.14318181818181816,-0.04146024411371052,-9.302495054201392,-0.031129767651772,0.27777777777777773,-0.06202153202645366,0.00048640543768108113
z_y_plus_return,30,2,0.2,0.5,0.028721186589519165,0.7362861280695729,-0.06383299471285553,0.14318181818181816,-0.015029905987618442,-3.22843191715191,-0.021191788010744617,0.27777777777777773,-0.08598199181624255,0.02691674356377316
z_y_plus_return,30,2,0.2,1.0,0.06032148062889919,1.5040388396832511,-0.07209779335914113,0.14318181818181816,0.005724837104852387,1.5097778194016735,-0.014858577197799372,0.27777777777777773,-0.054381697776862525,0.04767148665624399
z_y_plus_return,30,2,0.5,0.0,-0.04615294071178788,-0.7732778056871655,-0.11503853581244217,0.14318181818181816,-0.012123838570208378,-3.4041989486715534,-0.014978626389449246,0.27777777777777773,-0.1608561191175496,0.029822810981183223
z_y_plus_return,30,2,0.5,0.25,0.0024934827297160567,0.12155550715256229,-0.09175900407477189,0.14318181818181816,-0.02153091987500455,-5.0473230405027705,-0.023778535394546885,0.27777777777777773,-0.11220969567604566,0.02041572967638705
z_y_plus_return,30,2,0.5,0.5,0.006505889599303094,0.21133032663441184,-0.06818546373717493,0.14318181818181816,-0.005943296154883426,-1.41910534984445,-0.01275434694513089,0.27777777777777773,-0.10819728880645862,0.036003353396508175
z_y_plus_return,30,2,0.5,1.0,0.06629661781955543,1.6564925876486096,-0.0729754797654516,0.14318181818181816,0.006225006485708784,1.6872590883589207,-0.013790380397889934,0.27777777777777773,-0.04840656058620629,0.048171656037100385
z_y_plus_return,30,2,0.8,0.0,0.04790700727390318,1.0328822718266748,-0.06887110025845278,0.14318181818181816,0.022594660544358103,5.470961652725878,-0.010459877006149254,0.27777777777777773,-0.06679617113185854,0.0645413100957497
z_y_plus_return,30,2,0.8,0.25,0.05620657313901889,1.2985879385311514,-0.0453437883843425,0.14318181818181816,0.033375832378757186,7.551915543588959,-0.005387274305102663,0.27777777777777773,-0.05849660526674283,0.07532248193014879
z_y_plus_return,30,2,0.8,0.5,0.013616544770564287,0.3942251562731733,-0.0801951559599543,0.14318181818181816,0.02942149985880782,6.13510619151373,-0.007318117619703246,0.27777777777777773,-0.10108663363519743,0.07136814941019942
z_y_plus_return,30,2,0.8,1.0,0.047204987210372584,1.2331217472854579,-0.0691623122581253,0.14318181818181816,0.008211559552947723,1.7490748479983111,-0.015010227400791054,0.27777777777777773,-0.06749819119538913,0.050158209104339324
z_y_plus_return,30,3,0.0,0.0,0.06127692787194294,0.8857745593471071,-0.13347013593140666,0.20909090909090908,-0.052743072714054096,-8.832204030261812,-0.05253722768680269,0.3333333333333333,-0.053426250533818775,-0.010796423162662494
z_y_plus_return,30,3,0.0,0.25,0.020511456944099837,0.3997095923065741,-0.12420693247560566,0.20909090909090908,-0.04133454289516092,-7.562619675031046,-0.039019784017832126,0.3333333333333333,-0.09419172146166188,0.0006121066562306821
z_y_plus_return,30,3,0.0,0.5,0.022955503556239654,0.578964419380755,-0.07686356942268269,0.20909090909090908,-0.04091640028556853,-7.513726247542854,-0.037683133421616666,0.3333333333333333,-0.09174767484952207,0.0010302492658230689
z_y_plus_return,30,3,0.0,1.0,0.07862592711487992,1.961536448234867,-0.06273896346032182,0.20909090909090908,0.011305676262834519,2.5917477850416777,-0.016543325826195776,0.3333333333333333,-0.036077251290881795,0.05325232581422612
z_y_plus_return,30,3,0.2,0.0,0.00953752042102951,0.24826366398510963,-0.11330106498805004,0.20909090909090908,-0.04162827019803217,-7.976710441716158,-0.0437419597306824,0.3333333333333333,-0.10516565798473221,0.00031837935335943257
z_y_plus_return,30,3,0.2,0.25,-0.009453182456020781,-0.10398705814044525,-0.11020508364732629,0.20909090909090908,-0.038159892239861826,-7.897695830007931,-0.03316982328742035,0.3333333333333333,-0.1241563608617825,0.003786757311529776
z_y_plus_return,30,3,0.2,0.5,0.029616940704640937,0.7510490429284258,-0.08154635322488668,0.20909090909090908,-0.02515261629413601,-5.214818800377173,-0.031954316902980895,0.3333333333333333,-0.08508623770112078,0.01679403325725559
z_y_plus_return,30,3,0.2,1.0,0.06493396677125074,1.6888031190622363,-0.0704547256239686,0.20909090909090908,0.011305676262834519,2.5917477850416777,-0.016543325826195776,0.3333333333333333,-0.04976921163451098,0.05325232581422612
z_y_plus_return,30,3,0.5,0.0,-0.035249625433323994,-0.5249001041920656,-0.11146219336464314,0.20909090909090908,-0.013969484214124361,-3.3463715463081707,-0.022809240355607385,0.3333333333333333,-0.1499528038390857,0.02797716533726724
z_y_plus_return,30,3,0.5,0.25,-0.00045676591638266206,0.06393906299244066,-0.08522012308734495,0.20909090909090908,-0.020504921873013005,-4.5720797943048215,-0.022552209737144224,0.3333333333333333,-0.11515994432214438,0.021441727678378597
z_y_plus_return,30,3,0.5,0.5,-0.010526609469153514,-0.16578154869622447,-0.09922279690807012,0.20909090909090908,-0.004229145487767871,-0.9629693289608787,-0.011012012268107663,0.3333333333333333,-0.12522978787491523,0.03771750406362373
z_y_plus_return,30,3,0.5,1.0,0.07418957258714731,1.868277122114605,-0.06672847674914928,0.20909090909090908,0.005299069744340912,1.5092682678899956,-0.012466373233131378,0.3333333333333333,-0.04051360581861441,0.04724571929573251
z_y_plus_return,30,3,0.8,0.0,0.028359036749088684,0.5995375115859174,-0.0819066462423439,0.20909090909090908,0.0278858834780098,6.0947088241064,-0.011099463839722268,0.3333333333333333,-0.08634414165667303,0.0698325330294014
z_y_plus_return,30,3,0.8,0.25,0.06906715875136471,1.5526847242472386,-0.056383768827837355,0.20909090909090908,0.03738974794901262,7.7962133666878906,-0.006808062262684156,0.3333333333333333,-0.04563601965439701,0.07933639750040422
z_y_plus_return,30,3,0.8,0.5,0.07031293823772566,1.5474418947378183,-0.0812665214897691,0.20909090909090908,0.031822560456500115,6.29971997001899,-0.008359124597013046,0.3333333333333333,-0.044390240168036055,0.07376921000789172
z_y_plus_return,30,3,0.8,1.0,0.08260887697078512,2.061553222435394,-0.06291579960670701,0.20909090909090908,0.011541037248411934,2.3421963647276933,-0.014926558466262674,0.3333333333333333,-0.0320943014349766,0.053487686799803535
z_y_plus_return,30,5,0.0,0.0,0.06296354753288402,0.9218287149620413,-0.13576185462137091,0.3409090909090909,-0.04033902177090698,-6.7789068932611025,-0.04323139014444832,0.4444444444444444,-0.051739630872877695,0.0016076277804846217
z_y_plus_return,30,5,0.0,0.25,0.03873473411720041,0.6832082756908272,-0.11815583675653818,0.3409090909090909,-0.049129851239019584,-9.643787506102356,-0.04362718301411128,0.4444444444444444,-0.07596844428856131,-0.0071832016876279825
z_y_plus_return,30,5,0.0,0.5,0.045815149845779723,0.9848015575134121,-0.08903548461439592,0.3409090909090909,-0.04755819000111905,-8.646008884999608,-0.04318740464565285,0.4444444444444444,-0.068888028559982,-0.005611540449727448
z_y_plus_return,30,5,0.0,1.0,0.05395696659656268,1.3205303319761184,-0.06678293522738377,0.3409090909090909,0.006368575004128019,1.5481922433129123,-0.017673533846311762,0.4444444444444444,-0.060746211809199036,0.04831522455551962
z_y_plus_return,30,5,0.2,0.0,-0.00395642402189178,0.0273941901521993,-0.12737110506722193,0.3409090909090909,-0.06088841782527188,-12.813888388952385,-0.05616881495271986,0.4444444444444444,-0.1186596024276535,-0.018941768273880277
z_y_plus_return,30,5,0.2,0.25,0.0259885050716695,0.547199344311777,-0.12240591698232794,0.3409090909090909,-0.06149332523509188,-13.668428186908358,-0.051141688442711275,0.4444444444444444,-0.08871467333409222,-0.019546675683700276
z_y_plus_return,30,5,0.2,0.5,0.042917452400049516,0.9236623973204108,-0.08414690209034692,0.3409090909090909,-0.019786833610338617,-3.708211261434681,-0.030578155116784744,0.4444444444444444,-0.0717857260057122,0.022159815941052985
z_y_plus_return,30,5,0.2,1.0,0.06650566621549547,1.6212946118708809,-0.057259611008302014,0.3409090909090909,0.006368575004128019,1.5481922433129123,-0.017673533846311762,0.4444444444444444,-0.048197512190266245,0.04831522455551962
z_y_plus_return,30,5,0.5,0.0,0.003000187519695219,0.13678952707589156,-0.10009238162348455,0.3409090909090909,-0.02798282742972613,-8.925913856591386,-0.02509163928636504,0.4444444444444444,-0.1117029908860665,0.01396382212166547
z_y_plus_return,30,5,0.5,0.25,-0.003047388509666571,0.019614009434743895,-0.09979961239701873,0.3409090909090909,-0.02149395818789357,-5.51669851136133,-0.019946790599100095,0.4444444444444444,-0.11775056691542829,0.020452691363498032
z_y_plus_return,30,5,0.5,0.5,0.046214701152111015,0.9839659539234403,-0.06909860352617636,0.3409090909090909,-0.008354824060116672,-1.809534349814762,-0.01645129609038798,0.4444444444444444,-0.0684884772536507,0.03359182549127493
z_y_plus_return,30,5,0.5,1.0,0.061107228210725895,1.5180865908548686,-0.06138533719434802,0.3409090909090909,0.008138440666219049,2.029438616340523,-0.014256269318181358,0.4444444444444444,-0.053595950195035824,0.05008509021761065
z_y_plus_return,30,5,0.8,0.0,0.03089750371809208,0.6462955711634646,-0.06834807238683416,0.3409090909090909,0.024603684111681234,5.550073656258484,-0.011399647363523613,0.4444444444444444,-0.08380567468766964,0.06655033366307284
z_y_plus_return,30,5,0.8,0.25,0.021153809162327564,0.487261730854351,-0.08357940375954787,0.3409090909090909,0.019451307167175802,5.373229757459117,-0.008655604117612015,0.4444444444444444,-0.09354936924343416,0.061397956718567404
z_y_plus_return,30,5,0.8,0.5,0.07854731549614513,1.6858352376322392,-0.0626449692638672,0.3409090909090909,0.005332383411659425,1.3496453282553869,-0.013919918461186787,0.4444444444444444,-0.03615586290961659,0.047279032963051026
z_y_plus_return,30,5,0.8,1.0,0.04733262522752235,1.1904429824366902,-0.06270591884969046,0.3409090909090909,0.006599501409083608,1.5367561134828984,-0.01028623605861767,0.4444444444444444,-0.06737055317823937,0.04854615096047521
z_y_plus_return,50,0,0.0,0.0,0.11656622720600485,1.674620871905773,-0.10824474944122753,0.030227272727272728,-0.04674256585803627,-7.383621899770059,-0.04869058059002407,0.17,0.0018630488002431278,-0.004795916306644665
z_y_plus_return,50,0,0.0,0.25,0.10778208952936708,1.7282620695694872,-0.09388947454665597,0.029545454545454545,-0.02893794790376536,-4.93828727042184,-0.03763176549027747,0.17333333333333334,-0.006921088876394643,0.013008701647626242
z_y_plus_return,50,0,0.0,0.5,0.06628716662175904,1.305719307613308,-0.08638162927131132,0.02727272727272727,-0.025292652046742692,-5.561955986338837,-0.02345201547622844,0.17333333333333334,-0.04841601178400268,0.01665399750464891
z_y_plus_return,50,0,0.0,1.0,0.010442191915284393,0.29711361277719217,-0.06677347836824399,0.01863636363636364,0.00214322119613386,0.6336767724738823,-0.012614626172599563,0.16666666666666666,-0.10426098649047733,0.04408987074752546
z_y_plus_return,50,0,0.2,0.0,0.09439599692975742,1.4543884426086833,-0.10692372460220889,0.030000000000000002,-0.03637505419293996,-6.086620538362276,-0.04017767415520723,0.17333333333333334,-0.0203071814760043,0.005571595358451642
z_y_plus_return,50,0,0.2,0.25,0.08354819148684278,1.4889158316160591,-0.08974538988730096,0.02931818181818182,-0.03388805991233845,-7.792372044427137,-0.030015999004108673,0.17333333333333334,-0.031154986918918937,0.008058589639053149
z_y_plus_return,50,0,0.2,0.5,0.03949192802368806,0.8440409018413548,-0.09020906994610622,0.027045454545454543,-0.023529462500235798,-5.453444444839589,-0.02450366949575833,0.17,-0.07521125038207366,0.018417187051155803
z_y_plus_return,50,0,0.2,1.0,0.008838269076403282,0.26064024454714424,-0.06747892504537523,0.01863636363636364,0.00214322165937042,0.6336768892814082,-0.012614626172599563,0.16666666666666666,-0.10586490932935844,0.04408987121076202
z_y_plus_return,50,0,0.5,0.0,0.06762492885973281,1.193436998333859,-0.10405191840183226,0.029772727272727274,-0.0007564471843858334,-0.11070183396781393,-0.012564579024910927,0.17,-0.047078249546028905,0.04119020236700577
z_y_plus_return,50,0,0.5,0.25,0.06106725086410103,1.1988250070498976,-0.08608984408300968,0.028409090909090908,0.0004928795921601559,0.21238519414387966,-0.010099395660437493,0.16666666666666666,-0.05363592754166069,0.04243952914355176
z_y_plus_return,50,0,0.5,0.5,0.042366188040830366,0.9342522301831517,-0.08658539876248683,0.025909090909090913,-0.00152292559989331,-0.3662868647896939,-0.010675600978783728,0.16666666666666666,-0.07233699036493135,0.04042372395149829
z_y_plus_return,50,0,0.5,1.0,-0.0008488278590248477,0.045078318508753386,-0.07030792786490847,0.01863636363636364,0.0003145171416922832,0.16327694558377243,-0.007974892284077995,0.16666666666666666,-0.11555200626478657,0.042261166693083885
z_y_plus_return,50,0,0.8,0.0,0.02372639950061295,0.5402033411559644,-0.08407599046178005,0.02727272727272728,-0.002049414507748981,-0.34701775713147426,-0.012722658904807616,0.17,-0.09097677890514877,0.03989723504364262
z_y_plus_return,50,0,0.8,0.25,0.016201422982367264,0.3945154013636499,-0.08000498770817221,0.026363636363636367,0.0011632818970936931,0.34195379655040453,-0.01727271272831299,0.17,-0.09850175542339445,0.043109931448485295
z_y_plus_return,50,0,0.8,0.5,0.0029052497861408177,0.12927344311348862,-0.07512827735683181,0.02522727272727273,0.0010246195104148814,0.29842358483919845,-0.02185922638259119,0.16666666666666666,-0.1117979286196209,0.04297126906180648
z_y_plus_return,50,0,0.8,1.0,-0.02810282322610047,-0.5676507300883966,-0.08139466830255526,0.01840909090909091,0.004740653230869141,1.0713471427027728,-0.01753776134188434,0.16666666666666666,-0.1428060016318622,0.04668730278226074
z_y_plus_return,50,1,0.0,0.0,0.07479655072473435,1.1863293565461184,-0.1024430628487305,0.05090909090909091,-0.042136927837789995,-6.1088864905834495,-0.04984044607272087,0.20000000000000004,-0.03990662768102737,-0.00019027828639839317
z_y_plus_return,50,1,0.0,0.25,0.07765081164388299,1.4816898368702682,-0.08912691148664476,0.05090909090909091,-0.029122414583040324,-5.055664069942774,-0.03644459484916085,0.20000000000000004,-0.03705236676187873,0.012824234968351278
z_y_plus_return,50,1,0.0,0.5,0.05049129683388531,1.2473293422908682,-0.06431866489828453,0.05090909090909091,-0.026422534360154737,-6.284151102116268,-0.021621060377770562,0.20000000000000004,-0.0642118815718764,0.015524115191236865
z_y_plus_return,50,1,0.0,1.0,-0.009785257906812395,-0.18308442934794436,-0.07858776660962363,0.05090909090909091,0.0031096847247560344,0.8677330523727517,-0.010483780632138284,0.20000000000000004,-0.12448843631257411,0.045056334276147636
z_y_plus_return,50,1,0.2,0.0,0.04956260948459579,0.8722493917833622,-0.10886381274316026,0.05090909090909091,-0.03391518684092032,-5.724214280004609,-0.037270743858277555,0.20000000000000004,-0.06514056892116593,0.008031462710471282
z_y_plus_return,50,1,0.2,0.25,0.03633091490594098,0.8132699841647578,-0.09422732975345838,0.05090909090909091,-0.03513092382692595,-8.744325722962836,-0.02662391006090581,0.20000000000000004,-0.07837226349982074,0.006815725724465649
z_y_plus_return,50,1,0.2,0.5,0.028913394589152208,0.7539263495123487,-0.06591460787640435,0.05090909090909091,-0.022461095084901128,-5.506752287874188,-0.02119001451153124,0.20000000000000004,-0.08578978381660951,0.019485554466490473
z_y_plus_return,50,1,0.2,1.0,-0.0036869835965630537,-0.029271283300940427,-0.08168201416818754,0.05090909090909091,0.004039814573420841,1.1462628961330967,-0.008800977597355875,0.20000000000000004,-0.11839016200232477,0.04598646412481244
z_y_plus_return,50,1,0.5,0.0,0.05534876157588853,1.0723717149591785,-0.09468549685636596,0.05090909090909091,0.0007162269357747775,0.26971520572078456,-0.01130925560218099,0.20000000000000004,-0.05935441682987319,0.04266287648716638
z_y_plus_return,50,1,0.5,0.25,0.030896629127026953,0.7253106787850669,-0.08358422543834043,0.05090909090909091,0.0027087543402943837,0.8291218225406906,-0.008723947907209428,0.20000000000000004,-0.08380654927873477,0.044655403891685985
z_y_plus_return,50,1,0.5,0.5,0.046393172341777644,1.1437786632724651,-0.06260392136270787,0.05090909090909091,0.0012926672016633223,0.4539374525229626,-0.008883087652146848,0.20000000000000004,-0.06831000606398407,0.043239316753054924
z_y_plus_return,50,1,0.5,1.0,-0.012891206788307574,-0.2560073925296367,-0.08300242146088666,0.05090909090909091,0.0031481000196158515,0.8953074587451549,-0.01129411514353007,0.20000000000000004,-0.1275943851940693,0.04509474957100745
z_y_plus_return,50,1,0.8,0.0,0.03477205953973983,0.8085632839955567,-0.07021807793411183,0.05090909090909091,0.00404953517588158,0.9509523638570886,-0.009690515263296895,0.20000000000000004,-0.07993111886602189,0.04599618472727318
z_y_plus_return,50,1,0.8,0.25,0.05232138099130279,1.1778633801832539,-0.06100220622462582,0.05090909090909091,0.008667402519436873,1.8633754472192723,-0.014599966458348046,0.20000000000000004,-0.06238179741445893,0.050614052070828475
z_y_plus_return,50,1,0.8,0.5,0.026595781792598805,0.7088617181227361,-0.053580297973321644,0.05090909090909091,0.013171453830276514,2.4434251180187063,-0.014340856321957918,0.20000000000000004,-0.08810739661316291,0.055118103381668115
z_y_plus_return,50,1,0.8,1.0,-0.018740428692454625,-0.4089807148262667,-0.08410382754686574,0.05090909090909091,0.014533094121588208,3.202427344364062,-0.010995957497456743,0.20000000000000004,-0.13344360709821634,0.05647974367297981
z_y_plus_return,50,2,0.0,0.0,0.09233898039010269,1.30979018195271,-0.1277141455680808,0.09045454545454545,-0.052082154547816395,-8.038482539181409,-0.053173895285996586,0.2333333333333334,-0.02236419801565903,-0.010135504996424793
z_y_plus_return,50,2,0.0,0.25,0.03404120377131359,0.6267158399850886,-0.11311457576993189,0.09045454545454545,-0.0445055369516103,-9.390149146248005,-0.038012059182661484,0.2333333333333334,-0.08066197463444813,-0.002558887400218701
z_y_plus_return,50,2,0.0,0.5,0.05445262595669864,1.3714531363696714,-0.05813532822906553,0.09045454545454545,-0.0315021285149758,-7.635187565531131,-0.023395530112169327,0.2333333333333334,-0.06025055244906308,0.0104445210364158
z_y_plus_return,50,2,0.0,1.0,0.04223721210901421,1.0811362683255679,-0.071813347544463,0.09045454545454545,-0.007083560732088934,-1.6400782112337202,-0.017144591035801904,0.2333333333333334,-0.07246596629674751,0.03486308881930267
z_y_plus_return,50,2,0.2,0.0,0.038193028677347085,0.7299193777314419,-0.11661982455890652,0.09045454545454545,-0.04491372637333879,-8.405283799594846,-0.04132660638099139,0.2333333333333334,-0.07651014972841463,-0.00296707682194719
z_y_plus_return,50,2,0.2,0.25,0.03821420978209855,0.84889744966434,-0.08146577046657433,0.09045454545454545,-0.038385487790925876,-8.75150430161917,-0.031440282808608444,0.2333333333333334,-0.07648896862366317,0.0035611617604657253
z_y_plus_return,50,2,0.2,0.5,0.019772742704227575,0.5512441718539693,-0.059995298634938576,0.09045454545454545,-0.024148736520149372,-6.0290908353452135,-0.021112378313397517,0.2333333333333334,-0.09493043570153414,0.01779791303124223
z_y_plus_return,50,2,0.2,1.0,0.040607535823752317,1.0689482046324783,-0.07629755818170014,0.09045454545454545,-0.008620256172459317,-1.9551331394746179,-0.01896800420738387,0.2333333333333334,-0.0740956425820094,0.033326393378932284
z_y_plus_return,50,2,0.5,0.0,-0.0037235823367167686,-0.0009503141730714611,-0.09405371403752683,0.09045454545454545,-0.0014351993186937362,-0.27332558972200854,-0.01375632498109347,0.2333333333333334,-0.11842676074247849,0.040511450232697865
z_y_plus_return,50,2,0.5,0.25,0.027077444206050627,0.6627910528868718,-0.0695987194861909,0.09045454545454545,-0.0003435806112019879,-0.01704274508618435,-0.010479657375999651,0.2333333333333334,-0.08762573419971109,0.041603068940189614
z_y_plus_return,50,2,0.5,0.5,0.013269349534803743,0.36995512585778445,-0.06187798093527752,0.09045454545454545,0.004306770206992994,1.2805026165140183,-0.008899025131702376,0.2333333333333334,-0.10143382887095798,0.046253419758384595
z_y_plus_return,50,2,0.5,1.0,0.048973427584692475,1.2616820542813985,-0.07723784293903557,0.09045454545454545,0.0039574696153774624,1.1420096775372224,-0.010840779336990125,0.2333333333333334,-0.06572975082106924,0.045904119166769064
z_y_plus_return,50,2,0.8,0.0,0.06042636243079369,1.3208584913003714,-0.057686214154697546,0.09045454545454545,0.009671822203483504,2.1499156939242496,-0.006455304545104457,0.2333333333333334,-0.05427681597496803,0.051618471754875106
z_y_plus_return,50,2,0.8,0.25,0.027936280844628403,0.7090272989486412,-0.052866367204129294,0.09045454545454545,0.014720395485592341,3.1857296480009087,-0.00972557012530395,0.2333333333333334,-0.08676689756113332,0.05666704503698394
z_y_plus_return,50,2,0.8,0.5,0.03002287802586112,0.810760213105685,-0.04312697668734533,0.09045454545454545,0.009916950100745225,2.013770540199385,-0.013575292887099133,0.2333333333333334,-0.0846803003799006,0.05186359965213683
z_y_plus_return,50,2,0.8,1.0,0.025755401695055635,0.6934932407192119,-0.07935912074387619,0.09045454545454545,0.015415873282386139,3.6641302276444985,-0.006809859377613026,0.2333333333333334,-0.08894777671070608,0.05736252283377774
z_y_plus_return,50,3,0.0,0.0,0.05846544786755037,0.8666324154567852,-0.130402100350265,0.13000000000000003,-0.05895185090469135,-9.531596419775838,-0.05541130272420747,0.2666666666666668,-0.05623773053821135,-0.017005201353299748
z_y_plus_return,50,3,0.0,0.25,0.058939807214343665,1.014705717937042,-0.10679605904340095,0.13000000000000003,-0.04456666064770931,-8.978952316274576,-0.039344116796903084,0.2666666666666668,-0.055763371191418054,-0.0026200110963177092
z_y_plus_return,50,3,0.0,0.5,0.03376077485746887,0.8569453816906316,-0.06762428361502348,0.13000000000000003,-0.04316601484924998,-9.921110269239772,-0.03594087709923022,0.2666666666666668,-0.08094240354829285,-0.0012193652978583769
z_y_plus_return,50,3,0.0,1.0,0.042558556959712224,1.0863487304888442,-0.07565616401859487,0.13000000000000003,-0.002203157637657216,-0.45797390989342773,-0.015594022460192036,0.2666666666666668,-0.0721446214460495,0.039743491913734386
z_y_plus_return,50,3,0.2,0.0,0.018211095294213386,0.39914699203580495,-0.11120096252934764,0.13000000000000003,-0.05952088943027567,-12.85534820954736,-0.04578533475500601,0.2666666666666668,-0.09649208311154833,-0.017574239878884068
z_y_plus_return,50,3,0.2,0.25,0.029129901681103965,0.6527386953921237,-0.08883276494025638,0.13000000000000003,-0.04383416399470763,-10.17328085689052,-0.03492032132838663,0.2666666666666668,-0.08557327672465775,-0.0018875144433160296
z_y_plus_return,50,3,0.2,0.5,0.020534359549084336,0.5565541631561935,-0.07160730318418262,0.13000000000000003,-0.03054652894983345,-7.760306096825583,-0.026161517359717834,0.2666666666666668,-0.09416881885667738,0.01140012060155815
z_y_plus_return,50,3,0.2,1.0,0.037168434694104135,0.9628083890098187,-0.07494443509592541,0.13000000000000003,-0.0017305784150062342,-0.3524757707532568,-0.014795268667610606,0.2666666666666668,-0.07753474371165758,0.04021607113638537
z_y_plus_return,50,3,0.5,0.0,-0.013786641393520815,-0.18642605358097064,-0.10836096083616431,0.13000000000000003,-0.008241027430597181,-1.982448517698291,-0.016673999742289336,0.2666666666666668,-0.12848981979928253,0.03370562212079442
z_y_plus_return,50,3,0.5,0.25,0.009819932851242497,0.277475859388442,-0.08312188653081753,0.13000000000000003,0.0011407030677292873,0.3779048865066999,-0.010164996238224533,0.2666666666666668,-0.10488324555451922,0.04308735261912089
z_y_plus_return,50,3,0.5,0.5,0.012254910592751633,0.35445250047923826,-0.05895758110638594,0.13000000000000003,0.0010381888523784966,0.36058874382517303,-0.011262935786604866,0.2666666666666668,-0.10244826781301009,0.0429848384037701
z_y_plus_return,50,3,0.5,1.0,0.03348640084209231,0.9045797464022928,-0.07864070084604446,0.13000000000000003,0.014757586924798227,4.080742623577021,-0.005442721503883585,0.2666666666666668,-0.0812167775636694,0.05670423647618983
z_y_plus_return,50,3,0.8,0.0,0.06249314146824925,1.3214927666327336,-0.06188147091338558,0.13000000000000003,0.00838594036907847,1.8511782071749543,-0.007629614523708805,0.2666666666666668,-0.05221003693751247,0.05033258992047007
z_y_plus_return,50,3,0.8,0.25,0.05334751713797781,1.2016763885475987,-0.05359371739388619,0.13000000000000003,0.009194013239789411,2.074659912772068,-0.009484035163283333,0.2666666666666668,-0.06135566126778391,0.05114066279118101
z_y_plus_return,50,3,0.8,0.5,0.04219108070246946,1.0317942743201503,-0.058197862604936534,0.13000000000000003,0.014473990968412176,2.8808031991118535,-0.011096440007495212,0.2666666666666668,-0.07251209770329226,0.05642064051980378
z_y_plus_return,50,3,0.8,1.0,0.036371465804717173,1.0029693459643176,-0.07650932762405294,0.13000000000000003,0.012704186815670981,2.6754611577969083,-0.012639146141940172,0.2666666666666668,-0.07833171260104455,0.05465083636706258
z_y_plus_return,50,5,0.0,0.0,0.06919510183997524,1.0082865234076563,-0.1303543156807745,0.20909090909090908,-0.056341792322081474,-9.151912356614448,-0.053502170076947464,0.3333333333333333,-0.04550807656578648,-0.014395142770689873
z_y_plus_return,50,5,0.0,0.25,0.01462141060569122,0.31895220740667846,-0.11192186928148151,0.20909090909090908,-0.04787846466861245,-9.56666438952462,-0.042857947401315766,0.3333333333333333,-0.1000817678000705,-0.005931815117220851
z_y_plus_return,50,5,0.0,0.5,0.05162755843881217,1.1355815446930038,-0.07820558415801326,0.20909090909090908,-0.044538935256933865,-9.169296931537396,-0.03872411517485963,0.3333333333333333,-0.06307561996694955,-0.0025922857055422632
z_y_plus_return,50,5,0.0,1.0,0.04466278206845664,1.10294028570068,-0.07891960796453601,0.20909090909090908,0.006869103326885506,1.797973508857867,-0.010696355897784282,0.3333333333333333,-0.07004039633730508,0.04881575287827711
z_y_plus_return,50,5,0.2,0.0,0.004320429929817404,0.1579557728800099,-0.120594776967071,0.20909090909090908,-0.06150755671330621,-13.74797613061787,-0.04793392994845902,0.3333333333333333,-0.11038274847594431,-0.01956090716191461
z_y_plus_return,50,5,0.2,0.25,0.027602861392830302,0.5867390830664176,-0.09807700642581274,0.20909090909090908,-0.0477725968960635,-11.495043606315848,-0.03959802297322057,0.3333333333333333,-0.08710031701293142,-0.0058259473446719
z_y_plus_return,50,5,0.2,0.5,0.0318042521724049,0.738039985118792,-0.0820572729248975,0.20909090909090908,-0.03170413615265033,-6.859426135345987,-0.031570607095415926,0.3333333333333333,-0.08289892623335682,0.010242513398741271
z_y_plus_return,50,5,0.2,1.0,0.05273511720228763,1.2588476408614937,-0.0655215331654152,0.20909090909090908,0.007555836572957775,1.9617606938538392,-0.010654410060346176,0.3333333333333333,-0.06196806120347409,0.049502486124349376
z_y_plus_return,50,5,0.5,0.0,0.014881517713096537,0.33906407703702857,-0.1007920359360045,0.20909090909090908,-0.012147641273944187,-2.995009910942825,-0.016309465689174685,0.3333333333333333,-0.09982166069266518,0.029799008277447414
z_y_plus_return,50,5,0.5,0.25,0.007469172407960745,0.2168571727256858,-0.08918528994145059,0.20909090909090908,0.0010535209048139205,0.3439907697871134,-0.012781633557704564,0.3333333333333333,-0.10723400599780097,0.04300017045620552
z_y_plus_return,50,5,0.5,0.5,0.050163966216385525,1.1432010786326396,-0.0624703591609429,0.20909090909090908,-0.0033187733390479535,-0.7625990779539903,-0.014036211220789685,0.3333333333333333,-0.0645392121893762,0.03862787621234365
z_y_plus_return,50,5,0.5,1.0,0.049093406965202924,1.169389376363425,-0.07035142102197511,0.20909090909090908,0.010961103402620909,2.927970170119725,-0.007780305288583089,0.3333333333333333,-0.0656097714405588,0.05290775295401251
z_y_plus_return,50,5,0.8,0.0,0.051863844844332485,1.0385534172826827,-0.06385365531964382,0.20909090909090908,-0.0003000949300909772,0.03266330353086585,-0.010466620129616522,0.3333333333333333,-0.06283933356142923,0.041646554621300624
z_y_plus_return,50,5,0.8,0.25,0.05452072235971395,1.1626421761496128,-0.06016219149495161,0.20909090909090908,0.010339155656464039,2.4097810247877822,-0.00940088992178445,0.3333333333333333,-0.06018245604604777,0.05228580520785564
z_y_plus_return,50,5,0.8,0.5,0.05879392612102374,1.376316774953464,-0.058907831526790244,0.20909090909090908,0.021888759755735787,4.13917303983921,-0.010613623719513465,0.3333333333333333,-0.055909252284737976,0.06383540930712739
z_y_plus_return,50,5,0.8,1.0,0.038196615639380926,0.9625282856158214,-0.0773483134551517,0.20909090909090908,0.022435634646797542,4.999742258487337,-0.003437793526649524,0.3333333333333333,-0.07650656276638079,0.06438228419818914
return_pred,10,0,0.0,0.0,0.0681739217681816,0.959746414938238,-0.12958068075118567,0.10454545454545454,0.06503025514440575,8.981443881111588,-0.012458864599466324,0.20000000000000004,-0.04652925663758012,0.10697690469579735
return_pred,10,0,0.0,0.25,0.09752481884729991,1.4685317427439237,-0.10863524224322951,0.09772727272727272,0.03849980555581056,5.363062736216118,-0.010912158526480198,0.20000000000000004,-0.01717835955846181,0.08044645510720216
return_pred,10,0,0.0,0.5,-0.05386487569003473,-1.1510765610751694,-0.11076345898781847,0.08068181818181819,0.032815535153610575,4.647701939240813,-0.012841320596635342,0.2166666666666667,-0.16856805409579645,0.07476218470500218
return_pred,10,0,0.0,1.0,-0.05613624655801297,-1.0974682369576716,-0.10829560227856894,0.040909090909090916,0.09500844782137907,14.422507259874335,-0.013564072871506294,0.2166666666666667,-0.1708394249637747,0.13695509737277067
return_pred,10,0,0.2,0.0,0.020060082423456693,0.37426229640004877,-0.12952457298563935,0.10454545454545454,0.06503025514440575,8.981443881111588,-0.012458864599466324,0.20000000000000004,-0.09464309598230503,0.10697690469579735
return_pred,10,0,0.2,0.25,0.06961192978582065,1.0958611325712788,-0.10898147512762013,0.09659090909090909,0.03849980555581056,5.363062736216118,-0.010912158526480198,0.20000000000000004,-0.04509124861994107,0.08044645510720216
return_pred,10,0,0.2,0.5,-0.0597375746470058,-1.2783121459529425,-0.11076345898781847,0.07954545454545456,0.032815535153610575,4.647701939240813,-0.012841320596635342,0.2166666666666667,-0.17444075305276752,0.07476218470500218
return_pred,10,0,0.2,1.0,-0.05613624655801297,-1.0974682369576716,-0.10829560227856894,0.040909090909090916,0.09500844782137907,14.422507259874335,-0.013564072871506294,0.2166666666666667,-0.1708394249637747,0.13695509737277067
return_pred,10,0,0.5,0.0,0.03675455644048142,0.575143329920664,-0.12753527208031734,0.10568181818181817,0.01754207898391802,3.111008181850052,-0.008240708149969578,0.18333333333333335,-0.0779486219652803,0.05948872853530962
return_pred,10,0,0.5,0.25,0.044152692017540573,0.7508941050571255,-0.10728715256178323,0.09545454545454544,0.04719740623631763,6.78024528997209,-0.0077825323678553104,0.20000000000000004,-0.07055048638822115,0.08914405578770923
return_pred,10,0,0.5,0.5,-0.06479834277857177,-1.4136560276611743,-0.11076345898781847,0.07954545454545456,0.03928874655414538,6.173504261071228,-0.0070871710777282715,0.2166666666666667,-0.1795015211843335,0.08123539610553698
return_pred,10,0,0.5,1.0,-0.05613624655801297,-1.0974682369576716,-0.10829560227856894,0.040909090909090916,0.09500844782137907,14.422507259874335,-0.013564072871506294,0.2166666666666667,-0.1708394249637747,0.13695509737277067
return_pred,10,0,0.8,0.0,-0.02329412715784207,-0.2101736296299243,-0.1447900929307956,0.10340909090909091,0.08204811351165642,10.461840480772338,-0.013474490493535995,0.18333333333333335,-0.1379973055636038,0.12399476306304802
return_pred,10,0,0.8,0.25,-0.02007954633646636,-0.2602172143386104,-0.11684498985179292,0.09318181818181817,0.0932756882946777,11.10374397458789,-0.010552727204564127,0.18333333333333335,-0.13478272474222808,0.1352223378460693
return_pred,10,0,0.8,0.5,-0.06171188768879554,-1.34839310331774,-0.10275368380458383,0.07727272727272727,0.08140700019775848,8.645634882181588,-0.011803709901869297,0.20000000000000004,-0.17641506609455726,0.12335364974915008
return_pred,10,0,0.8,1.0,-0.05613624655801297,-1.0974682369576716,-0.10829560227856894,0.040909090909090916,0.03789447508124222,4.067546967834008,-0.03602473035727982,0.2166666666666667,-0.1708394249637747,0.07984112463263382
return_pred,10,1,0.0,0.0,-0.09686881604244157,-1.2418755621904272,-0.2083086477317615,0.20909090909090908,0.007909838916373646,1.6028272310826541,-0.028289726050997777,0.3333333333333333,-0.2115719944482033,0.04985648846776525
return_pred,10,1,0.0,0.25,-0.0048793213213442765,0.0012681584626121263,-0.07252926723731035,0.20909090909090908,0.0022078897373805084,0.48913455114876625,-0.0183157517498731,0.3333333333333333,-0.119582499727106,0.04415453928877211
return_pred,10,1,0.0,0.5,-0.05539811765034286,-1.2490886906704834,-0.10524104845066595,0.20909090909090908,-0.010254669836542107,-1.941247401764255,-0.018607374925017406,0.3333333333333333,-0.17010129605610458,0.031691979714849494
return_pred,10,1,0.0,1.0,0.004726726607437559,0.16527765225438418,-0.06204282927642846,0.20909090909090908,0.045305926071849134,7.505523315143767,-0.021226276981591075,0.3333333333333333,-0.10997645179832416,0.08725257562324074
return_pred,10,1,0.2,0.0,-0.12910975887769893,-1.7998994347174924,-0.18829184551321498,0.20909090909090908,0.007909838916373646,1.6028272310826541,-0.028289726050997777,0.3333333333333333,-0.24381293728346065,0.04985648846776525
return_pred,10,1,0.2,0.25,-0.05187374396560829,-0.7639871629540719,-0.10730331264298165,0.20909090909090908,0.0022078897373805084,0.48913455114876625,-0.0183157517498731,0.3333333333333333,-0.16657692237137,0.04415453928877211
return_pred,10,1,0.2,0.5,-0.054095107356801564,-1.1730714184800661,-0.0899690342720828,0.20909090909090908,-0.010254669836542107,-1.941247401764255,-0.018607374925017406,0.3333333333333333,-0.16879828576256328,0.031691979714849494
return_pred,10,1,0.2,1.0,0.004726726607437559,0.16527765225438418,-0.06204282927642846,0.20909090909090908,0.045305926071849134,7.505523315143767,-0.021226276981591075,0.3333333333333333,-0.10997645179832416,0.08725257562324074
return_pred,10,1,0.5,0.0,-0.0926378749873189,-0.9348040543094003,-0.2197654547568666,0.20909090909090908,0.022517849178770977,3.5997463511772727,-0.012976105969250251,0.3333333333333333,-0.20734105339308062,0.06446449873016258
return_pred,10,1,0.5,0.25,-0.08865779390201156,-1.2387198291650987,-0.14579608980804515,0.20909090909090908,0.012693463561045393,2.6951402945136667,-0.008540780927836944,0.3333333333333333,-0.20336097230777328,0.054640113112436994
return_pred,10,1,0.5,0.5,-0.07992134901866565,-1.773698019505495,-0.10713115730384071,0.20909090909090908,0.029668301476195813,4.621222106131114,-0.010380129042863895,0.3333333333333333,-0.19462452742442737,0.07161495102758741
return_pred,10,1,0.5,1.0,0.004726726607437559,0.16527765225438418,-0.06204282927642846,0.20909090909090908,0.045305926071849134,7.505523315143767,-0.021226276981591075,0.3333333333333333,-0.10997645179832416,0.08725257562324074
return_pred,10,1,0.8,0.0,-0.03784575832684611,-0.4787792430107002,-0.14188450190014368,0.20909090909090908,0.03623622594094322,3.769900943695767,-0.04802606194169634,0.3333333333333333,-0.15254893673260783,0.07818287549233482
return_pred,10,1,0.8,0.25,0.008386057529957691,0.2289731315344764,-0.10684814106035068,0.20909090909090908,0.03504544796139797,4.1602882242515316,-0.03910661970595919,0.3333333333333333,-0.10631712087580403,0.07699209751278957
return_pred,10,1,0.8,0.5,-0.0657728120394061,-1.5744320474457083,-0.094268738506324,0.20909090909090908,0.03223914884812107,3.6237944714311205,-0.028804150625279523,0.3333333333333333,-0.18047599044516782,0.07418579839951267
return_pred,10,1,0.8,1.0,0.004726726607437559,0.16527765225438418,-0.06204282927642846,0.20909090909090908,0.014787463448575844,1.790111314896203,-0.041024553093603755,0.3333333333333333,-0.10997645179832416,0.056734112999967445
return_pred,10,2,0.0,0.0,-0.026150859495317036,-0.15423282821382797,-0.19524796780037612,0.4068181818181818,0.0034559146459807177,0.7255111303607549,-0.02403426445360557,0.49999999999999994,-0.14085403790107875,0.04540256419737232
return_pred,10,2,0.0,0.25,-0.0746613988375806,-1.1065346495928665,-0.16171204402033823,0.4068181818181818,-0.028498557858746554,-6.878938267374803,-0.01999150531709193,0.49999999999999994,-0.18936457724334232,0.013448091692645048
return_pred,10,2,0.0,0.5,-0.01818120102083487,-0.2901871116479994,-0.07826298172083213,0.4068181818181818,0.005176113709202124,1.2130315755764691,-0.012226719766557204,0.49999999999999994,-0.1328843794265966,0.047122763260593725
return_pred,10,2,0.0,1.0,0.005770008462138154,0.18551704700604302,-0.06007558695186521,0.4068181818181818,0.013432696027801061,1.556890666944226,-0.05850766891736292,0.49999999999999994,-0.10893316994362356,0.05537934557919266
return_pred,10,2,0.2,0.0,-0.04913808118440377,-0.48565639623260215,-0.17203994850037507,0.4068181818181818,0.0034559146459807177,0.7255111303607549,-0.02403426445360557,0.49999999999999994,-0.1638412595901655,0.04540256419737232
return_pred,10,2,0.2,0.25,-0.06883026514426727,-0.9986763278999505,-0.15502939973039798,0.4068181818181818,-0.028498557858746554,-6.878938267374803,-0.01999150531709193,0.49999999999999994,-0.18353344355002899,0.013448091692645048
return_pred,10,2,0.2,0.5,-0.03556489250287809,-0.6456922321157866,-0.07826298172083213,0.4068181818181818,0.005176113709202124,1.2130315755764691,-0.012226719766557204,0.49999999999999994,-0.1502680709086398,0.047122763260593725
return_pred,10,2,0.2,1.0,0.005770008462138154,0.18551704700604302,-0.06007558695186521,0.4068181818181818,0.013432696027801061,1.556890666944226,-0.05850766891736292,0.49999999999999994,-0.10893316994362356,0.05537934557919266
return_pred,10,2,0.5,0.0,-0.025997756627103352,-0.2296423847474398,-0.13857811956293897,0.4068181818181818,0.0069209667417615695,1.2746126364083759,-0.0098655516129732,0.49999999999999994,-0.14070093503286507,0.04886761629315317
return_pred,10,2,0.5,0.25,0.01554019065169343,0.3350922363772108,-0.10338824093814547,0.4068181818181818,0.04602495900737913,10.008242812010264,0.0,0.49999999999999994,-0.09916298775406829,0.08797160855877073
return_pred,10,2,0.5,0.5,-0.028500837095573495,-0.49829213719219345,-0.07826298172083213,0.4068181818181818,0.050570792106452656,11.352838270775159,0.0,0.49999999999999994,-0.1432040155013352,0.09251744165784426
return_pred,10,2,0.5,1.0,0.005770008462138154,0.18551704700604302,-0.06007558695186521,0.4068181818181818,0.013432696027801061,1.556890666944226,-0.05850766891736292,0.49999999999999994,-0.10893316994362356,0.05537934557919266
return_pred,10,2,0.8,0.0,-0.006971775102818656,0.010434880379295556,-0.17095364673997182,0.4068181818181818,0.04141938899854525,6.896294793867851,-0.01772711066327981,0.49999999999999994,-0.12167495350858037,0.08336603854993685
return_pred,10,2,0.8,0.25,-0.05979855470508222,-0.7853111752430902,-0.18654277858596968,0.4068181818181818,0.04120239004631321,7.353555529440089,-0.02099681641471396,0.49999999999999994,-0.17450173311084394,0.08314903959770481
return_pred,10,2,0.8,0.5,-0.029606752710797712,-0.4995552378621498,-0.07688212094544966,0.4068181818181818,0.029766753767481058,4.332325604948854,-0.020996819181583137,0.49999999999999994,-0.14430993111655943,0.07171340331887266
return_pred,10,2,0.8,1.0,0.005770008462138154,0.18551704700604302,-0.06007558695186521,0.4068181818181818,0.0008102992973439971,0.301769886044002,-0.05345772797112025,0.49999999999999994,-0.10893316994362356,0.0427569488487356
return_pred,10,3,0.0,0.0,0.01481505023255969,0.2917685202750286,-0.19413410467329428,0.6045454545454544,-0.01721776975616618,-2.8749596471578402,-0.040051355597414906,0.6666666666666666,-0.09988812817320203,0.024728879795225422
return_pred,10,3,0.0,0.25,0.024489876104108133,0.43037803617303777,-0.16655048746574075,0.6045454545454544,-0.019365747278049183,-5.668012575680936,-0.014297100029484255,0.6666666666666666,-0.09021330230165359,0.022580902273342418
return_pred,10,3,0.0,0.5,-0.012737885646491476,-0.12251254033852443,-0.10380151824151074,0.6045454545454544,-0.007274139926319756,-1.5953025539622294,-0.016542878072261846,0.6666666666666666,-0.1274410640522532,0.034672509625071846
return_pred,10,3,0.0,1.0,0.0012014880020334573,0.09659994236433543,-0.06490374102545693,0.6045454545454544,0.02371523087068983,5.148329520375385,-0.015832959062028307,0.6666666666666666,-0.11350169040372826,0.06566188042208143
return_pred,10,3,0.2,0.0,-0.008394473692293736,0.03050237214115918,-0.18415171930449292,0.6045454545454544,-0.01721776975616618,-2.8749596471578402,-0.040051355597414906,0.6666666666666666,-0.12309765209805545,0.024728879795225422
return_pred,10,3,0.2,0.25,0.045544085053091266,0.7119438797106745,-0.14190720583257377,0.6045454545454544,-0.019365747278049183,-5.668012575680936,-0.014297100029484255,0.6666666666666666,-0.06915909335267045,0.022580902273342418
return_pred,10,3,0.2,0.5,-0.03350763805428525,-0.47635997093050997,-0.10124863949898533,0.6045454545454544,-0.007274139926319756,-1.5953025539622294,-0.016542878072261846,0.6666666666666666,-0.14821081646004697,0.034672509625071846
return_pred,10,3,0.2,1.0,0.0012014880020334573,0.09659994236433543,-0.06490374102545693,0.6045454545454544,0.02371523087068983,5.148329520375385,-0.015832959062028307,0.6666666666666666,-0.11350169040372826,0.06566188042208143
return_pred,10,3,0.5,0.0,-0.0017152691453721225,0.10044511942267995,-0.1758495998287083,0.6045454545454544,0.0022044255823996384,0.5705820158201391,-0.010614627335481686,0.6666666666666666,-0.11641844755113384,0.04415107513379124
return_pred,10,3,0.5,0.25,0.1331977514459961,1.6980793723372039,-0.1140311461371879,0.6045454545454544,0.01317768172802336,3.400132183612932,-0.004658537882231584,0.6666666666666666,0.018494573040234386,0.05512433127941496
return_pred,10,3,0.5,0.5,-0.028045820123150933,-0.38556287283873014,-0.09684460011787566,0.6045454545454544,0.018853276162619448,3.3893155896299656,-0.016542878072261846,0.6666666666666666,-0.14274899852891265,0.06079992571401105
return_pred,10,3,0.5,1.0,-0.005634161575646335,-0.03804068822190115,-0.06490374102545693,0.6045454545454544,0.02371523087068983,5.148329520375385,-0.015832959062028307,0.6666666666666666,-0.12033733998140805,0.06566188042208143
return_pred,10,3,0.8,0.0,0.02540786430796449,0.4402158765642705,-0.14263791598633135,0.6045454545454544,0.044422654533037065,6.8235971731501115,-0.021709442399763912,0.6666666666666666,-0.08929531409779723,0.08636930408442867
return_pred,10,3,0.8,0.25,0.04859491349151179,0.7961527582299659,-0.12367611758500252,0.6045454545454544,0.026115490277156983,7.9304404206818795,-0.011018066872969356,0.6666666666666666,-0.06610826491424993,0.06806213982854858
return_pred,10,3,0.8,0.5,-0.014545870434218733,-0.15652589336328332,-0.11025263589476142,0.6045454545454544,0.02202506444415797,3.62473613335581,-0.014283874824489118,0.6666666666666666,-0.12924904883998045,0.06397171399554957
return_pred,10,3,0.8,1.0,-0.005634161575646335,-0.03804068822190115,-0.06490374102545693,0.6045454545454544,0.013397269667665412,2.1042702239418856,-0.02237192939736965,0.6666666666666666,-0.12033733998140805,0.055343919219057014
return_pred,10,5,0.0,0.0,0.12886575899814745,1.424071240700924,-0.19297364460646504,1.0,-0.025193828062935242,-4.65315097633611,-0.042975322368759006,1.0,0.014162580592385732,0.01675282148845636
return_pred,10,5,0.0,0.25,0.011588964743445063,0.25723535103379525,-0.20000615409069777,1.0,-0.060417893677056966,-11.488192001979938,-0.060615525837327544,1.0,-0.10311421366231666,-0.018471244125665365
return_pred,10,5,0.0,0.5,0.12778088801162313,1.940678471726168,-0.07063512026014318,1.0,-0.04998859832317548,-10.245014981336658,-0.04927688161803612,1.0,0.01307770960586141,-0.00804194877178388
return_pred,10,5,0.0,1.0,0.02532776772738954,0.501861626170621,-0.09458851073292152,1.0,0.005900619000525742,1.5833562653760436,-0.02217948492083477,1.0,-0.08937541067837218,0.047847268551917344
return_pred,10,5,0.2,0.0,0.10998654298186539,1.2904474345901569,-0.18085096743723061,1.0,-0.025193828062935242,-4.65315097633611,-0.042975322368759006,1.0,-0.0047166354238963315,0.01675282148845636
return_pred,10,5,0.2,0.25,0.026625547576826447,0.42607948025013176,-0.18044993635238782,1.0,-0.060417893677056966,-11.488192001979938,-0.060615525837327544,1.0,-0.08807763082893527,-0.018471244125665365
return_pred,10,5,0.2,0.5,0.10684107342026228,1.6463303285854267,-0.07063512026014329,1.0,-0.04998859832317548,-10.245014981336658,-0.04927688161803612,1.0,-0.00786210498549944,-0.00804194877178388
return_pred,10,5,0.2,1.0,0.02532776772738954,0.501861626170621,-0.09458851073292152,1.0,0.005900619000525742,1.5833562653760436,-0.02217948492083477,1.0,-0.08937541067837218,0.047847268551917344
return_pred,10,5,0.5,0.0,0.09223891683546537,1.086562864707864,-0.16154139588694105,1.0,-0.02606858087039421,-3.867517644026747,-0.03991888509239894,1.0,-0.02246426157029635,0.015878068680997393
return_pred,10,5,0.5,0.25,0.1470894972463479,1.7387707723410064,-0.11802502542899918,1.0,0.006815220229300367,1.2248943812102484,-0.022838340133993662,1.0,0.03238631884058618,0.04876186978069197
return_pred,10,5,0.5,0.5,0.08581861755947884,1.3634258695550754,-0.07507189375673318,1.0,-0.006652513993527509,-0.8154319303442682,-0.03806733507980764,1.0,-0.02888456084628288,0.03529413555786409
return_pred,10,5,0.5,1.0,0.01632858685403704,0.357565921012513,-0.09458851073292152,1.0,0.005677670301923898,1.3585207275379994,-0.02643238477008225,1.0,-0.09837459155172468,0.0476243198533155
return_pred,10,5,0.8,0.0,0.003946819369428756,0.16348936277394654,-0.1695697527433574,1.0,0.04059385309969277,14.667472298207592,0.0,1.0,-0.11075635903633296,0.08254050265108437
return_pred,10,5,0.8,0.25,0.049084538932329114,0.7526111158388489,-0.09756372729462148,1.0,0.029024252427806374,5.365589149374199,-0.01712134570241597,1.0,-0.0656186394734326,0.07097090197919798
return_pred,10,5,0.8,0.5,0.09039882168840974,1.3793334593685458,-0.08070040060242589,1.0,0.014324773322700324,2.6826147662121267,-0.018522988501191162,1.0,-0.024304356717351983,0.056271422874091925
return_pred,10,5,0.8,1.0,0.01735406718549748,0.37467690833207773,-0.0945885107329214,1.0,-0.005876782032901762,-1.148077137086733,-0.014789189191861007,1.0,-0.09734911122026424,0.03606986751848984
return_pred,20,0,0.0,0.0,0.07361077859779752,1.033287768324535,-0.1334311404461187,0.05795454545454545,-0.0025731559356496625,-0.27601091351095336,-0.030063277634885477,0.18333333333333335,-0.0410923998079642,0.03937349361574194
return_pred,20,0,0.0,0.25,0.06290638061442833,1.0835689705888545,-0.11198342074313383,0.05397727272727273,0.004704112176116437,1.017663057353125,-0.012102664448320866,0.18333333333333335,-0.05179679779133339,0.04665076172750804
return_pred,20,0,0.0,0.5,0.007813624893414417,0.22390251798403502,-0.09022291185388798,0.045454545454545456,0.03992739027697301,6.06537806069477,-0.011736534535884857,0.18333333333333335,-0.1068895535123473,0.08187403982836461
return_pred,20,0,0.0,1.0,-0.04554504540286053,-0.935590972513751,-0.10659887860461081,0.02329545454545455,0.007008182605262814,1.2583745107295843,-0.015423230522275011,0.19166666666666668,-0.16024822380862225,0.048954832156654415
return_pred,20,0,0.2,0.0,0.04457760898669294,0.6906256073693853,-0.13161359862009048,0.05795454545454545,-0.0025731559356496625,-0.27601091351095336,-0.030063277634885477,0.18333333333333335,-0.07012556941906878,0.03937349361574194
return_pred,20,0,0.2,0.25,0.04055080123096522,0.7328157307931267,-0.11263009647333166,0.0534090909090909,0.004704112176116437,1.017663057353125,-0.012102664448320866,0.18333333333333335,-0.0741523771747965,0.04665076172750804
return_pred,20,0,0.2,0.5,-0.01658051218343337,-0.24592788609467114,-0.08993632452235578,0.04488636363636364,0.03992739027697301,6.06537806069477,-0.011736534535884857,0.18333333333333335,-0.1312836905891951,0.08187403982836461
return_pred,20,0,0.2,1.0,-0.04554504540286053,-0.935590972513751,-0.10659887860461081,0.02329545454545455,0.007008182605262814,1.2583745107295843,-0.015423230522275011,0.19166666666666668,-0.16024822380862225,0.048954832156654415
return_pred,20,0,0.5,0.0,0.055989565688703724,0.8243271954288645,-0.12672785557599475,0.05852272727272727,0.04652885626866188,7.077626587035064,-0.0012835257221013308,0.17500000000000002,-0.058713612717057995,0.08847550582005348
return_pred,20,0,0.5,0.25,0.026031845901637096,0.5109839043688585,-0.10990192122734554,0.0528409090909091,0.05282455476265291,9.051725902882092,-0.002580635715276003,0.18333333333333335,-0.08867133250412462,0.09477120431404451
return_pred,20,0,0.5,0.5,-0.02118850416590634,-0.3396588412953095,-0.08993632452235578,0.04488636363636364,0.05575402760890946,10.648874449907483,-0.0012376996455714107,0.18333333333333335,-0.13589168257166806,0.09770067716030106
return_pred,20,0,0.5,1.0,-0.04554504540286053,-0.935590972513751,-0.10659887860461081,0.02329545454545455,0.0337453036015507,6.734694559361296,-0.007831849784553091,0.19166666666666668,-0.16024822380862225,0.0756919531529423
return_pred,20,0,0.8,0.0,-0.004331291511138757,0.042091842203673124,-0.1271352325953985,0.056818181818181816,0.04484145746703527,5.954478279862696,-0.01635126769542694,0.17500000000000002,-0.11903446991690048,0.08678810701842687
return_pred,20,0,0.8,0.25,-0.011801630431017451,-0.1269446026691423,-0.10509745558727124,0.05113636363636364,0.062418417439497276,7.103524008010975,-0.016706066206097603,0.17500000000000002,-0.12650480883677917,0.10436506699088888
return_pred,20,0,0.8,0.5,-0.0328880348215288,-0.5863351515283325,-0.09057763595853885,0.04375,0.03978831376331926,4.361082176323513,-0.024108677381784904,0.17500000000000002,-0.14759121322729052,0.08173496331471086
return_pred,20,0,0.8,1.0,-0.04554504540286053,-0.935590972513751,-0.10659887860461081,0.02329545454545455,0.008965842582304484,1.464005151659305,-0.021189883471643522,0.19166666666666668,-0.16024822380862225,0.050912492133696086
return_pred,20,1,0.0,0.0,-0.03528172840114474,-0.3804007389161821,-0.15213334888580043,0.11022727272727272,-0.029935919156099167,-5.690400601556969,-0.042027598104142916,0.25000000000000006,-0.14998490680690646,0.012010730395292435
return_pred,20,1,0.0,0.25,-0.028717699383479345,-0.4825928207094793,-0.10076688032566561,0.11022727272727272,-0.0018929807196842452,-0.2292185914602183,-0.01602860479235657,0.25000000000000006,-0.14342087778924106,0.040053668831707356
return_pred,20,1,0.0,0.5,-0.030414792824308035,-0.6680846287170332,-0.07802775695149622,0.11022727272727272,0.0020283716576228183,0.4794617839472518,-0.01818486242175099,0.25000000000000006,-0.14511797123006975,0.04397502120901442
return_pred,20,1,0.0,1.0,-0.00474192360339154,-0.045047441396091674,-0.09059096089600094,0.11022727272727272,-0.010913008109469047,-1.4933437727148935,-0.02754923311151536,0.25000000000000006,-0.11944510200915326,0.031033641441922555
return_pred,20,1,0.2,0.0,-0.052010609315269796,-0.6980853749407703,-0.15165659829288658,0.11022727272727272,-0.029935919156099167,-5.690400601556969,-0.042027598104142916,0.25000000000000006,-0.16671378772103151,0.012010730395292435
return_pred,20,1,0.2,0.25,-0.02932623925376099,-0.4850958150226372,-0.09462293225919483,0.11022727272727272,-0.0018929807196842452,-0.2292185914602183,-0.01602860479235657,0.25000000000000006,-0.1440294176595227,0.040053668831707356
return_pred,20,1,0.2,0.5,-0.03730978120342032,-0.8060979414799027,-0.0768096981726123,0.11022727272727272,0.0020283716576228183,0.4794617839472518,-0.01818486242175099,0.25000000000000006,-0.15201295960918204,0.04397502120901442
return_pred,20,1,0.2,1.0,-0.00474192360339154,-0.045047441396091674,-0.09059096089600094,0.11022727272727272,-0.010913008109469047,-1.4933437727148935,-0.02754923311151536,0.25000000000000006,-0.11944510200915326,0.031033641441922555
return_pred,20,1,0.5,0.0,0.059103743916915974,0.8229716147405469,-0.13820950630599393,0.11022727272727272,0.03458887911760389,5.141788831739774,-0.00884254029572007,0.25000000000000006,-0.055599434488845745,0.07653552866899549
return_pred,20,1,0.5,0.25,-0.03848175781393037,-0.6553011628352217,-0.09864732997254666,0.11022727272727272,0.041749278678657964,7.133019616936231,-0.0076022342275082755,0.25000000000000006,-0.1531849362196921,0.08369592823004957
return_pred,20,1,0.5,0.5,-0.04891855014433277,-1.1032050472694086,-0.07690402918312778,0.11022727272727272,0.025234776029909867,5.163556138919255,-0.00716108628168699,0.25000000000000006,-0.1636217285500945,0.06718142558130147
return_pred,20,1,0.5,1.0,-0.00474192360339154,-0.045047441396091674,-0.09059096089600094,0.11022727272727272,0.013095069214073662,2.3297178323232037,-0.024257182078283424,0.25000000000000006,-0.11944510200915326,0.055041718765465264
return_pred,20,1,0.8,0.0,0.027733615446312143,0.5136875195591274,-0.105288060165869,0.11022727272727272,0.03491723043819528,4.5065914864200085,-0.019587404492849236,0.25000000000000006,-0.08696956295944958,0.07686387998958688
return_pred,20,1,0.8,0.25,-0.00445893555077892,-0.013273971608056967,-0.07047702432940273,0.11022727272727272,0.04614261062520564,5.261014926627465,-0.019502167198920173,0.25000000000000006,-0.11916211395654064,0.08808926017659724
return_pred,20,1,0.8,0.5,-0.04385764846173579,-1.002722621366744,-0.06988929339466654,0.11022727272727272,0.03555879930462136,3.673915016100245,-0.031118279033782947,0.25000000000000006,-0.1585608268674975,0.07750544885601296
return_pred,20,1,0.8,1.0,-0.00474192360339154,-0.045047441396091674,-0.09059096089600094,0.11022727272727272,0.011913612114048178,1.6699346984758092,-0.029602999263159346,0.25000000000000006,-0.11944510200915326,0.05386026166543978
return_pred,20,2,0.0,0.0,0.022099406077572548,0.39696812107201057,-0.1287340452933622,0.20909090909090908,-0.02692624432368984,-5.559203744901921,-0.03311959465352898,0.3333333333333333,-0.09260377232818917,0.01502040522770176
return_pred,20,2,0.0,0.25,-0.026433162914881958,-0.4183561772425635,-0.09474857808034709,0.20909090909090908,-0.029901617089590604,-7.2494132972459235,-0.022976010549267123,0.3333333333333333,-0.14113634132064368,0.012045032461800997
return_pred,20,2,0.0,0.5,0.033663523123543815,0.8557726533003598,-0.05419093197085345,0.20909090909090908,-0.0045307719244523925,-0.6865086779802761,-0.023203093330733893,0.3333333333333333,-0.0810396552822179,0.03741587762693921
return_pred,20,2,0.0,1.0,0.04310156052280356,0.9950992334786926,-0.06772296214291562,0.20909090909090908,0.0028594543554449903,0.5519400238702159,-0.024851309003934174,0.3333333333333333,-0.07160161788295816,0.04480610390683659
return_pred,20,2,0.2,0.0,-0.013674498787298983,-0.12658237110983467,-0.09742166101742611,0.20909090909090908,-0.02692624432368984,-5.559203744901921,-0.03311959465352898,0.3333333333333333,-0.1283776771930607,0.01502040522770176
return_pred,20,2,0.2,0.25,-0.04156586710901067,-0.6703015070591635,-0.09476768976240801,0.20909090909090908,-0.029901617089590604,-7.2494132972459235,-0.022976010549267123,0.3333333333333333,-0.1562690455147724,0.012045032461800997
return_pred,20,2,0.2,0.5,0.02434536896318984,0.6339088411208996,-0.05104362630541104,0.20909090909090908,-0.0045307719244523925,-0.6865086779802761,-0.023203093330733893,0.3333333333333333,-0.09035780944257188,0.03741587762693921
return_pred,20,2,0.2,1.0,0.04310156052280356,0.9950992334786926,-0.06772296214291562,0.20909090909090908,0.0028594543554449903,0.5519400238702159,-0.024851309003934174,0.3333333333333333,-0.07160161788295816,0.04480610390683659
return_pred,20,2,0.5,0.0,-0.029753238239788482,-0.3474943783432667,-0.14603428034599997,0.20909090909090908,0.011520918225564225,1.94043587064603,-0.015582972850501586,0.3333333333333333,-0.1444564166455502,0.05346756777695583
return_pred,20,2,0.5,0.25,0.01892345490259295,0.41337321432642526,-0.060977372513507544,0.20909090909090908,-4.350837440936228e-05,0.08972673639945412,-0.014174368813593796,0.3333333333333333,-0.09577972350316877,0.04190314117698224
return_pred,20,2,0.5,0.5,0.02378737985327728,0.6065847100970453,-0.05104362630541104,0.20909090909090908,0.024827500877989017,4.620311430402912,-0.012759854382670577,0.3333333333333333,-0.09091579855248444,0.06677415042938062
return_pred,20,2,0.5,1.0,0.047799278071292806,1.0915670872232799,-0.06772296214291562,0.20909090909090908,0.013836583334764008,2.6195267020404813,-0.021755215960815866,0.3333333333333333,-0.06690390033446891,0.05578323288615561
return_pred,20,2,0.8,0.0,0.046389937830015215,0.8977335111177246,-0.07598514383757604,0.20909090909090908,0.02060267327733012,2.9213813731075384,-0.022258056891326317,0.3333333333333333,-0.0683132405757465,0.06254932282872172
return_pred,20,2,0.8,0.25,0.006700203415986206,0.20098534749251867,-0.0899055736146478,0.20909090909090908,0.028702504695032216,3.772916565553778,-0.022627196062845245,0.3333333333333333,-0.10800297498977551,0.07064915424642382
return_pred,20,2,0.8,0.5,0.004341260491285581,0.16229374358513682,-0.06143752936957614,0.20909090909090908,0.04555897040098755,5.475572194603296,-0.016327137771844913,0.3333333333333333,-0.11036191791447614,0.08750561995237915
return_pred,20,2,0.8,1.0,0.04875420408132003,1.107251212647024,-0.06687331888524906,0.20909090909090908,0.019685507709426453,2.812387879467801,-0.020018675524575813,0.3333333333333333,-0.06594897432444169,0.061632157260818055
return_pred,20,3,0.0,0.0,-0.008686219719570842,0.0005567953916062123,-0.15280506172687813,0.30795454545454537,-0.04522218547356993,-9.259441683002168,-0.04523063944089789,0.4166666666666667,-0.12338939812533256,-0.00327553592217833
return_pred,20,3,0.0,0.25,-0.009557071727117394,-0.057510862016572024,-0.14117057409164524,0.30795454545454537,-0.030716080147492275,-5.900358349833094,-0.032595663786879725,0.4166666666666667,-0.12426025013287911,0.011230569403899326
return_pred,20,3,0.0,0.5,0.059253384584052826,1.2405610669734846,-0.07394902184509733,0.30795454545454537,-0.02188286702728015,-3.731463417205386,-0.032418781078400905,0.4166666666666667,-0.05544979382170889,0.02006378252411145
return_pred,20,3,0.0,1.0,0.04410216991267024,0.9952996791997638,-0.05360858004475311,0.30795454545454537,0.0026979391447570222,0.5445634520298588,-0.021402924707916382,0.4166666666666667,-0.07060100849309148,0.044644588696148624
return_pred,20,3,0.2,0.0,-0.00872291062684516,-0.026409908548108502,-0.12996815959449093,0.30795454545454537,-0.04522218547356993,-9.259441683002168,-0.04523063944089789,0.4166666666666667,-0.12342608903260688,-0.00327553592217833
return_pred,20,3,0.2,0.25,0.017550222399305593,0.377720736720558,-0.1271679244009435,0.30795454545454537,-0.030716080147492275,-5.900358349833094,-0.032595663786879725,0.4166666666666667,-0.09715295600645613,0.011230569403899326
return_pred,20,3,0.2,0.5,0.06112680237511947,1.2654652836482727,-0.07447056695738974,0.30795454545454537,-0.02188286702728015,-3.731463417205386,-0.032418781078400905,0.4166666666666667,-0.05357637603064225,0.02006378252411145
return_pred,20,3,0.2,1.0,0.04410216991267024,0.9952996791997638,-0.05360858004475311,0.30795454545454537,0.0026979391447570222,0.5445634520298588,-0.021402924707916382,0.4166666666666667,-0.07060100849309148,0.044644588696148624
return_pred,20,3,0.5,0.0,0.03412799450021131,0.5931954084961001,-0.10886407434885237,0.30795454545454537,-0.0099688512695697,-1.6002797241986728,-0.02081717181742193,0.4166666666666667,-0.08057518390555041,0.0319777982818219
return_pred,20,3,0.5,0.25,0.05570657146431013,0.9486334729365179,-0.10421173979787912,0.30795454545454537,-0.007845396672976124,-1.4396357080948807,-0.02035933938264345,0.4166666666666667,-0.05899660694145159,0.03410125287841548
return_pred,20,3,0.5,0.5,0.06877084363137298,1.4033508719455856,-0.07536384752453062,0.30795454545454537,0.009179620161252844,1.9504158794854087,-0.014933744576667074,0.4166666666666667,-0.04593233477438874,0.051126269712644445
return_pred,20,3,0.5,1.0,0.05595766226554044,1.3030819599289838,-0.05360858004475311,0.30795454545454537,0.018936194606652856,3.7246780347338166,-0.01719575026549136,0.4166666666666667,-0.05874551614022128,0.06088284415804446
return_pred,20,3,0.8,0.0,0.011906438431974031,0.28623269356215125,-0.11634769755134222,0.30795454545454537,0.06786363806307572,9.01964683570073,-0.006442048622071761,0.4166666666666667,-0.10279673997378769,0.10981028761446732
return_pred,20,3,0.8,0.25,-0.017399039384258796,-0.2144820192956495,-0.14391303928143784,0.30795454545454537,0.037745854060412976,5.698429086654357,-0.008608532019759974,0.4166666666666667,-0.13210221779002052,0.07969250361180458
return_pred,20,3,0.8,0.5,0.07765212879486971,1.6864382042223627,-0.06685391828879717,0.30795454545454537,0.022965005654116855,3.181422062959541,-0.02499000225944925,0.4166666666666667,-0.037051049610892006,0.06491165520550846
return_pred,20,3,0.8,1.0,0.060070091324682995,1.3996589274823028,-0.04992285691794007,0.30795454545454537,0.009800191439118366,1.544650921048169,-0.024114249634821117,0.4166666666666667,-0.054633087081078724,0.05174684099050997
return_pred,20,5,0.0,0.0,0.07422546046180312,0.9932893946884348,-0.14731847296313683,0.5056818181818182,-0.04497463266735613,-10.88427001121179,-0.04353786004744897,0.5833333333333334,-0.0404777179439586,-0.0030279831159645276
return_pred,20,5,0.0,0.25,0.04175409562213561,0.7138889555039474,-0.13066769829933556,0.5056818181818182,-0.03858159265532779,-8.669701797367328,-0.03429587055715566,0.5833333333333334,-0.0729490827836261,0.0033650568960638116
return_pred,20,5,0.0,0.5,0.13871203469743665,2.6556926110477934,-0.048035306562323354,0.5056818181818182,-0.025709985350950926,-5.179260895385486,-0.026932059893779448,0.5833333333333334,0.02400885629167493,0.016236664200440676
return_pred,20,5,0.0,1.0,0.08531130064433223,1.8657504277653028,-0.050428759941395174,0.5056818181818182,-0.0009673798230556141,-0.029283154442445745,-0.01906328832343762,0.5833333333333334,-0.029391877761429486,0.04097926972833599
return_pred,20,5,0.2,0.0,0.0405194317057207,0.675211779256579,-0.14099145793093526,0.5056818181818182,-0.04497463266735613,-10.88427001121179,-0.04353786004744897,0.5833333333333334,-0.07418374670004102,-0.0030279831159645276
return_pred,20,5,0.2,0.25,0.012943812022903733,0.2908132327345626,-0.12313387716728363,0.5056818181818182,-0.03858159265532779,-8.669701797367328,-0.03429587055715566,0.5833333333333334,-0.10175936638285799,0.0033650568960638116
return_pred,20,5,0.2,0.5,0.13170155011115003,2.5081199789910364,-0.048035306562323354,0.5056818181818182,-0.025709985350950926,-5.179260895385486,-0.026932059893779448,0.5833333333333334,0.016998371705388315,0.016236664200440676
return_pred,20,5,0.2,1.0,0.08531130064433223,1.8657504277653028,-0.050428759941395174,0.5056818181818182,-0.0009673798230556141,-0.029283154442445745,-0.01906328832343762,0.5833333333333334,-0.029391877761429486,0.04097926972833599
return_pred,20,5,0.5,0.0,0.05345566569195359,0.806693841080929,-0.13065797800806656,0.5056818181818182,-0.023637485251649215,-4.705741690937665,-0.023386714867787872,0.5833333333333334,-0.06124751271380813,0.018309164299742386
return_pred,20,5,0.5,0.25,0.05988098364880989,1.0108555377831778,-0.10621426883477447,0.5056818181818182,0.0018186632070233966,0.503169388148877,-0.007744985846430019,0.5833333333333334,-0.054822194756951825,0.043765312758415
return_pred,20,5,0.5,0.5,0.12855708387530962,2.414953876254794,-0.052335734772256615,0.5056818181818182,0.001749698672861344,0.4984038176072355,-0.008934020495246053,0.5833333333333334,0.0138539054695479,0.043696348224252946
return_pred,20,5,0.5,1.0,0.087097044092731,1.9003470553763762,-0.050428759941395174,0.5056818181818182,0.010497892550727084,2.117914381608876,-0.019810804244766667,0.5833333333333334,-0.027606134313030717,0.052444542102118685
return_pred,20,5,0.8,0.0,-0.009443777613156401,-0.044108190862665216,-0.14698217865865137,0.5056818181818182,0.05233744822915032,7.778336177516865,-0.00592795641124233,0.5833333333333334,-0.12414695601891812,0.09428409778054192
return_pred,20,5,0.8,0.25,0.06993341160503852,1.251568238534196,-0.07620238709110883,0.5056818181818182,0.051346439086330076,7.5505252551961535,-0.007522230716049627,0.5833333333333334,-0.0447697668007232,0.09329308863772168
return_pred,20,5,0.8,0.5,0.12150059761180576,2.303187966891537,-0.05590500010486332,0.5056818181818182,0.017863672112621076,2.583509994260105,-0.024008550321648392,0.5833333333333334,0.006797419206044042,0.05981032166401268
return_pred,20,5,0.8,1.0,0.08755137776804034,1.9108409987802775,-0.05003190283115966,0.5056818181818182,0.016040713871998236,2.433182243027717,-0.01718205313314769,0.5833333333333334,-0.02715180063772138,0.05798736342338984
return_pred,30,0,0.0,0.0,0.08414062171222958,1.1831251438895725,-0.12739198478867986,0.042424242424242434,-0.013731880115720463,-1.5676318114728098,-0.03514221875878365,0.1777777777777778,-0.03056255669353214,0.02821476943567114
return_pred,30,0,0.0,0.25,0.05652181149494684,0.9576127863667308,-0.11687308792019924,0.039393939393939405,0.012705903562109988,2.19605221634137,-0.01937858422812122,0.1777777777777778,-0.05818136691081488,0.05465255311350159
return_pred,30,0,0.0,0.5,0.026744688381685755,0.5716892550315792,-0.09264362383568214,0.03371212121212122,0.010478852575830588,2.298865922962912,-0.009641112759709358,0.1777777777777778,-0.08795849002407596,0.05242550212722219
return_pred,30,0,0.0,1.0,-0.016154506461632745,-0.2389965991824134,-0.1022600845854037,0.017803030303030307,0.008696410261075815,1.7189205474300278,-0.007250482607375042,0.18333333333333338,-0.13085768486739446,0.05064305981246742
return_pred,30,0,0.2,0.0,0.052548101704112726,0.7815072252369568,-0.1301689656310716,0.042424242424242434,-0.013731880115720463,-1.5676318114728098,-0.03514221875878365,0.1777777777777778,-0.06215507670164899,0.02821476943567114
return_pred,30,0,0.2,0.25,0.041444872767734786,0.7265332491205193,-0.11591421299662341,0.03901515151515153,0.012705903562109988,2.19605221634137,-0.01937858422812122,0.1777777777777778,-0.07325830563802693,0.05465255311350159
return_pred,30,0,0.2,0.5,0.009662126593734222,0.2546745950246247,-0.09608332466924052,0.03333333333333334,0.010478852575830588,2.298865922962912,-0.009641112759709358,0.1777777777777778,-0.1050410518120275,0.05242550212722219
return_pred,30,0,0.2,1.0,-0.016154506461632745,-0.2389965991824134,-0.1022600845854037,0.017803030303030307,0.008696410261075815,1.7189205474300278,-0.007250482607375042,0.18333333333333338,-0.13085768486739446,0.05064305981246742
return_pred,30,0,0.5,0.0,0.0398947462940904,0.6210599532781554,-0.13158830331237759,0.042803030303030315,0.00350615483136818,0.6929224678163612,-0.014902026054626538,0.17222222222222225,-0.07480843211167132,0.04545280438275978
return_pred,30,0,0.5,0.25,0.03030733058613233,0.5660715140021058,-0.10954925244080838,0.03863636363636364,0.034034559461125324,5.298921561309221,-0.00766231631860137,0.1777777777777778,-0.08439584781962939,0.07598120901251693
return_pred,30,0,0.5,0.5,-0.0030666404319039664,0.018654680502797786,-0.09544820859097025,0.03333333333333334,0.029618706597694278,4.3046766736232005,-0.012137244455516338,0.1777777777777778,-0.11776981883766569,0.07156535614908588
return_pred,30,0,0.5,1.0,-0.016154506461632745,-0.2389965991824134,-0.1022600845854037,0.017803030303030307,0.007209898436953743,1.3941314259253974,-0.008387589934567563,0.18333333333333338,-0.13085768486739446,0.049156547988345345
return_pred,30,0,0.8,0.0,0.007904422611776596,0.21319949292975185,-0.12092093476556376,0.04166666666666668,0.028604031229919835,3.4195200825448033,-0.01906094327569008,0.16666666666666666,-0.10679875579398512,0.07055068078131144
return_pred,30,0,0.8,0.25,-0.004890535573232935,0.0038139258993863416,-0.10001887123502229,0.037500000000000006,0.011434745694741233,1.604042950485931,-0.019563836976885796,0.16666666666666666,-0.11959371397899465,0.053381395246132834
return_pred,30,0,0.8,0.5,-0.028704888525070138,-0.46901733168764315,-0.0956701842587987,0.0321969696969697,0.01643281833085064,2.388060613342718,-0.014147831127047539,0.16666666666666666,-0.14340806693083186,0.05837946788224224
return_pred,30,0,0.8,1.0,-0.02553532802477676,-0.4289864029430092,-0.10829499730591652,0.017803030303030307,0.0426150933952254,5.440914794558279,-0.012147946283221245,0.1777777777777778,-0.14023850643053848,0.084561742946617
return_pred,30,1,0.0,0.0,0.025368871375172297,0.45243237746571124,-0.13509615464336355,0.07727272727272726,-0.021691458252881213,-2.8546656112240587,-0.03556707603444609,0.2222222222222222,-0.08933430703058942,0.02025519129851039
return_pred,30,1,0.0,0.25,-0.0015884990219355855,0.03744534878213576,-0.08527531915340658,0.07727272727272726,0.003705285121186508,0.7948197104409618,-0.019951021350902542,0.2222222222222222,-0.1162916774276973,0.04565193467257811
return_pred,30,1,0.0,0.5,-0.020053671471151002,-0.43842941509070943,-0.05855008755231317,0.07727272727272726,0.019408348510334017,4.119341656640758,-0.006970399739791966,0.2222222222222222,-0.13475684987691272,0.06135499806172562
return_pred,30,1,0.0,1.0,-0.005474798807412862,-0.06629848354523792,-0.098460094155715,0.07727272727272726,0.005080579685687869,1.0130291556534687,-0.011884456715186453,0.2222222222222222,-0.12017797721317458,0.04702722923707947
return_pred,30,1,0.2,0.0,0.005724256068376121,0.18240346944803387,-0.1313154117349875,0.07727272727272726,-0.021691458252881213,-2.8546656112240587,-0.03556707603444609,0.2222222222222222,-0.1089789223373856,0.02025519129851039
return_pred,30,1,0.2,0.25,-0.01863726919396802,-0.3264915837163298,-0.09455620891436034,0.07727272727272726,0.003705285121186508,0.7948197104409618,-0.019951021350902542,0.2222222222222222,-0.13334044759972974,0.04565193467257811
return_pred,30,1,0.2,0.5,-0.02868754549335606,-0.6118269054234112,-0.0665414105549692,0.07727272727272726,0.019408348510334017,4.119341656640758,-0.006970399739791966,0.2222222222222222,-0.14339072389911778,0.06135499806172562
return_pred,30,1,0.2,1.0,-0.005474798807412862,-0.06629848354523792,-0.098460094155715,0.07727272727272726,0.005080579685687869,1.0130291556534687,-0.011884456715186453,0.2222222222222222,-0.12017797721317458,0.04702722923707947
return_pred,30,1,0.5,0.0,0.05983129674936083,0.8799403430532413,-0.12548339473917913,0.07727272727272726,0.008850591997437984,1.5186813425060215,-0.013776806397934771,0.2222222222222222,-0.05487188165640089,0.050797241548829586
return_pred,30,1,0.5,0.25,-0.025414534126555366,-0.4150578984175568,-0.08642024582059815,0.07727272727272726,0.04007956004355817,6.328452528020843,-0.006012127949496127,0.2222222222222222,-0.14011771253231708,0.08202620959494977
return_pred,30,1,0.5,0.5,-0.04170266039301185,-0.9351642446535643,-0.07305058963656386,0.07727272727272726,0.03365573442947234,4.814226543518196,-0.008811213290890074,0.2222222222222222,-0.15640583879877357,0.07560238398086394
return_pred,30,1,0.5,1.0,-0.005474798807412862,-0.06629848354523792,-0.098460094155715,0.07727272727272726,0.002884484829181355,0.6013814901703862,-0.01398469063510499,0.2222222222222222,-0.12017797721317458,0.04483113438057296
return_pred,30,1,0.8,0.0,0.04083132138565704,0.6676350442407998,-0.11486007317448377,0.07727272727272726,0.012751999927892887,1.740307812524671,-0.01723209044953189,0.2222222222222222,-0.07387185702010468,0.05469864947928449
return_pred,30,1,0.8,0.25,0.014460947612277897,0.3437982972573339,-0.0750543822083336,0.07727272727272726,0.017934364210823395,2.3996760006821645,-0.017958717635472632,0.2222222222222222,-0.10024223079348382,0.059881013762214996
return_pred,30,1,0.8,0.5,-0.014485905166332413,-0.28131334278654374,-0.05885291327448583,0.07727272727272726,0.029345969462390764,3.9043865361167405,-0.011996136261721468,0.2222222222222222,-0.12918908357209413,0.07129261901378237
return_pred,30,1,0.8,1.0,-0.005432856625834592,-0.06551597159712076,-0.0979601093922956,0.07727272727272726,0.0429769751838851,5.313831566074977,-0.012738179630239821,0.2222222222222222,-0.12013603503159631,0.0849236247352767
return_pred,30,2,0.0,0.0,0.028571830777174956,0.49468432343313845,-0.12257377294753213,0.14318181818181816,-0.029030934368904804,-3.829357990338754,-0.0393898870594146,0.27777777777777773,-0.08613134762858676,0.012915715182486798
return_pred,30,2,0.0,0.25,-0.024914098488301284,-0.4497767023966411,-0.07980170433433276,0.14318181818181816,-0.013852022487110927,-2.7211588732198697,-0.02133317871068019,0.27777777777777773,-0.139617276894063,0.028094627064280675
return_pred,30,2,0.0,0.5,0.031594965748284576,0.8260738957659911,-0.06547201625555732,0.14318181818181816,0.011746326994528822,2.384742385153067,-0.013294044380287362,0.27777777777777773,-0.08310821265747714,0.05369297654592042
return_pred,30,2,0.0,1.0,0.03779515353128349,0.9393428952094883,-0.0566388204528101,0.14318181818181816,0.0038147158894645816,0.7676476159833137,-0.01477677486223905,0.27777777777777773,-0.07690802487447823,0.04576136544085618
return_pred,30,2,0.2,0.0,0.032730592668131164,0.5668787101852322,-0.10742508267118278,0.14318181818181816,-0.029030934368904804,-3.829357990338754,-0.0393898870594146,0.27777777777777773,-0.08197258573763055,0.012915715182486798
return_pred,30,2,0.2,0.25,-0.031887253757970746,-0.602513319031845,-0.08299161150589573,0.14318181818181816,-0.013852022487110927,-2.7211588732198697,-0.02133317871068019,0.27777777777777773,-0.14659043216373246,0.028094627064280675
return_pred,30,2,0.2,0.5,0.01939616776643005,0.5313442133375237,-0.06650460561582494,0.14318181818181816,0.011746326994528822,2.384742385153067,-0.013294044380287362,0.27777777777777773,-0.09530701063933167,0.05369297654592042
return_pred,30,2,0.2,1.0,0.03779515353128349,0.9393428952094883,-0.0566388204528101,0.14318181818181816,0.0038147158894645816,0.7676476159833137,-0.01477677486223905,0.27777777777777773,-0.07690802487447823,0.04576136544085618
return_pred,30,2,0.5,0.0,0.0626192584821097,1.0177331598811457,-0.11490056223780187,0.14318181818181816,0.012896153855553871,2.111578004349093,-0.014054920022587014,0.27777777777777773,-0.05208391992365202,0.05484280340694547
return_pred,30,2,0.5,0.25,0.011258381493986835,0.294300303316815,-0.050156074802031436,0.14318181818181816,0.007735245732114038,1.4398617656436867,-0.011181895119349194,0.27777777777777773,-0.10344479691177488,0.04968189528350564
return_pred,30,2,0.5,0.5,0.004920921385566768,0.17842011340104172,-0.06708254154709525,0.14318181818181816,0.010831038479146793,1.662974286910511,-0.0189035576407115,0.27777777777777773,-0.10978225702019495,0.052777688030538394
return_pred,30,2,0.5,1.0,0.03949164334461286,0.975185117628592,-0.0566388204528101,0.14318181818181816,0.008731691337563019,1.4987197991621863,-0.014665595639711038,0.27777777777777773,-0.07521153506114886,0.05067834088895462
return_pred,30,2,0.8,0.0,0.06829635153523883,1.2411856981714793,-0.05540705317453554,0.14318181818181816,0.025074532224557577,3.189216460551607,-0.012765080166260434,0.27777777777777773,-0.04640682687052289,0.06702118177594918
return_pred,30,2,0.8,0.25,0.013752412948627057,0.3479891342500062,-0.0699858450718478,0.14318181818181816,0.03052241567717373,4.039081014906985,-0.011897230950395299,0.27777777777777773,-0.10095076545713466,0.07246906522856533
return_pred,30,2,0.8,0.5,0.04266575500335623,1.0832294357347128,-0.057261553680383326,0.14318181818181816,0.029687723430462665,4.1159821073316225,-0.01157239774356289,0.27777777777777773,-0.07203742340240549,0.07163437298185427
return_pred,30,2,0.8,1.0,0.041003409951874126,1.0167217027387272,-0.054782748217796606,0.14318181818181816,0.051660586335135594,6.32776840918017,-0.011783577931324674,0.27777777777777773,-0.07369976845388759,0.0936072358865272
return_pred,30,3,0.0,0.0,0.08838306879920377,1.2329433359895594,-0.1327427874785786,0.20909090909090908,-0.042463293840085736,-6.022039465357295,-0.044451908083532166,0.3333333333333333,-0.02632010960655795,-0.0005166442886941347
return_pred,30,3,0.0,0.25,-0.01979035219939529,-0.29068211981815084,-0.10810805452146877,0.20909090909090908,-0.02439084330598673,-4.1116563344552555,-0.03320266338371036,0.3333333333333333,-0.134493530605157,0.01755580624540487
return_pred,30,3,0.0,0.5,0.030508795282317758,0.7425978257837159,-0.08408895538601979,0.20909090909090908,-0.012860199202526013,-2.1163474358361576,-0.028149818531608917,0.3333333333333333,-0.08419438312344396,0.02908645034886559
return_pred,30,3,0.0,1.0,0.06936161776725935,1.6367103083748729,-0.043121760523050834,0.20909090909090908,0.001593883632001969,0.410367425875262,-0.01102171795744289,0.3333333333333333,-0.045341560638502365,0.04354053318339357
return_pred,30,3,0.2,0.0,0.036009391193703166,0.6553428814282733,-0.10203830830794003,0.20909090909090908,-0.042463293840085736,-6.022039465357295,-0.044451908083532166,0.3333333333333333,-0.07869378721205855,-0.0005166442886941347
return_pred,30,3,0.2,0.25,-0.008753718747482986,-0.07877971095140462,-0.09631205004039145,0.20909090909090908,-0.02439084330598673,-4.1116563344552555,-0.03320266338371036,0.3333333333333333,-0.1234568971532447,0.01755580624540487
return_pred,30,3,0.2,0.5,0.02189652590278368,0.5449866382951483,-0.08345410478440596,0.20909090909090908,-0.012860199202526013,-2.1163474358361576,-0.028149818531608917,0.3333333333333333,-0.09280665250297804,0.02908645034886559
return_pred,30,3,0.2,1.0,0.06936161776725935,1.6367103083748729,-0.043121760523050834,0.20909090909090908,0.001593883632001969,0.410367425875262,-0.01102171795744289,0.3333333333333333,-0.045341560638502365,0.04354053318339357
return_pred,30,3,0.5,0.0,-0.021188174091987033,-0.2253839613725639,-0.12892020042859398,0.20909090909090908,-0.015256061219519945,-2.388049923578197,-0.02380692225057246,0.3333333333333333,-0.13589135249774875,0.026690588331871656
return_pred,30,3,0.5,0.25,0.06954201087389844,1.299506607065115,-0.06870082557519419,0.20909090909090908,-0.015205383080355017,-2.3064375384007443,-0.02298267575883539,0.3333333333333333,-0.04516116753186328,0.026741266471036584
return_pred,30,3,0.5,0.5,0.01943407406020059,0.48366007347208684,-0.08195649881637412,0.20909090909090908,-0.005683704535137113,-0.7532208983707883,-0.019970421392321636,0.3333333333333333,-0.09526910434556113,0.03626294501625449
return_pred,30,3,0.5,1.0,0.06945957083109833,1.6371538002555843,-0.043121760523050834,0.20909090909090908,0.008503315716595683,1.526896960883867,-0.01406258502215152,0.3333333333333333,-0.04524360757466339,0.050449965267987285
return_pred,30,3,0.8,0.0,0.023985169289929997,0.5254203939383276,-0.062330663297593736,0.20909090909090908,0.028585306771067076,3.714262438662351,-0.00928637636065488,0.3333333333333333,-0.09071800911583172,0.07053195632245868
return_pred,30,3,0.8,0.25,0.06234442268901108,1.2504435525965447,-0.08933822050367857,0.20909090909090908,0.03882518249215905,5.165560266987637,-0.007675834178775598,0.3333333333333333,-0.05235875571675064,0.08077183204355065
return_pred,30,3,0.8,0.5,0.061348582634979776,1.4173724197303113,-0.058401313141932865,0.20909090909090908,0.04326582307035043,5.933783207918188,-0.007847402423471261,0.3333333333333333,-0.05335459577078194,0.08521247262174203
return_pred,30,3,0.8,1.0,0.07235944198377631,1.6957787703776037,-0.04069283677586699,0.20909090909090908,0.034137181110828196,4.552584330430778,-0.013449463823745345,0.3333333333333333,-0.04234373642198541,0.0760838306622198
return_pred,30,5,0.0,0.0,0.037304756411866036,0.5967614057888531,-0.1285003298727473,0.3409090909090909,-0.03947305947594648,-6.662826048808942,-0.03577558792627966,0.4444444444444444,-0.07739842199389568,0.00247359007544512
return_pred,30,5,0.0,0.25,0.024640349149252838,0.5069917612288465,-0.10634991018623574,0.3409090909090909,-0.0448703100531761,-8.415643139457785,-0.04613421061021572,0.4444444444444444,-0.09006282925650888,-0.0029236605017844974
return_pred,30,5,0.0,0.5,0.08621927961179887,1.8139822781445385,-0.0744059767498042,0.3409090909090909,-0.020538900891075684,-3.704779162408679,-0.031137867639228656,0.4444444444444444,-0.028483898793962847,0.021407748660315917
return_pred,30,5,0.0,1.0,0.09292710761967382,2.128771160046465,-0.04221701999165062,0.3409090909090909,0.003328160096799815,0.673224979373168,-0.017183679298559795,0.4444444444444444,-0.021776070786087898,0.045274809648191416
return_pred,30,5,0.2,0.0,0.05308251122136842,0.884968602195377,-0.11810344799144235,0.3409090909090909,-0.043513810454549606,-7.1638830099862405,-0.039447371131443476,0.4444444444444444,-0.061620667184393296,-0.0015671609031580047
return_pred,30,5,0.2,0.25,0.018035137796603262,0.39595434348732184,-0.10514146497012222,0.3409090909090909,-0.0448703100531761,-8.415643139457785,-0.04613421061021572,0.4444444444444444,-0.09666804060915846,-0.0029236605017844974
return_pred,30,5,0.2,0.5,0.08179721650355254,1.7200350695968258,-0.07001195743617217,0.3409090909090909,-0.020538900891075684,-3.704779162408679,-0.031137867639228656,0.4444444444444444,-0.03290596190220918,0.021407748660315917
return_pred,30,5,0.2,1.0,0.09292710761967382,2.128771160046465,-0.04221701999165062,0.3409090909090909,0.003328160096799815,0.673224979373168,-0.017183679298559795,0.4444444444444444,-0.021776070786087898,0.045274809648191416
return_pred,30,5,0.5,0.0,0.08843436393951265,1.348182060501837,-0.1212675438486348,0.3409090909090909,-0.016127202206397406,-2.746675927697093,-0.023067350178165635,0.4444444444444444,-0.02626881446624907,0.025819447344994195
return_pred,30,5,0.5,0.25,0.05645181310931613,1.0492885157300709,-0.09942616858808706,0.3409090909090909,-0.006185541866703614,-1.104276738896989,-0.012947728516050971,0.4444444444444444,-0.05825136529644559,0.03576110768468799
return_pred,30,5,0.5,0.5,0.10178106757594696,2.1342352917705427,-0.06148843898276035,0.3409090909090909,-0.009456787290550106,-1.484545645673194,-0.019367822588483463,0.4444444444444444,-0.012922110829814759,0.032489862260841496
return_pred,30,5,0.5,1.0,0.09508756975058419,2.167960758469899,-0.04221701999165062,0.3409090909090909,0.008213145658675813,1.3969776686422162,-0.018133486763636242,0.4444444444444444,-0.01961560865517753,0.050159795210067415
return_pred,30,5,0.8,0.0,0.02866105079263437,0.5633493092247327,-0.11221296554553806,0.3409090909090909,0.04067976131002271,5.252010933107674,-0.005540508919457565,0.4444444444444444,-0.08604212761312735,0.08262641086141431
return_pred,30,5,0.8,0.25,0.09723681539287865,1.7598048515919016,-0.07140713547676003,0.3409090909090909,0.03088620463340619,3.9404721690848383,-0.014833595746258865,0.4444444444444444,-0.017466363012883068,0.07283285418479779
return_pred,30,5,0.8,0.5,0.11265095435137584,2.219357591813383,-0.0637200530793679,0.3409090909090909,0.034015443295960957,4.403234697112336,-0.017413317368427883,0.4444444444444444,-0.002052224054385876,0.07596209284735256
return_pred,30,5,0.8,1.0,0.09610223559389652,2.1865963785072284,-0.04221701999165095,0.3409090909090909,0.04263570176633524,5.316312568947642,-0.01630454245309032,0.4444444444444444,-0.018600942811865195,0.08458235131772684
return_pred,50,0,0.0,0.0,0.08174957042894682,1.1301217118422449,-0.13392021686022204,0.029999999999999995,-0.025488598555150954,-3.476470610256459,-0.041396937027606606,0.17333333333333334,-0.0329536079768149,0.016458050996240647
return_pred,50,0,0.0,0.25,0.061889226632168226,1.0087382656355617,-0.11794766047271066,0.027727272727272725,-0.00453538999682046,-0.4368067679712933,-0.03485953887254112,0.17333333333333334,-0.05281395177359349,0.03741125955457114
return_pred,50,0,0.0,0.5,0.035981833811049135,0.685891469616759,-0.1007733862831599,0.023636363636363636,-0.00420929328415931,-0.4196190721659357,-0.03197588147456232,0.17,-0.07872134459471258,0.03773735626723229
return_pred,50,0,0.0,1.0,-0.012934601014661484,-0.17773697010196898,-0.08880807632963239,0.014090909090909091,0.03208960062846056,4.750617561532287,-0.01125602051615715,0.17333333333333334,-0.1276377794204232,0.07403625017985216
return_pred,50,0,0.2,0.0,0.054000209807073096,0.7995627570209896,-0.13461817508862584,0.029999999999999995,-0.023100533752528185,-3.209697659993988,-0.03979805639233347,0.17333333333333334,-0.06070296859868862,0.018846115798863416
return_pred,50,0,0.2,0.25,0.0454336534290527,0.7715194627608613,-0.1171236315321521,0.0275,-0.004535391875835404,-0.43680700835791286,-0.03485954069431685,0.17333333333333334,-0.06926952497670902,0.0374112576755562
return_pred,50,0,0.2,0.5,0.02507639894020497,0.5008142868824297,-0.10056892754938451,0.02340909090909091,-0.00420929328415931,-0.4196190721659357,-0.03197588147456232,0.17,-0.08962677946555675,0.03773735626723229
return_pred,50,0,0.2,1.0,-0.012934601014661484,-0.17773697010196898,-0.08880807632963239,0.014090909090909091,0.03208960062846056,4.750617561532287,-0.01125602051615715,0.17333333333333334,-0.1276377794204232,0.07403625017985216
return_pred,50,0,0.5,0.0,0.07190594391076277,1.012789517398894,-0.13228505710602645,0.029772727272727274,0.014182545230151833,2.0278094435276017,-0.016398614272475243,0.16666666666666666,-0.04279723449499895,0.056129194781543434
return_pred,50,0,0.5,0.25,0.03945963442746048,0.6858581323530489,-0.114419626012642,0.0275,-0.004545458136892666,-0.48690712941866615,-0.019372022544872247,0.17,-0.07524354397830124,0.037401191414498935
return_pred,50,0,0.5,0.5,0.01597090418125502,0.35147418757029764,-0.09982896020662757,0.02340909090909091,-0.010687064894147058,-1.3500732996964784,-0.02408695478149936,0.17,-0.0987322742245067,0.031259584657244543
return_pred,50,0,0.5,1.0,-0.012934601014661484,-0.17773697010196898,-0.08880807632963239,0.014090909090909091,0.02874905659569338,4.331015013725243,-0.00953900720924139,0.17333333333333334,-0.1276377794204232,0.07069570614708498
return_pred,50,0,0.8,0.0,0.022011524005897787,0.42387151847023435,-0.1181813508063394,0.02909090909090909,0.005562347876236329,0.8100683993609133,-0.02377258701263074,0.16666666666666666,-0.09269165439986393,0.04750899742762793
return_pred,50,0,0.8,0.25,0.019475598891983914,0.4111714793317697,-0.09998842304703792,0.026818181818181817,0.013507974940132783,1.5914393399431241,-0.02140143262523153,0.16666666666666666,-0.0952275795137778,0.055454624491524385
return_pred,50,0,0.8,0.5,-0.013843577147617858,-0.18654211743968444,-0.08826142583749685,0.022727272727272728,0.03005867939534812,3.2840584297224713,-0.017101209610700607,0.16666666666666666,-0.12854675555337958,0.07200532894673972
return_pred,50,0,0.8,1.0,-0.012916900100549356,-0.1826339891234635,-0.08704389018283953,0.014090909090909091,0.03467953885154418,4.5181682429383825,-0.013127611950039864,0.17,-0.12762007850631107,0.07662618840293578
return_pred,50,1,0.0,0.0,0.06399866825933276,0.9500244543935595,-0.1345422014868437,0.05090909090909091,-0.020740636360270903,-2.917044364645983,-0.03685095797655247,0.20000000000000004,-0.05070451014642896,0.0212060131911207
return_pred,50,1,0.0,0.25,0.02941698066189735,0.6125578016618383,-0.08987498482568834,0.05090909090909091,-0.003641214096114398,-0.32630326456042064,-0.03455192337091273,0.20000000000000004,-0.08528619774386437,0.038305435455277204
return_pred,50,1,0.0,0.5,0.0013781010237552405,0.09529032614838577,-0.06765769264868637,0.05090909090909091,-0.001524914403388422,-0.07332850788027714,-0.02673173911284965,0.20000000000000004,-0.11332507738200648,0.04042173514800318
return_pred,50,1,0.0,1.0,-0.013737401226633361,-0.24293976674715462,-0.09637629340988729,0.05090909090909091,0.03365188079113923,4.845540693383826,-0.012677252980291875,0.20000000000000004,-0.12844057963239508,0.07559853034253083
return_pred,50,1,0.2,0.0,0.04303961122556599,0.6953415513702824,-0.1288157297407605,0.05090909090909091,-0.01776636036900292,-2.5453446217591966,-0.033621760657244315,0.20000000000000004,-0.07166356718019573,0.02418028918238868
return_pred,50,1,0.2,0.25,0.004522178708289859,0.1609469015112534,-0.094582411769493,0.05090909090909091,-0.005858679937049471,-0.6752116310733328,-0.03217037892023944,0.20000000000000004,-0.11018099969747186,0.03608796961434213
return_pred,50,1,0.2,0.5,-0.0017204547124920477,0.03093075747016565,-0.06636081087971024,0.05090909090909091,-0.001524914403388422,-0.07332850788027714,-0.02673173911284965,0.20000000000000004,-0.11642363311825377,0.04042173514800318
return_pred,50,1,0.2,1.0,-0.013737401226633361,-0.24293976674715462,-0.09637629340988729,0.05090909090909091,0.03365188079113923,4.845540693383826,-0.012677252980291875,0.20000000000000004,-0.12844057963239508,0.07559853034253083
return_pred,50,1,0.5,0.0,0.08121327154356406,1.1382656643214482,-0.137749331127484,0.05090909090909091,0.0131562608534046,1.8861006853881397,-0.018423462042927774,0.20000000000000004,-0.03348990686219766,0.0551029104047962
return_pred,50,1,0.5,0.25,0.007475077794973473,0.21217461905362925,-0.09989467927203233,0.05090909090909091,-0.005353812032764749,-0.575233529135196,-0.022586869781600405,0.20000000000000004,-0.10722810061078825,0.03659283751862685
return_pred,50,1,0.5,0.5,-0.005742953667620343,-0.05401279893850169,-0.0689642712888221,0.05090909090909091,-0.00983221265891987,-1.2310887248443345,-0.023263757584666478,0.20000000000000004,-0.12044613207338206,0.03211443689247173
return_pred,50,1,0.5,1.0,-0.01003514302244457,-0.15859629080285237,-0.09637629340988729,0.05090909090909091,0.029426457028607356,4.320328096103093,-0.011108979339122804,0.20000000000000004,-0.12473832142820629,0.07137310657999896
return_pred,50,1,0.8,0.0,0.04964610125383384,0.8464097444257527,-0.10009903029652101,0.05090909090909091,0.003307184565251031,0.5622305554045594,-0.023162094849028536,0.20000000000000004,-0.06505707715192788,0.04525383411664263
return_pred,50,1,0.8,0.25,0.007537725071372181,0.21672652624690958,-0.08878976130012761,0.05090909090909091,0.016089991529972147,1.8674365836522797,-0.01945042075188541,0.20000000000000004,-0.10716545333438954,0.05803664108136375
return_pred,50,1,0.8,0.5,0.01430959866085324,0.3759798585486071,-0.05829960608963791,0.05090909090909091,0.0385887056273011,4.15489060225849,-0.012387432845652135,0.20000000000000004,-0.10039357974490848,0.0805353551786927
return_pred,50,1,0.8,1.0,-0.0033814604112964997,-0.010760347531830305,-0.09053604443758734,0.05090909090909091,0.041986223913695,5.427451794750534,-0.010114873515784772,0.20000000000000004,-0.11808463881705822,0.0839328734650866
return_pred,50,2,0.0,0.0,0.050906460542851084,0.7989163052017778,-0.12035268410399169,0.09045454545454545,-0.029579686070314026,-4.606363594475092,-0.03810233100792226,0.2333333333333334,-0.06379671786291063,0.012366963481077575
return_pred,50,2,0.0,0.25,0.038638213284062584,0.8444914089300827,-0.07331774757271603,0.09045454545454545,-0.019594287370903185,-2.8369624239984765,-0.033612964271984014,0.2333333333333334,-0.07606496512169914,0.022352362180488416
return_pred,50,2,0.0,0.5,0.015557554872527746,0.403763645387275,-0.07651754518254927,0.09045454545454545,-0.008654994462000909,-1.051601859294906,-0.033056713335757104,0.2333333333333334,-0.09914562353323397,0.03329165508939069
return_pred,50,2,0.0,1.0,0.026379373977994724,0.661698305786665,-0.07696004519548749,0.09045454545454545,0.034632681231244744,5.191908388312057,-0.01048970546269401,0.2333333333333334,-0.088323804427767,0.07657933078263635
return_pred,50,2,0.2,0.0,0.041988722089929986,0.710271771662626,-0.11425316557003429,0.09045454545454545,-0.02585261303107078,-4.11107051996141,-0.03445620317808673,0.2333333333333334,-0.07271445631583173,0.01609403652032082
return_pred,50,2,0.2,0.25,0.022803513826065824,0.5248659032363588,-0.07800548678628472,0.09045454545454545,-0.016311586350082785,-2.3930400937450407,-0.03111049767610219,0.2333333333333334,-0.0918996645796959,0.025635063201308816
return_pred,50,2,0.2,0.5,0.024484918311894033,0.6018330451414318,-0.06152793771631748,0.09045454545454545,-0.008654994462000909,-1.051601859294906,-0.033056713335757104,0.2333333333333334,-0.09021826009386769,0.03329165508939069
return_pred,50,2,0.2,1.0,0.026379373977994724,0.661698305786665,-0.07696004519548749,0.09045454545454545,0.034632681231244744,5.191908388312057,-0.01048970546269401,0.2333333333333334,-0.088323804427767,0.07657933078263635
return_pred,50,2,0.5,0.0,0.10362956291453096,1.6437008264071005,-0.09400260314658937,0.09045454545454545,0.015618359841875096,2.137881907876992,-0.01930378887498385,0.2333333333333334,-0.01107361549123076,0.0575650093932667
return_pred,50,2,0.5,0.25,0.04882041413310256,1.0149200905706457,-0.06943880889260667,0.09045454545454545,-0.004710786920843479,-0.46795934865140315,-0.02367576468547561,0.2333333333333334,-0.06588276427265916,0.03723586263054812
return_pred,50,2,0.5,0.5,0.015191696921869946,0.3973395002766262,-0.0720960549732792,0.09045454545454545,-0.009824298676359255,-1.2020705954494868,-0.02482516509382382,0.2333333333333334,-0.09951148148389177,0.032122350875032346
return_pred,50,2,0.5,1.0,0.02874245202301484,0.7122779431488796,-0.07696004519548749,0.09045454545454545,0.03423471749126428,5.070232452087705,-0.009306565371096087,0.2333333333333334,-0.08596072638274688,0.07618136704265588
return_pred,50,2,0.8,0.0,0.05559527613701798,1.0028787321244879,-0.07341126743171955,0.09045454545454545,0.0063060254382987235,0.8874100530596161,-0.02381988570755411,0.2333333333333334,-0.05910790226874374,0.048252674989690325
return_pred,50,2,0.8,0.25,0.024521506336284027,0.5743554943822149,-0.06302391914888272,0.09045454545454545,0.015181280958357357,1.7781417187988788,-0.01935789542198374,0.2333333333333334,-0.09018167206947769,0.05712793050974896
return_pred,50,2,0.8,0.5,0.011771910491149562,0.3228173446113164,-0.0795342665676112,0.09045454545454545,0.030866228459872413,3.4090739461092356,-0.01504204998500347,0.2333333333333334,-0.10293126791461216,0.07281287801126402
return_pred,50,2,0.8,1.0,0.02980347508164294,0.7202526562226088,-0.07643513560255288,0.09045454545454545,0.04437543087144702,5.856351809330408,-0.008708760586321307,0.2333333333333334,-0.08489970332411878,0.08632208042283862
return_pred,50,3,0.0,0.0,0.07782427076119247,1.1499002396615974,-0.11465340270074342,0.13000000000000003,-0.03915357269344755,-5.9901520365691665,-0.04413575742921527,0.2666666666666668,-0.03687890764456925,0.0027930768579440546
return_pred,50,3,0.0,0.25,0.014415886321860638,0.3521395720687467,-0.09206829512069703,0.13000000000000003,-0.02840512117294336,-4.365745268210495,-0.035894320494985754,0.2666666666666668,-0.10028729208390108,0.013541528378448242
return_pred,50,3,0.0,0.5,0.02852910707039813,0.6913296764320074,-0.0783039909497879,0.13000000000000003,-0.017523736073896234,-2.3123084590582734,-0.036135828607708254,0.2666666666666668,-0.08617407133536359,0.024422913477495367
return_pred,50,3,0.0,1.0,0.0575906428454982,1.3032272117704822,-0.07984692155877737,0.13000000000000003,0.026665010329901317,4.140438000760855,-0.012194472565412506,0.2666666666666668,-0.05711253556026352,0.06861165988129292
return_pred,50,3,0.2,0.0,0.06623775198708892,1.0943079393600814,-0.1076637156207545,0.13000000000000003,-0.03553114489834308,-5.564563466083963,-0.04145818348536634,0.2666666666666668,-0.0484654264186728,0.0064155046530485205
return_pred,50,3,0.2,0.25,0.028838829259116627,0.6320720615221815,-0.08477826215094952,0.13000000000000003,-0.027615548863935913,-4.245373249169101,-0.03549692206946209,0.2666666666666668,-0.08586434914664509,0.014331100687455689
return_pred,50,3,0.2,0.5,0.028547732523369174,0.6807825464434053,-0.07333963319010339,0.13000000000000003,-0.017523736073896234,-2.3123084590582734,-0.036135828607708254,0.2666666666666668,-0.08615544588239255,0.024422913477495367
return_pred,50,3,0.2,1.0,0.0575906428454982,1.3032272117704822,-0.07984692155877737,0.13000000000000003,0.026665010329901317,4.140438000760855,-0.012194472565412506,0.2666666666666668,-0.05711253556026352,0.06861165988129292
return_pred,50,3,0.5,0.0,0.08060819041442313,1.2893490618861425,-0.1104964127389576,0.13000000000000003,0.009289045953995823,1.419970783440115,-0.017400248616882275,0.2666666666666668,-0.03409498799133859,0.051235695505387424
return_pred,50,3,0.5,0.25,0.07426294466328187,1.437863561897862,-0.07458234989804902,0.13000000000000003,-0.0047074230692476515,-0.4999518917770483,-0.020871789303830823,0.2666666666666668,-0.04044023374247985,0.03723922648214395
return_pred,50,3,0.5,0.5,0.007776396199907998,0.23831106473488303,-0.07873056280030744,0.13000000000000003,-0.011024042143977453,-1.3745296120998178,-0.02506285763380689,0.2666666666666668,-0.10692678220585372,0.03092260740741415
return_pred,50,3,0.5,1.0,0.05802985702450991,1.304129446069926,-0.07984692155877737,0.13000000000000003,0.03207536226006957,4.793210989419379,-0.009475241615533814,0.2666666666666668,-0.05667332138125181,0.07402201181146117
return_pred,50,3,0.8,0.0,0.04024742215827826,0.8121341330639809,-0.058706884902251844,0.13000000000000003,0.013165662708757297,1.6336975567572987,-0.020082993653534498,0.2666666666666668,-0.07445575624748346,0.0551123122601489
return_pred,50,3,0.8,0.25,0.050219957421617334,1.0194405889186826,-0.05948328428330352,0.13000000000000003,0.011484278011783644,1.4191765764259543,-0.019481157717563757,0.2666666666666668,-0.06448322098414438,0.053430927563175246
return_pred,50,3,0.8,0.5,0.011215167832824502,0.3143403835501072,-0.08522456208601459,0.13000000000000003,0.036706658463485864,3.980950586118687,-0.012945621474742874,0.2666666666666668,-0.10348801057293722,0.07865330801487747
return_pred,50,3,0.8,1.0,0.06331384448417854,1.413253026149164,-0.07504993805401627,0.13000000000000003,0.04122215224574277,5.700732945874613,-0.007942189662814125,0.2666666666666668,-0.05138933392158318,0.08316880179713437
return_pred,50,5,0.0,0.0,0.0660336473790768,0.9823009613007107,-0.12409268094578829,0.20909090909090908,-0.04232053998826002,-7.842071490232846,-0.0382002861064098,0.3333333333333333,-0.04866953102668492,-0.00037389043686841816
return_pred,50,5,0.0,0.25,0.039470078574143974,0.7867946049909877,-0.09647182952809885,0.20909090909090908,-0.037952721928661504,-5.763478962241035,-0.04037336554972015,0.3333333333333333,-0.07523309983161774,0.003993927622730098
return_pred,50,5,0.0,0.5,0.0629298627654209,1.3275722041059141,-0.07701990023671668,0.20909090909090908,-0.01990670080725665,-2.7719911527436296,-0.032557547857505864,0.3333333333333333,-0.05177331564034082,0.022039948744134952
return_pred,50,5,0.0,1.0,0.05923068215576954,1.3682173410406386,-0.06999748830536923,0.20909090909090908,0.01977896242789079,3.1276835400631073,-0.013373753700256397,0.3333333333333333,-0.055472496249992176,0.06172561197928239
return_pred,50,5,0.2,0.0,0.05871541535835889,1.000514774520155,-0.10684987446283634,0.20909090909090908,-0.040211655993412365,-7.25144327534351,-0.03992819197472197,0.3333333333333333,-0.05598776304740283,0.0017349935579792364
return_pred,50,5,0.2,0.25,0.018411712222891063,0.4176197296102087,-0.10409363142082662,0.20909090909090908,-0.03428920566052218,-5.073286410183459,-0.039488175209543286,0.3333333333333333,-0.09629146618287066,0.00765744389086942
return_pred,50,5,0.2,0.5,0.045305170863229494,0.9820202184789257,-0.07907718566105126,0.20909090909090908,-0.01990670080725665,-2.7719911527436296,-0.032557547857505864,0.3333333333333333,-0.06939800754253223,0.022039948744134952
return_pred,50,5,0.2,1.0,0.05923068215576954,1.3682173410406386,-0.06999748830536923,0.20909090909090908,0.01977896242789079,3.1276835400631073,-0.013373753700256397,0.3333333333333333,-0.055472496249992176,0.06172561197928239
return_pred,50,5,0.5,0.0,0.11782119856022977,1.8498588433981784,-0.09297257077394805,0.20909090909090908,0.002417380722539386,0.5102881951446305,-0.012374896716229378,0.3333333333333333,0.0031180201544680486,0.04436403027393099
return_pred,50,5,0.5,0.25,0.07675696478718619,1.4084110958679121,-0.08470572880751959,0.20909090909090908,-0.011669429591626979,-1.6043884083451463,-0.017784808886366243,0.3333333333333333,-0.03794621361857553,0.030277219959764623
return_pred,50,5,0.5,0.5,0.04830512069902193,1.04820805020948,-0.07073699135913225,0.20909090909090908,-0.007721510452031954,-0.9871705003856901,-0.018110405838200783,0.3333333333333333,-0.06639805770673979,0.03422513909935965
return_pred,50,5,0.5,1.0,0.061780711124079124,1.4238389313765563,-0.06999748830536923,0.20909090909090908,0.0246823728640575,3.7256236390093114,-0.014425645295381595,0.3333333333333333,-0.052922467281682595,0.0666290224154491
return_pred,50,5,0.8,0.0,0.057874951831621724,1.0783590007525004,-0.06529686002430868,0.20909090909090908,0.004983836210208148,0.7605683736341574,-0.01952643268767318,0.3333333333333333,-0.056828226574139995,0.04693048576159975
return_pred,50,5,0.8,0.25,0.0950151664118053,1.9262539371839886,-0.05024942225776885,0.20909090909090908,0.014763995615197256,1.7627736375112424,-0.015501332877234764,0.3333333333333333,-0.019688011993956422,0.05671064516658886
return_pred,50,5,0.8,0.5,0.07889540731370204,1.7080525593473175,-0.05660909846092366,0.20909090909090908,0.02836648623762028,3.136775458302162,-0.01522840868325226,0.3333333333333333,-0.03580777109205968,0.07031313578901188
return_pred,50,5,0.8,1.0,0.06599163361078508,1.5205759051209566,-0.06702618142024042,0.20909090909090908,0.032831710314711104,4.473596294902475,-0.01253190980464225,0.3333333333333333,-0.048711544794976636,0.0747783598661027
