run,r_value,epoch,checkpoint,window,window_start,window_end,start_date,end_date,day_count,top_n,daily_replace_k,score_variant,score_weight_y,score_weight_return,score_weight_direction,score_weight_cap,cap_min_pct,cap_bonus,exclude_st,exclude_bj,period_return,period_excess_equal,market_equal_period_return,sharpe,max_drawdown,turnover_mean,rolling_return_mean,rolling_excess_equal_mean,rolling_return_median,rolling_win_rate,rolling_return_min,market_equal_rolling_mean,market_equal_rolling_win_rate,competition_score,recent_window_count,latest_window_return,recent_return_mean,recent_return_min,recent_win_rate
r010_topk005_open,0.1,1,/data/jiaxuanLin/AItrader/data/experiments/msgca/20260601_loss_ablation/runs/r010_topk005_open/checkpoints/msgca_epoch_1.pt,val2026_strict,2026-01-01,2026-05-20,2026-01-05,2026-05-20,88,10,3,weighted,0.25,1.5,0.5,0.75,0.0,0.0,True,True,-0.0316590713734453,-0.1506537842030352,0.1189947128295898,-0.3014820436614743,-0.1294534503462654,0.6045454545454544,-0.0127060770956092,-0.022610070883254,-0.0187344633211371,0.2911392405063291,-0.0619096299141347,0.0099039937876447,0.6582278481012658,-0.0441775765465279,5,0.0027894343742567,-0.0141073034221379,-0.0370117957908573,0.2
r010_topk005_open,0.1,2,/data/jiaxuanLin/AItrader/data/experiments/msgca/20260601_loss_ablation/runs/r010_topk005_open/checkpoints/msgca_epoch_2.pt,val2026_strict,2026-01-01,2026-05-20,2026-01-05,2026-05-20,88,10,3,weighted,0.25,1.5,0.5,0.75,0.0,0.0,True,True,-0.0278161421260199,-0.1468108549556097,0.1189947128295898,-0.2560663466711369,-0.1497196897068562,0.6045454545454544,-0.0069891453323963,-0.0168931391200411,-0.012347821678177,0.3924050632911392,-0.0797394935871574,0.0099039937876447,0.6582278481012658,-0.0387009147331351,5,-0.0194229290705179,-0.0022592149137611,-0.024468672309814,0.6
r010_topk005_open,0.1,3,/data/jiaxuanLin/AItrader/data/experiments/msgca/20260601_loss_ablation/runs/r010_topk005_open/checkpoints/msgca_epoch_3.pt,val2026_strict,2026-01-01,2026-05-20,2026-01-05,2026-05-20,88,10,3,weighted,0.25,1.5,0.5,0.75,0.0,0.0,True,True,0.0443484792849238,-0.074646233544666,0.1189947128295898,0.6679143520974063,-0.1247520251471663,0.6045454545454544,0.0013305459448275,-0.0085734478428172,-0.0011404332363436,0.4936708860759494,-0.0718857352919528,0.0099039937876447,0.6582278481012658,-0.0208877112235344,5,-0.0113934107946683,0.0077867310151032,-0.0184897533046624,0.6
r010_topk005_open,0.1,4,/data/jiaxuanLin/AItrader/data/experiments/msgca/20260601_loss_ablation/runs/r010_topk005_open/checkpoints/msgca_epoch_4.pt,val2026_strict,2026-01-01,2026-05-20,2026-01-05,2026-05-20,88,10,3,weighted,0.25,1.5,0.5,0.75,0.0,0.0,True,True,-0.0277354781938644,-0.1467301910234543,0.1189947128295898,-0.2696151096983141,-0.1560788151632145,0.6045454545454544,-0.0048006696949769,-0.0147046634826216,0.0010046146865403,0.5189873417721519,-0.0991792097345546,0.0099039937876447,0.6582278481012658,-0.038558766225998,5,-0.0332386719821822,-0.0090571738170951,-0.0441178378856456,0.6
r010_topk005_open,0.1,5,/data/jiaxuanLin/AItrader/data/experiments/msgca/20260601_loss_ablation/runs/r010_topk005_open/checkpoints/msgca_epoch_5.pt,val2026_strict,2026-01-01,2026-05-20,2026-01-05,2026-05-20,88,10,3,weighted,0.25,1.5,0.5,0.75,0.0,0.0,True,True,0.0034708649836305,-0.1155238478459592,0.1189947128295898,0.1730136357338619,-0.1341865367424348,0.6045454545454544,0.0042487155542458,-0.0056552782333989,-0.0065192882001622,0.4556962025316455,-0.0821601899621481,0.0099039937876447,0.6582278481012658,-0.0179742361736114,5,0.0085636612464254,0.0346644957744714,-0.0065192882001622,0.8
r010_topk005_open,0.1,6,/data/jiaxuanLin/AItrader/data/experiments/msgca/20260601_loss_ablation/runs/r010_topk005_open/checkpoints/msgca_epoch_6.pt,val2026_strict,2026-01-01,2026-05-20,2026-01-05,2026-05-20,88,10,3,weighted,0.25,1.5,0.5,0.75,0.0,0.0,True,True,0.0100932998563956,-0.1089014129731942,0.1189947128295898,0.2652682412076471,-0.1591660106950024,0.6045454545454544,0.0122619024598417,0.0023579086721969,-0.0008861402948908,0.4936708860759494,-0.0866119094990686,0.0099039937876447,0.6582278481012658,-0.0114452855229252,5,-0.0470944160708592,0.0489751154750543,-0.0470944160708592,0.8
r010_topk005_open,0.1,7,/data/jiaxuanLin/AItrader/data/experiments/msgca/20260601_loss_ablation/runs/r010_topk005_open/checkpoints/msgca_epoch_7.pt,val2026_strict,2026-01-01,2026-05-20,2026-01-05,2026-05-20,88,10,3,weighted,0.25,1.5,0.5,0.75,0.0,0.0,True,True,-0.1247333816265581,-0.2437280944561479,0.1189947128295898,-0.732756340968613,-0.2673782452447768,0.6045454545454544,-0.0061051026046022,-0.016009096392247,-0.0147451712855357,0.4177215189873418,-0.121988754361919,0.0099039937876447,0.6582278481012658,-0.032448337095131,5,0.0302129927197711,0.1056238614246433,0.0302129927197711,1.0
r010_topk005_open,0.1,8,/data/jiaxuanLin/AItrader/data/experiments/msgca/20260601_loss_ablation/runs/r010_topk005_open/checkpoints/msgca_epoch_8.pt,val2026_strict,2026-01-01,2026-05-20,2026-01-05,2026-05-20,88,10,3,weighted,0.25,1.5,0.5,0.75,0.0,0.0,True,True,-0.2174087764223304,-0.3364034892519203,0.1189947128295898,-1.3749122088616272,-0.3441076579536204,0.6045454545454544,-0.0278071625327754,-0.0377111563204202,-0.0432973368154588,0.2784810126582278,-0.1491996140008139,0.0099039937876447,0.6582278481012658,-0.069352875207335,5,-0.0251510854958468,0.0790817840728193,-0.0251510854958468,0.8
r010_topk005_open,0.1,9,/data/jiaxuanLin/AItrader/data/experiments/msgca/20260601_loss_ablation/runs/r010_topk005_open/checkpoints/msgca_epoch_9.pt,val2026_strict,2026-01-01,2026-05-20,2026-01-05,2026-05-20,88,10,3,weighted,0.25,1.5,0.5,0.75,0.0,0.0,True,True,-0.1954339794007868,-0.3144286922303767,0.1189947128295898,-1.208313191011661,-0.2976700641179699,0.6045454545454544,-0.0157387729880058,-0.0256427667756506,-0.030485867997167,0.2911392405063291,-0.134543654504128,0.0099039937876447,0.6582278481012658,-0.05353297025911,5,-0.0220986304539652,0.0879396614104245,-0.0220986304539652,0.8
r010_topk005_open,0.1,10,/data/jiaxuanLin/AItrader/data/experiments/msgca/20260601_loss_ablation/runs/r010_topk005_open/checkpoints/msgca_epoch_10.pt,val2026_strict,2026-01-01,2026-05-20,2026-01-05,2026-05-20,88,10,3,weighted,0.25,1.5,0.5,0.75,0.0,0.0,True,True,-0.109590725029612,-0.2285854378592019,0.1189947128295898,-0.5730771407527778,-0.2961010912895734,0.6045454545454544,-0.0038190729556186,-0.0137230667432634,-0.0270702813669119,0.4050632911392405,-0.1162968102653714,0.0099039937876447,0.6582278481012658,-0.0414545822804416,5,-0.0352545997366628,0.0705080203487014,-0.0352545997366628,0.8
r010_topk005_open,0.1,11,/data/jiaxuanLin/AItrader/data/experiments/msgca/20260601_loss_ablation/runs/r010_topk005_open/checkpoints/msgca_epoch_11.pt,val2026_strict,2026-01-01,2026-05-20,2026-01-05,2026-05-20,88,10,3,weighted,0.25,1.5,0.5,0.75,0.0,0.0,True,True,-0.0340104793872086,-0.1530051922167985,0.1189947128295898,-0.1030134367976464,-0.2386291673240963,0.6045454545454544,0.0070989431651285,-0.0028050506225162,-0.0056657384794026,0.4556962025316455,-0.0862336541848625,0.0099039937876447,0.6582278481012658,-0.0217525476373756,5,-0.0380588449733189,0.0700503391564731,-0.0380588449733189,0.8
r010_topk005_open,0.1,12,/data/jiaxuanLin/AItrader/data/experiments/msgca/20260601_loss_ablation/runs/r010_topk005_open/checkpoints/msgca_epoch_12.pt,val2026_strict,2026-01-01,2026-05-20,2026-01-05,2026-05-20,88,10,3,weighted,0.25,1.5,0.5,0.75,0.0,0.0,True,True,0.0251978323663699,-0.0937968804632198,0.1189947128295898,0.3994409214201546,-0.1504979473665449,0.6045454545454544,0.008050738163603,-0.0018532556240417,-0.0078247261649552,0.4683544303797468,-0.09592511347519,0.0099039937876447,0.6582278481012658,-0.0134045360571399,5,-0.0425073096792117,0.0419062946823958,-0.0425073096792117,0.6
r010_topk005_open,0.1,13,/data/jiaxuanLin/AItrader/data/experiments/msgca/20260601_loss_ablation/runs/r010_topk005_open/checkpoints/msgca_epoch_13.pt,val2026_strict,2026-01-01,2026-05-20,2026-01-05,2026-05-20,88,10,3,weighted,0.25,1.5,0.5,0.75,0.0,0.0,True,True,0.0090930040432455,-0.1099017087863443,0.1189947128295898,0.2304465310885086,-0.0946625902963853,0.6045454545454544,0.0071740454193564,-0.0027299483682883,0.0045065821139724,0.5569620253164557,-0.0740691348430598,0.0099039937876447,0.6582278481012658,-0.0205791093607435,5,-0.0437498971888561,-0.0042997897909582,-0.0437498971888561,0.2
r010_topk005_open,0.1,14,/data/jiaxuanLin/AItrader/data/experiments/msgca/20260601_loss_ablation/runs/r010_topk005_open/checkpoints/msgca_epoch_14.pt,val2026_strict,2026-01-01,2026-05-20,2026-01-05,2026-05-20,88,10,3,weighted,0.25,1.5,0.5,0.75,0.0,0.0,True,True,0.0195896657447316,-0.0994050470848582,0.1189947128295898,0.3621941368460539,-0.1135218443754606,0.6045454545454544,0.0054185226143994,-0.0044854711732453,0.0012350427367713,0.5443037974683544,-0.0872547792923268,0.0099039937876447,0.6582278481012658,-0.0199281378900082,5,-0.0292996837290687,0.006017612327848,-0.0292996837290687,0.6
r010_topk005_open,0.1,15,/data/jiaxuanLin/AItrader/data/experiments/msgca/20260601_loss_ablation/runs/r010_topk005_open/checkpoints/msgca_epoch_15.pt,val2026_strict,2026-01-01,2026-05-20,2026-01-05,2026-05-20,88,10,3,weighted,0.25,1.5,0.5,0.75,0.0,0.0,True,True,0.0742621262818843,-0.0447325865477055,0.1189947128295898,0.9856521799757288,-0.0764533240795252,0.6045454545454544,0.0096457506594399,-0.0002582431282048,0.0046608170414721,0.569620253164557,-0.040907657270535,0.0099039937876447,0.6582278481012658,0.0006434318005865,5,-0.0004284994666459,0.0412949388300548,-0.0004284994666459,0.8
r010_topk005_open,0.1,16,/data/jiaxuanLin/AItrader/data/experiments/msgca/20260601_loss_ablation/runs/r010_topk005_open/checkpoints/msgca_epoch_16.pt,val2026_strict,2026-01-01,2026-05-20,2026-01-05,2026-05-20,88,10,3,weighted,0.25,1.5,0.5,0.75,0.0,0.0,True,True,-0.0513995208519176,-0.1703942336815075,0.1189947128295898,-0.6627538391681076,-0.1387354665697263,0.6045454545454544,-0.0038783221063486,-0.0137823158939934,-0.0060093140788368,0.3544303797468354,-0.0986396092789391,0.0099039937876447,0.6582278481012658,-0.0375521359122583,5,-0.0226327261066177,0.00205073884972,-0.0226327261066177,0.4
r010_topk005_open,0.1,17,/data/jiaxuanLin/AItrader/data/experiments/msgca/20260601_loss_ablation/runs/r010_topk005_open/checkpoints/msgca_epoch_17.pt,val2026_strict,2026-01-01,2026-05-20,2026-01-05,2026-05-20,88,10,3,weighted,0.25,1.5,0.5,0.75,0.0,0.0,True,True,-0.0213728071987082,-0.1403675200282981,0.1189947128295898,-0.2421436591532265,-0.1272576001769855,0.6045454545454544,-0.0001514697203146,-0.0100554635079594,-0.0017128785553487,0.4430379746835443,-0.0939273492374931,0.0099039937876447,0.6582278481012658,-0.0285672123016261,5,-0.0166136544794868,0.0096452222271258,-0.0166136544794868,0.8
r010_topk005_open,0.1,18,/data/jiaxuanLin/AItrader/data/experiments/msgca/20260601_loss_ablation/runs/r010_topk005_open/checkpoints/msgca_epoch_18.pt,val2026_strict,2026-01-01,2026-05-20,2026-01-05,2026-05-20,88,10,3,weighted,0.25,1.5,0.5,0.75,0.0,0.0,True,True,0.063804183916885,-0.0551905289127048,0.1189947128295898,0.927917224085567,-0.1500119820793423,0.6045454545454544,0.0069093867859757,-0.0029946070016689,-0.003874055759852,0.4430379746835443,-0.0714069734949185,0.0099039937876447,0.6582278481012658,-6.0418342125887967e-05,5,0.0222249746094505,0.0831694700659932,0.0222249746094505,1.0
r010_topk005_open,0.1,19,/data/jiaxuanLin/AItrader/data/experiments/msgca/20260601_loss_ablation/runs/r010_topk005_open/checkpoints/msgca_epoch_19.pt,val2026_strict,2026-01-01,2026-05-20,2026-01-05,2026-05-20,88,10,3,weighted,0.25,1.5,0.5,0.75,0.0,0.0,True,True,0.0051732259577963,-0.1138214868717935,0.1189947128295898,0.1722118189195796,-0.1024341554415466,0.6045454545454544,-0.0015785935399363,-0.0114825873275811,-0.0038255617967156,0.4556962025316455,-0.0627879298667295,0.0099039937876447,0.6582278481012658,-0.0115159201607341,5,0.0307462338816519,0.0599359429231598,0.0159216531910026,1.0
r010_topk005_open,0.1,20,/data/jiaxuanLin/AItrader/data/experiments/msgca/20260601_loss_ablation/runs/r010_topk005_open/checkpoints/msgca_epoch_20.pt,val2026_strict,2026-01-01,2026-05-20,2026-01-05,2026-05-20,88,10,3,weighted,0.25,1.5,0.5,0.75,0.0,0.0,True,True,0.0104559449924148,-0.1085387678371749,0.1189947128295898,0.2659904306822736,-0.0752136970459065,0.6045454545454544,0.0027710778498129,-0.0071329159378318,0.0055864029139771,0.5822784810126582,-0.0740395893347668,0.0099039937876447,0.6582278481012658,-0.0073296921127012,5,0.0055864029139771,0.0490470159464993,0.0055864029139771,1.0
r010_topk005_open,0.1,1,/data/jiaxuanLin/AItrader/data/experiments/msgca/20260601_loss_ablation/runs/r010_topk005_open/checkpoints/msgca_epoch_1.pt,hold2026_recent,2026-05-21,2026-05-31,2026-05-21,2026-05-28,6,10,3,weighted,0.25,1.5,0.5,0.75,0.0,0.0,True,True,-0.0473938725419884,-0.0053257487245446,-0.0420681238174438,-11.28059905306436,-0.0494508857685769,0.6666666666666666,,,,,,,,,0,,,,
r010_topk005_open,0.1,2,/data/jiaxuanLin/AItrader/data/experiments/msgca/20260601_loss_ablation/runs/r010_topk005_open/checkpoints/msgca_epoch_2.pt,hold2026_recent,2026-05-21,2026-05-31,2026-05-21,2026-05-28,6,10,3,weighted,0.25,1.5,0.5,0.75,0.0,0.0,True,True,-0.0379770613630711,0.0040910624543727,-0.0420681238174438,-10.467935748261768,-0.0297520879976119,0.6666666666666666,,,,,,,,,0,,,,
r010_topk005_open,0.1,3,/data/jiaxuanLin/AItrader/data/experiments/msgca/20260601_loss_ablation/runs/r010_topk005_open/checkpoints/msgca_epoch_3.pt,hold2026_recent,2026-05-21,2026-05-31,2026-05-21,2026-05-28,6,10,3,weighted,0.25,1.5,0.5,0.75,0.0,0.0,True,True,-0.0210291361539397,0.021038987663504,-0.0420681238174438,-4.918468395063781,-0.0229128074923778,0.6666666666666666,,,,,,,,,0,,,,
r010_topk005_open,0.1,4,/data/jiaxuanLin/AItrader/data/experiments/msgca/20260601_loss_ablation/runs/r010_topk005_open/checkpoints/msgca_epoch_4.pt,hold2026_recent,2026-05-21,2026-05-31,2026-05-21,2026-05-28,6,10,3,weighted,0.25,1.5,0.5,0.75,0.0,0.0,True,True,0.0063309270344713,0.0483990508519152,-0.0420681238174438,1.284830696217935,-0.0174295660811661,0.6666666666666666,,,,,,,,,0,,,,
r010_topk005_open,0.1,5,/data/jiaxuanLin/AItrader/data/experiments/msgca/20260601_loss_ablation/runs/r010_topk005_open/checkpoints/msgca_epoch_5.pt,hold2026_recent,2026-05-21,2026-05-31,2026-05-21,2026-05-28,6,10,3,weighted,0.25,1.5,0.5,0.75,0.0,0.0,True,True,0.016797337149804,0.0588654609672478,-0.0420681238174438,2.127914115798965,-0.02108691639781,0.6666666666666666,,,,,,,,,0,,,,
r010_topk005_open,0.1,6,/data/jiaxuanLin/AItrader/data/experiments/msgca/20260601_loss_ablation/runs/r010_topk005_open/checkpoints/msgca_epoch_6.pt,hold2026_recent,2026-05-21,2026-05-31,2026-05-21,2026-05-28,6,10,3,weighted,0.25,1.5,0.5,0.75,0.0,0.0,True,True,0.0199926737252371,0.062060797542681,-0.0420681238174438,2.361569573926316,-0.0227002744334936,0.6666666666666666,,,,,,,,,0,,,,
r010_topk005_open,0.1,7,/data/jiaxuanLin/AItrader/data/experiments/msgca/20260601_loss_ablation/runs/r010_topk005_open/checkpoints/msgca_epoch_7.pt,hold2026_recent,2026-05-21,2026-05-31,2026-05-21,2026-05-28,6,10,3,weighted,0.25,1.5,0.5,0.75,0.0,0.0,True,True,0.0011867007666741,0.043254824584118,-0.0420681238174438,0.3293572212336952,-0.030583076249361,0.6666666666666666,,,,,,,,,0,,,,
r010_topk005_open,0.1,8,/data/jiaxuanLin/AItrader/data/experiments/msgca/20260601_loss_ablation/runs/r010_topk005_open/checkpoints/msgca_epoch_8.pt,hold2026_recent,2026-05-21,2026-05-31,2026-05-21,2026-05-28,6,10,3,weighted,0.25,1.5,0.5,0.75,0.0,0.0,True,True,-0.0088127775187738,0.03325534629867,-0.0420681238174438,-0.8156533453497617,-0.0265962631213665,0.6666666666666666,,,,,,,,,0,,,,
r010_topk005_open,0.1,9,/data/jiaxuanLin/AItrader/data/experiments/msgca/20260601_loss_ablation/runs/r010_topk005_open/checkpoints/msgca_epoch_9.pt,hold2026_recent,2026-05-21,2026-05-31,2026-05-21,2026-05-28,6,10,3,weighted,0.25,1.5,0.5,0.75,0.0,0.0,True,True,0.0045547351244008,0.0466228589418447,-0.0420681238174438,0.6788211229713785,-0.0256131143081188,0.6666666666666666,,,,,,,,,0,,,,
r010_topk005_open,0.1,10,/data/jiaxuanLin/AItrader/data/experiments/msgca/20260601_loss_ablation/runs/r010_topk005_open/checkpoints/msgca_epoch_10.pt,hold2026_recent,2026-05-21,2026-05-31,2026-05-21,2026-05-28,6,10,3,weighted,0.25,1.5,0.5,0.75,0.0,0.0,True,True,0.0321725749796961,0.07424069879714,-0.0420681238174438,4.032707481209316,-0.0224077330049156,0.6666666666666666,,,,,,,,,0,,,,
r010_topk005_open,0.1,11,/data/jiaxuanLin/AItrader/data/experiments/msgca/20260601_loss_ablation/runs/r010_topk005_open/checkpoints/msgca_epoch_11.pt,hold2026_recent,2026-05-21,2026-05-31,2026-05-21,2026-05-28,6,10,3,weighted,0.25,1.5,0.5,0.75,0.0,0.0,True,True,0.0189937829626809,0.0610619067801248,-0.0420681238174438,2.589470558835793,-0.0282945903393159,0.6666666666666666,,,,,,,,,0,,,,
r010_topk005_open,0.1,12,/data/jiaxuanLin/AItrader/data/experiments/msgca/20260601_loss_ablation/runs/r010_topk005_open/checkpoints/msgca_epoch_12.pt,hold2026_recent,2026-05-21,2026-05-31,2026-05-21,2026-05-28,6,10,3,weighted,0.25,1.5,0.5,0.75,0.0,0.0,True,True,-0.0057703105693027,0.036297813248141,-0.0420681238174438,-0.4958103136254042,-0.0354209207701683,0.6666666666666666,,,,,,,,,0,,,,
r010_topk005_open,0.1,13,/data/jiaxuanLin/AItrader/data/experiments/msgca/20260601_loss_ablation/runs/r010_topk005_open/checkpoints/msgca_epoch_13.pt,hold2026_recent,2026-05-21,2026-05-31,2026-05-21,2026-05-28,6,10,3,weighted,0.25,1.5,0.5,0.75,0.0,0.0,True,True,-0.0186779536869073,0.0233901701305364,-0.0420681238174438,-4.0248374630223225,-0.0258515991005197,0.6666666666666666,,,,,,,,,0,,,,
r010_topk005_open,0.1,14,/data/jiaxuanLin/AItrader/data/experiments/msgca/20260601_loss_ablation/runs/r010_topk005_open/checkpoints/msgca_epoch_14.pt,hold2026_recent,2026-05-21,2026-05-31,2026-05-21,2026-05-28,6,10,3,weighted,0.25,1.5,0.5,0.75,0.0,0.0,True,True,-0.0206388465517084,0.0214292772657354,-0.0420681238174438,-3.3399590556688783,-0.0268857480415859,0.6666666666666666,,,,,,,,,0,,,,
r010_topk005_open,0.1,15,/data/jiaxuanLin/AItrader/data/experiments/msgca/20260601_loss_ablation/runs/r010_topk005_open/checkpoints/msgca_epoch_15.pt,hold2026_recent,2026-05-21,2026-05-31,2026-05-21,2026-05-28,6,10,3,weighted,0.25,1.5,0.5,0.75,0.0,0.0,True,True,-0.0282777193093595,0.0137904045080843,-0.0420681238174438,-3.209551685041751,-0.0409500636863708,0.6666666666666666,,,,,,,,,0,,,,
r010_topk005_open,0.1,16,/data/jiaxuanLin/AItrader/data/experiments/msgca/20260601_loss_ablation/runs/r010_topk005_open/checkpoints/msgca_epoch_16.pt,hold2026_recent,2026-05-21,2026-05-31,2026-05-21,2026-05-28,6,10,3,weighted,0.25,1.5,0.5,0.75,0.0,0.0,True,True,-0.0499720475871542,-0.0079039237697103,-0.0420681238174438,-8.859368618658616,-0.0361239640198679,0.6666666666666666,,,,,,,,,0,,,,
r010_topk005_open,0.1,17,/data/jiaxuanLin/AItrader/data/experiments/msgca/20260601_loss_ablation/runs/r010_topk005_open/checkpoints/msgca_epoch_17.pt,hold2026_recent,2026-05-21,2026-05-31,2026-05-21,2026-05-28,6,10,3,weighted,0.25,1.5,0.5,0.75,0.0,0.0,True,True,-0.0313091593544012,0.0107589644630425,-0.0420681238174438,-4.271342520547811,-0.0450930531351492,0.6666666666666666,,,,,,,,,0,,,,
r010_topk005_open,0.1,18,/data/jiaxuanLin/AItrader/data/experiments/msgca/20260601_loss_ablation/runs/r010_topk005_open/checkpoints/msgca_epoch_18.pt,hold2026_recent,2026-05-21,2026-05-31,2026-05-21,2026-05-28,6,10,3,weighted,0.25,1.5,0.5,0.75,0.0,0.0,True,True,-0.0443629577600699,-0.002294833942626,-0.0420681238174438,-5.7047303572224655,-0.0472978327197575,0.6666666666666666,,,,,,,,,0,,,,
r010_topk005_open,0.1,19,/data/jiaxuanLin/AItrader/data/experiments/msgca/20260601_loss_ablation/runs/r010_topk005_open/checkpoints/msgca_epoch_19.pt,hold2026_recent,2026-05-21,2026-05-31,2026-05-21,2026-05-28,6,10,3,weighted,0.25,1.5,0.5,0.75,0.0,0.0,True,True,-0.0245630282740796,0.0175050955433642,-0.0420681238174438,-3.80578563205095,-0.0277542160696835,0.6666666666666666,,,,,,,,,0,,,,
r010_topk005_open,0.1,20,/data/jiaxuanLin/AItrader/data/experiments/msgca/20260601_loss_ablation/runs/r010_topk005_open/checkpoints/msgca_epoch_20.pt,hold2026_recent,2026-05-21,2026-05-31,2026-05-21,2026-05-28,6,10,3,weighted,0.25,1.5,0.5,0.75,0.0,0.0,True,True,-0.0569034005419679,-0.0148352767245241,-0.0420681238174438,-14.624843847396562,-0.0424217521140853,0.6666666666666666,,,,,,,,,0,,,,
r010_topk005_open,0.1,1,/data/jiaxuanLin/AItrader/data/experiments/msgca/20260601_loss_ablation/runs/r010_topk005_open/checkpoints/msgca_epoch_1.pt,same_calendar_2025,2025-05-21,2025-05-31,2025-05-21,2025-05-30,8,10,3,weighted,0.25,1.5,0.5,0.75,0.0,0.0,True,True,-0.0236550052557861,-0.0014242012892639,-0.0222308039665222,-7.714877788676852,-0.0263830333306449,0.6499999999999999,,,,,,,,,0,,,,
r010_topk005_open,0.1,2,/data/jiaxuanLin/AItrader/data/experiments/msgca/20260601_loss_ablation/runs/r010_topk005_open/checkpoints/msgca_epoch_2.pt,same_calendar_2025,2025-05-21,2025-05-31,2025-05-21,2025-05-30,8,10,3,weighted,0.25,1.5,0.5,0.75,0.0,0.0,True,True,-0.0152645460803667,0.0069662578861554,-0.0222308039665222,-5.11402931265336,-0.0163487839902021,0.6499999999999999,,,,,,,,,0,,,,
r010_topk005_open,0.1,3,/data/jiaxuanLin/AItrader/data/experiments/msgca/20260601_loss_ablation/runs/r010_topk005_open/checkpoints/msgca_epoch_3.pt,same_calendar_2025,2025-05-21,2025-05-31,2025-05-21,2025-05-30,8,10,3,weighted,0.25,1.5,0.5,0.75,0.0,0.0,True,True,-0.027868336318372,-0.0056375323518498,-0.0222308039665222,-8.539647017922666,-0.0258290612433236,0.6499999999999999,,,,,,,,,0,,,,
r010_topk005_open,0.1,4,/data/jiaxuanLin/AItrader/data/experiments/msgca/20260601_loss_ablation/runs/r010_topk005_open/checkpoints/msgca_epoch_4.pt,same_calendar_2025,2025-05-21,2025-05-31,2025-05-21,2025-05-30,8,10,3,weighted,0.25,1.5,0.5,0.75,0.0,0.0,True,True,-0.011954985827371,0.0102758181391511,-0.0222308039665222,-3.972021490860736,-0.0145761277054418,0.6499999999999999,,,,,,,,,0,,,,
r010_topk005_open,0.1,5,/data/jiaxuanLin/AItrader/data/experiments/msgca/20260601_loss_ablation/runs/r010_topk005_open/checkpoints/msgca_epoch_5.pt,same_calendar_2025,2025-05-21,2025-05-31,2025-05-21,2025-05-30,8,10,3,weighted,0.25,1.5,0.5,0.75,0.0,0.0,True,True,-0.0284752958178119,-0.0062444918512897,-0.0222308039665222,-18.066084478082946,-0.023701804620513,0.6499999999999999,,,,,,,,,0,,,,
r010_topk005_open,0.1,6,/data/jiaxuanLin/AItrader/data/experiments/msgca/20260601_loss_ablation/runs/r010_topk005_open/checkpoints/msgca_epoch_6.pt,same_calendar_2025,2025-05-21,2025-05-31,2025-05-21,2025-05-30,8,10,3,weighted,0.25,1.5,0.5,0.75,0.0,0.0,True,True,-0.0881882573592953,-0.0659574533927731,-0.0222308039665222,-10.591450937133883,-0.0640590393384605,0.6499999999999999,,,,,,,,,0,,,,
r010_topk005_open,0.1,7,/data/jiaxuanLin/AItrader/data/experiments/msgca/20260601_loss_ablation/runs/r010_topk005_open/checkpoints/msgca_epoch_7.pt,same_calendar_2025,2025-05-21,2025-05-31,2025-05-21,2025-05-30,8,10,3,weighted,0.25,1.5,0.5,0.75,0.0,0.0,True,True,-0.1075784668661524,-0.0853476628996302,-0.0222308039665222,-11.86013786511363,-0.0691917394674701,0.6499999999999999,,,,,,,,,0,,,,
r010_topk005_open,0.1,8,/data/jiaxuanLin/AItrader/data/experiments/msgca/20260601_loss_ablation/runs/r010_topk005_open/checkpoints/msgca_epoch_8.pt,same_calendar_2025,2025-05-21,2025-05-31,2025-05-21,2025-05-30,8,10,3,weighted,0.25,1.5,0.5,0.75,0.0,0.0,True,True,-0.1446259593337301,-0.1223951553672079,-0.0222308039665222,-15.052542387624966,-0.1033400965291733,0.6499999999999999,,,,,,,,,0,,,,
r010_topk005_open,0.1,9,/data/jiaxuanLin/AItrader/data/experiments/msgca/20260601_loss_ablation/runs/r010_topk005_open/checkpoints/msgca_epoch_9.pt,same_calendar_2025,2025-05-21,2025-05-31,2025-05-21,2025-05-30,8,10,3,weighted,0.25,1.5,0.5,0.75,0.0,0.0,True,True,-0.1063039435737289,-0.0840731396072067,-0.0222308039665222,-11.64163490314475,-0.0707968891142194,0.6499999999999999,,,,,,,,,0,,,,
r010_topk005_open,0.1,10,/data/jiaxuanLin/AItrader/data/experiments/msgca/20260601_loss_ablation/runs/r010_topk005_open/checkpoints/msgca_epoch_10.pt,same_calendar_2025,2025-05-21,2025-05-31,2025-05-21,2025-05-30,8,10,3,weighted,0.25,1.5,0.5,0.75,0.0,0.0,True,True,-0.0815944137813502,-0.059363609814828,-0.0222308039665222,-8.416450068380913,-0.0639914350906721,0.6499999999999999,,,,,,,,,0,,,,
r010_topk005_open,0.1,11,/data/jiaxuanLin/AItrader/data/experiments/msgca/20260601_loss_ablation/runs/r010_topk005_open/checkpoints/msgca_epoch_11.pt,same_calendar_2025,2025-05-21,2025-05-31,2025-05-21,2025-05-30,8,10,3,weighted,0.25,1.5,0.5,0.75,0.0,0.0,True,True,-0.0662129537496877,-0.0439821497831655,-0.0222308039665222,-8.506796171017271,-0.0607975620573388,0.6499999999999999,,,,,,,,,0,,,,
r010_topk005_open,0.1,12,/data/jiaxuanLin/AItrader/data/experiments/msgca/20260601_loss_ablation/runs/r010_topk005_open/checkpoints/msgca_epoch_12.pt,same_calendar_2025,2025-05-21,2025-05-31,2025-05-21,2025-05-30,8,10,3,weighted,0.25,1.5,0.5,0.75,0.0,0.0,True,True,-0.0299298729083152,-0.007699068941793,-0.0222308039665222,-3.591849794142139,-0.0544263782851189,0.6499999999999999,,,,,,,,,0,,,,
r010_topk005_open,0.1,13,/data/jiaxuanLin/AItrader/data/experiments/msgca/20260601_loss_ablation/runs/r010_topk005_open/checkpoints/msgca_epoch_13.pt,same_calendar_2025,2025-05-21,2025-05-31,2025-05-21,2025-05-30,8,10,3,weighted,0.25,1.5,0.5,0.75,0.0,0.0,True,True,-0.0300382191496965,-0.0078074151831742,-0.0222308039665222,-7.186507111081151,-0.043396973796292,0.6499999999999999,,,,,,,,,0,,,,
r010_topk005_open,0.1,14,/data/jiaxuanLin/AItrader/data/experiments/msgca/20260601_loss_ablation/runs/r010_topk005_open/checkpoints/msgca_epoch_14.pt,same_calendar_2025,2025-05-21,2025-05-31,2025-05-21,2025-05-30,8,10,3,weighted,0.25,1.5,0.5,0.75,0.0,0.0,True,True,-0.0252867619404441,-0.0030559579739218,-0.0222308039665222,-6.262852371893476,-0.0381059908681884,0.6499999999999999,,,,,,,,,0,,,,
r010_topk005_open,0.1,15,/data/jiaxuanLin/AItrader/data/experiments/msgca/20260601_loss_ablation/runs/r010_topk005_open/checkpoints/msgca_epoch_15.pt,same_calendar_2025,2025-05-21,2025-05-31,2025-05-21,2025-05-30,8,10,3,weighted,0.25,1.5,0.5,0.75,0.0,0.0,True,True,-0.0443624386094185,-0.0221316346428963,-0.0222308039665222,-6.091529734050285,-0.0493687831765053,0.6499999999999999,,,,,,,,,0,,,,
r010_topk005_open,0.1,16,/data/jiaxuanLin/AItrader/data/experiments/msgca/20260601_loss_ablation/runs/r010_topk005_open/checkpoints/msgca_epoch_16.pt,same_calendar_2025,2025-05-21,2025-05-31,2025-05-21,2025-05-30,8,10,3,weighted,0.25,1.5,0.5,0.75,0.0,0.0,True,True,-0.0166231785859179,0.0056076253806042,-0.0222308039665222,-5.0730984612979535,-0.0269284202467648,0.6499999999999999,,,,,,,,,0,,,,
r010_topk005_open,0.1,17,/data/jiaxuanLin/AItrader/data/experiments/msgca/20260601_loss_ablation/runs/r010_topk005_open/checkpoints/msgca_epoch_17.pt,same_calendar_2025,2025-05-21,2025-05-31,2025-05-21,2025-05-30,8,10,3,weighted,0.25,1.5,0.5,0.75,0.0,0.0,True,True,-0.0062322084692539,0.0159985954972682,-0.0222308039665222,-2.184274634333484,-0.0170225790576725,0.6499999999999999,,,,,,,,,0,,,,
r010_topk005_open,0.1,18,/data/jiaxuanLin/AItrader/data/experiments/msgca/20260601_loss_ablation/runs/r010_topk005_open/checkpoints/msgca_epoch_18.pt,same_calendar_2025,2025-05-21,2025-05-31,2025-05-21,2025-05-30,8,10,3,weighted,0.25,1.5,0.5,0.75,0.0,0.0,True,True,-0.0373319370026937,-0.0151011330361715,-0.0222308039665222,-6.146516080702015,-0.0402431896512679,0.6499999999999999,,,,,,,,,0,,,,
r010_topk005_open,0.1,19,/data/jiaxuanLin/AItrader/data/experiments/msgca/20260601_loss_ablation/runs/r010_topk005_open/checkpoints/msgca_epoch_19.pt,same_calendar_2025,2025-05-21,2025-05-31,2025-05-21,2025-05-30,8,10,3,weighted,0.25,1.5,0.5,0.75,0.0,0.0,True,True,-0.0244782013637603,-0.0022473973972381,-0.0222308039665222,-8.609050193990003,-0.0252802949354549,0.6499999999999999,,,,,,,,,0,,,,
r010_topk005_open,0.1,20,/data/jiaxuanLin/AItrader/data/experiments/msgca/20260601_loss_ablation/runs/r010_topk005_open/checkpoints/msgca_epoch_20.pt,same_calendar_2025,2025-05-21,2025-05-31,2025-05-21,2025-05-30,8,10,3,weighted,0.25,1.5,0.5,0.75,0.0,0.0,True,True,-0.0186695588742272,0.0035612450922949,-0.0222308039665222,-7.1943452958051965,-0.0202157776334216,0.6499999999999999,,,,,,,,,0,,,,
r010_topk005_open,0.1,1,/data/jiaxuanLin/AItrader/data/experiments/msgca/20260601_loss_ablation/runs/r010_topk005_open/checkpoints/msgca_epoch_1.pt,same_comp_2025,2025-06-02,2025-06-13,2025-06-03,2025-06-13,9,10,3,weighted,0.25,1.5,0.5,0.75,0.0,0.0,True,True,-0.0105849361971804,-0.0239693976000735,0.013384461402893,-2.490235032553697,-0.0253034817581794,0.6444444444444444,,,,,,,,,0,,,,
r010_topk005_open,0.1,2,/data/jiaxuanLin/AItrader/data/experiments/msgca/20260601_loss_ablation/runs/r010_topk005_open/checkpoints/msgca_epoch_2.pt,same_comp_2025,2025-06-02,2025-06-13,2025-06-03,2025-06-13,9,10,3,weighted,0.25,1.5,0.5,0.75,0.0,0.0,True,True,-0.0212840991601215,-0.0346685605630145,0.013384461402893,-6.969701363277157,-0.0231863079016166,0.6444444444444444,,,,,,,,,0,,,,
r010_topk005_open,0.1,3,/data/jiaxuanLin/AItrader/data/experiments/msgca/20260601_loss_ablation/runs/r010_topk005_open/checkpoints/msgca_epoch_3.pt,same_comp_2025,2025-06-02,2025-06-13,2025-06-03,2025-06-13,9,10,3,weighted,0.25,1.5,0.5,0.75,0.0,0.0,True,True,0.0132775200590815,-0.0001069413438115,0.013384461402893,4.317085901670863,-0.0062892689141631,0.6444444444444444,,,,,,,,,0,,,,
r010_topk005_open,0.1,4,/data/jiaxuanLin/AItrader/data/experiments/msgca/20260601_loss_ablation/runs/r010_topk005_open/checkpoints/msgca_epoch_4.pt,same_comp_2025,2025-06-02,2025-06-13,2025-06-03,2025-06-13,9,10,3,weighted,0.25,1.5,0.5,0.75,0.0,0.0,True,True,0.0013498020484099,-0.0120346593544831,0.013384461402893,0.3561042518985003,-0.0202894325953509,0.6444444444444444,,,,,,,,,0,,,,
r010_topk005_open,0.1,5,/data/jiaxuanLin/AItrader/data/experiments/msgca/20260601_loss_ablation/runs/r010_topk005_open/checkpoints/msgca_epoch_5.pt,same_comp_2025,2025-06-02,2025-06-13,2025-06-03,2025-06-13,9,10,3,weighted,0.25,1.5,0.5,0.75,0.0,0.0,True,True,0.0085800285016004,-0.0048044329012926,0.013384461402893,2.345558999945566,-0.0123269540805019,0.6444444444444444,,,,,,,,,0,,,,
r010_topk005_open,0.1,6,/data/jiaxuanLin/AItrader/data/experiments/msgca/20260601_loss_ablation/runs/r010_topk005_open/checkpoints/msgca_epoch_6.pt,same_comp_2025,2025-06-02,2025-06-13,2025-06-03,2025-06-13,9,10,3,weighted,0.25,1.5,0.5,0.75,0.0,0.0,True,True,-0.0608621815683723,-0.0742466429712653,0.013384461402893,-7.009103703747008,-0.0699097977379001,0.6444444444444444,,,,,,,,,0,,,,
r010_topk005_open,0.1,7,/data/jiaxuanLin/AItrader/data/experiments/msgca/20260601_loss_ablation/runs/r010_topk005_open/checkpoints/msgca_epoch_7.pt,same_comp_2025,2025-06-02,2025-06-13,2025-06-03,2025-06-13,9,10,3,weighted,0.25,1.5,0.5,0.75,0.0,0.0,True,True,-0.0456535299357985,-0.0590379913386915,0.013384461402893,-4.697933231284819,-0.0648984109413848,0.6444444444444444,,,,,,,,,0,,,,
r010_topk005_open,0.1,8,/data/jiaxuanLin/AItrader/data/experiments/msgca/20260601_loss_ablation/runs/r010_topk005_open/checkpoints/msgca_epoch_8.pt,same_comp_2025,2025-06-02,2025-06-13,2025-06-03,2025-06-13,9,10,3,weighted,0.25,1.5,0.5,0.75,0.0,0.0,True,True,-0.0420827814933344,-0.0554672428962275,0.013384461402893,-5.13259486200601,-0.0564921211303945,0.6444444444444444,,,,,,,,,0,,,,
r010_topk005_open,0.1,9,/data/jiaxuanLin/AItrader/data/experiments/msgca/20260601_loss_ablation/runs/r010_topk005_open/checkpoints/msgca_epoch_9.pt,same_comp_2025,2025-06-02,2025-06-13,2025-06-03,2025-06-13,9,10,3,weighted,0.25,1.5,0.5,0.75,0.0,0.0,True,True,-0.0084769751219134,-0.0218614365248065,0.013384461402893,-0.4817426891282426,-0.064958227157129,0.6444444444444444,,,,,,,,,0,,,,
r010_topk005_open,0.1,10,/data/jiaxuanLin/AItrader/data/experiments/msgca/20260601_loss_ablation/runs/r010_topk005_open/checkpoints/msgca_epoch_10.pt,same_comp_2025,2025-06-02,2025-06-13,2025-06-03,2025-06-13,9,10,3,weighted,0.25,1.5,0.5,0.75,0.0,0.0,True,True,-0.0056571354809712,-0.0190415968838643,0.013384461402893,-0.2333973115611131,-0.0474727229847609,0.6444444444444444,,,,,,,,,0,,,,
r010_topk005_open,0.1,11,/data/jiaxuanLin/AItrader/data/experiments/msgca/20260601_loss_ablation/runs/r010_topk005_open/checkpoints/msgca_epoch_11.pt,same_comp_2025,2025-06-02,2025-06-13,2025-06-03,2025-06-13,9,10,3,weighted,0.25,1.5,0.5,0.75,0.0,0.0,True,True,0.035821683972669,0.0224372225697759,0.013384461402893,3.211627184552177,-0.0365707725719125,0.6444444444444444,,,,,,,,,0,,,,
r010_topk005_open,0.1,12,/data/jiaxuanLin/AItrader/data/experiments/msgca/20260601_loss_ablation/runs/r010_topk005_open/checkpoints/msgca_epoch_12.pt,same_comp_2025,2025-06-02,2025-06-13,2025-06-03,2025-06-13,9,10,3,weighted,0.25,1.5,0.5,0.75,0.0,0.0,True,True,0.061044765891663,0.04766030448877,0.013384461402893,6.074049033262967,-0.0257395897763966,0.6444444444444444,,,,,,,,,0,,,,
r010_topk005_open,0.1,13,/data/jiaxuanLin/AItrader/data/experiments/msgca/20260601_loss_ablation/runs/r010_topk005_open/checkpoints/msgca_epoch_13.pt,same_comp_2025,2025-06-02,2025-06-13,2025-06-03,2025-06-13,9,10,3,weighted,0.25,1.5,0.5,0.75,0.0,0.0,True,True,0.0080619588255375,-0.0053225025773555,0.013384461402893,1.3946903703512588,-0.0188095701277014,0.6444444444444444,,,,,,,,,0,,,,
r010_topk005_open,0.1,14,/data/jiaxuanLin/AItrader/data/experiments/msgca/20260601_loss_ablation/runs/r010_topk005_open/checkpoints/msgca_epoch_14.pt,same_comp_2025,2025-06-02,2025-06-13,2025-06-03,2025-06-13,9,10,3,weighted,0.25,1.5,0.5,0.75,0.0,0.0,True,True,0.0028316840565207,-0.0105527773463722,0.013384461402893,0.5383539108043717,-0.0254048986638305,0.6444444444444444,,,,,,,,,0,,,,
r010_topk005_open,0.1,15,/data/jiaxuanLin/AItrader/data/experiments/msgca/20260601_loss_ablation/runs/r010_topk005_open/checkpoints/msgca_epoch_15.pt,same_comp_2025,2025-06-02,2025-06-13,2025-06-03,2025-06-13,9,10,3,weighted,0.25,1.5,0.5,0.75,0.0,0.0,True,True,0.0257203522100539,0.0123358908071609,0.013384461402893,2.631552836491681,-0.0256762477510634,0.6444444444444444,,,,,,,,,0,,,,
r010_topk005_open,0.1,16,/data/jiaxuanLin/AItrader/data/experiments/msgca/20260601_loss_ablation/runs/r010_topk005_open/checkpoints/msgca_epoch_16.pt,same_comp_2025,2025-06-02,2025-06-13,2025-06-03,2025-06-13,9,10,3,weighted,0.25,1.5,0.5,0.75,0.0,0.0,True,True,-0.0011457334319807,-0.0145301948348738,0.013384461402893,-0.3456111060886284,-0.0128472468216663,0.6444444444444444,,,,,,,,,0,,,,
r010_topk005_open,0.1,17,/data/jiaxuanLin/AItrader/data/experiments/msgca/20260601_loss_ablation/runs/r010_topk005_open/checkpoints/msgca_epoch_17.pt,same_comp_2025,2025-06-02,2025-06-13,2025-06-03,2025-06-13,9,10,3,weighted,0.25,1.5,0.5,0.75,0.0,0.0,True,True,-0.0350447368284342,-0.0484291982313273,0.013384461402893,-6.226671170372902,-0.0498136386336527,0.6444444444444444,,,,,,,,,0,,,,
r010_topk005_open,0.1,18,/data/jiaxuanLin/AItrader/data/experiments/msgca/20260601_loss_ablation/runs/r010_topk005_open/checkpoints/msgca_epoch_18.pt,same_comp_2025,2025-06-02,2025-06-13,2025-06-03,2025-06-13,9,10,3,weighted,0.25,1.5,0.5,0.75,0.0,0.0,True,True,-0.034178818895704,-0.0475632802985971,0.013384461402893,-6.268365296219771,-0.0403265637175183,0.6444444444444444,,,,,,,,,0,,,,
r010_topk005_open,0.1,19,/data/jiaxuanLin/AItrader/data/experiments/msgca/20260601_loss_ablation/runs/r010_topk005_open/checkpoints/msgca_epoch_19.pt,same_comp_2025,2025-06-02,2025-06-13,2025-06-03,2025-06-13,9,10,3,weighted,0.25,1.5,0.5,0.75,0.0,0.0,True,True,-0.0387380114165638,-0.0521224728194569,0.013384461402893,-9.814928579163912,-0.0377904736157544,0.6444444444444444,,,,,,,,,0,,,,
r010_topk005_open,0.1,20,/data/jiaxuanLin/AItrader/data/experiments/msgca/20260601_loss_ablation/runs/r010_topk005_open/checkpoints/msgca_epoch_20.pt,same_comp_2025,2025-06-02,2025-06-13,2025-06-03,2025-06-13,9,10,3,weighted,0.25,1.5,0.5,0.75,0.0,0.0,True,True,-0.0300699654107342,-0.0434544268136273,0.013384461402893,-10.254754170839949,-0.0280915096997086,0.6444444444444444,,,,,,,,,0,,,,
r020_topk005_open,0.2,1,/data/jiaxuanLin/AItrader/data/experiments/msgca/20260601_loss_ablation/runs/r020_topk005_open/checkpoints/msgca_epoch_1.pt,val2026_strict,2026-01-01,2026-05-20,2026-01-05,2026-05-20,88,10,3,weighted,0.25,1.5,0.5,0.75,0.0,0.0,True,True,-0.0123131755933398,-0.1313078884229297,0.1189947128295898,-0.0595713765830454,-0.1150822124045218,0.6045454545454544,-0.0094786388630122,-0.0193826326506569,-0.0138375886197134,0.3164556962025316,-0.0560201585404788,0.0099039937876447,0.6582278481012658,-0.0387931532527837,5,0.0016100424517724,-0.0141694860754621,-0.0270245823513225,0.2
r020_topk005_open,0.2,2,/data/jiaxuanLin/AItrader/data/experiments/msgca/20260601_loss_ablation/runs/r020_topk005_open/checkpoints/msgca_epoch_2.pt,val2026_strict,2026-01-01,2026-05-20,2026-01-05,2026-05-20,88,10,3,weighted,0.25,1.5,0.5,0.75,0.0,0.0,True,True,-0.0090773668335327,-0.1280720796631226,0.1189947128295898,0.0072982231635319,-0.1300986894695767,0.6045454545454544,-0.0073092579531944,-0.0172132517408392,-0.0033579763423893,0.4556962025316455,-0.0918526655752195,0.0099039937876447,0.6582278481012658,-0.0327580889880599,5,-0.0073739877464125,0.0043407800507685,-0.0183986501780296,0.6
r020_topk005_open,0.2,3,/data/jiaxuanLin/AItrader/data/experiments/msgca/20260601_loss_ablation/runs/r020_topk005_open/checkpoints/msgca_epoch_3.pt,val2026_strict,2026-01-01,2026-05-20,2026-01-05,2026-05-20,88,10,3,weighted,0.25,1.5,0.5,0.75,0.0,0.0,True,True,-0.0740985378091827,-0.1930932506387725,0.1189947128295898,-0.9604050551959168,-0.1440440978994985,0.6045454545454544,-0.0089121042226612,-0.018816098010306,-0.01013945544882,0.3544303797468354,-0.0669227436743639,0.0099039937876447,0.6582278481012658,-0.0387531561096053,5,0.010545168830742,0.0195240380310346,-0.0071179295656763,0.8
r020_topk005_open,0.2,4,/data/jiaxuanLin/AItrader/data/experiments/msgca/20260601_loss_ablation/runs/r020_topk005_open/checkpoints/msgca_epoch_4.pt,val2026_strict,2026-01-01,2026-05-20,2026-01-05,2026-05-20,88,10,3,weighted,0.25,1.5,0.5,0.75,0.0,0.0,True,True,0.0284094403071069,-0.0905852725224829,0.1189947128295898,0.4716339312017586,-0.106820630667316,0.6045454545454544,-0.0002954276043537,-0.0101994213919985,-0.0035986428743979,0.4936708860759494,-0.0702217643052237,0.0099039937876447,0.6582278481012658,-0.0228950328401396,5,-0.0283465643828845,0.0025376441560677,-0.0283465643828845,0.6
r020_topk005_open,0.2,5,/data/jiaxuanLin/AItrader/data/experiments/msgca/20260601_loss_ablation/runs/r020_topk005_open/checkpoints/msgca_epoch_5.pt,val2026_strict,2026-01-01,2026-05-20,2026-01-05,2026-05-20,88,10,3,weighted,0.25,1.5,0.5,0.75,0.0,0.0,True,True,0.0617001520881053,-0.0572945607414845,0.1189947128295898,0.8568330135622645,-0.1015300383840516,0.6045454545454544,0.0080451505641893,-0.0018588432234554,0.0004040220037324,0.5063291139240507,-0.0723208936685131,0.0099039937876447,0.6582278481012658,0.0009819166715923,5,0.004117085610624,0.0637573194925716,0.004117085610624,1.0
r020_topk005_open,0.2,6,/data/jiaxuanLin/AItrader/data/experiments/msgca/20260601_loss_ablation/runs/r020_topk005_open/checkpoints/msgca_epoch_6.pt,val2026_strict,2026-01-01,2026-05-20,2026-01-05,2026-05-20,88,10,3,weighted,0.25,1.5,0.5,0.75,0.0,0.0,True,True,0.0439579992536847,-0.0750367135759051,0.1189947128295898,0.6578760798596321,-0.0984149679204503,0.6045454545454544,0.0123230929907416,0.0024190992030968,0.0057225563354599,0.5569620253164557,-0.0677572868246422,0.0099039937876447,0.6582278481012658,-0.0083897555620601,5,-0.0180657771232836,0.0206846737121783,-0.0180657771232836,0.6
r020_topk005_open,0.2,7,/data/jiaxuanLin/AItrader/data/experiments/msgca/20260601_loss_ablation/runs/r020_topk005_open/checkpoints/msgca_epoch_7.pt,val2026_strict,2026-01-01,2026-05-20,2026-01-05,2026-05-20,88,10,3,weighted,0.25,1.5,0.5,0.75,0.0,0.0,True,True,-0.0239553165467514,-0.1429500293763412,0.1189947128295898,-0.1482173987513838,-0.1211476317745887,0.6045454545454544,0.0060960283888229,-0.0038079653988218,0.0052330298679841,0.5443037974683544,-0.0723800548493224,0.0099039937876447,0.6582278481012658,-0.0222158177531907,5,-0.0578672299332917,0.0158446880476307,-0.0578672299332917,0.6
r020_topk005_open,0.2,8,/data/jiaxuanLin/AItrader/data/experiments/msgca/20260601_loss_ablation/runs/r020_topk005_open/checkpoints/msgca_epoch_8.pt,val2026_strict,2026-01-01,2026-05-20,2026-01-05,2026-05-20,88,10,3,weighted,0.25,1.5,0.5,0.75,0.0,0.0,True,True,-0.0029071616229118,-0.1219018744525016,0.1189947128295898,0.1655112934748345,-0.1347340699053116,0.6045454545454544,0.0178279750132337,0.0079239812255889,0.024555345216493,0.6455696202531646,-0.1064788002114061,0.0099039937876447,0.6582278481012658,0.0018593966488845,5,-0.0012433927196764,0.0792999434535892,-0.0012433927196764,0.8
r020_topk005_open,0.2,9,/data/jiaxuanLin/AItrader/data/experiments/msgca/20260601_loss_ablation/runs/r020_topk005_open/checkpoints/msgca_epoch_9.pt,val2026_strict,2026-01-01,2026-05-20,2026-01-05,2026-05-20,88,10,3,weighted,0.25,1.5,0.5,0.75,0.0,0.0,True,True,-0.0262034474255117,-0.1451981602551015,0.1189947128295898,-0.0323092506459362,-0.2149611701123249,0.6045454545454544,0.0056786257217709,-0.0042253680658738,-0.0021576637263575,0.4810126582278481,-0.1215024706720474,0.0099039937876447,0.6582278481012658,-0.0227295242407286,5,-0.0240071307443505,0.0556644612212124,-0.0240071307443505,0.8
r020_topk005_open,0.2,10,/data/jiaxuanLin/AItrader/data/experiments/msgca/20260601_loss_ablation/runs/r020_topk005_open/checkpoints/msgca_epoch_10.pt,val2026_strict,2026-01-01,2026-05-20,2026-01-05,2026-05-20,88,10,3,weighted,0.25,1.5,0.5,0.75,0.0,0.0,True,True,-0.0163114748011639,-0.1353061876307537,0.1189947128295898,0.0408405954217386,-0.2176432667868372,0.6045454545454544,0.0065485459131508,-0.0033554478744938,-0.0085608733243786,0.4683544303797468,-0.1045261045772504,0.0099039937876447,0.6582278481012658,-0.0159799495276071,5,0.0020896461566133,0.0783713143866524,0.0020896461566133,1.0
r020_topk005_open,0.2,11,/data/jiaxuanLin/AItrader/data/experiments/msgca/20260601_loss_ablation/runs/r020_topk005_open/checkpoints/msgca_epoch_11.pt,val2026_strict,2026-01-01,2026-05-20,2026-01-05,2026-05-20,88,10,3,weighted,0.25,1.5,0.5,0.75,0.0,0.0,True,True,0.1935805717116561,0.0745858588820662,0.1189947128295898,1.418270913801068,-0.1875549416501978,0.6045454545454544,0.0213668527985498,0.011462859010905,0.0151823067645728,0.5569620253164557,-0.1170682889348518,0.0099039937876447,0.6582278481012658,0.0244385369722856,5,0.0248729040090625,0.1079085327810936,0.0248729040090625,1.0
r020_topk005_open,0.2,12,/data/jiaxuanLin/AItrader/data/experiments/msgca/20260601_loss_ablation/runs/r020_topk005_open/checkpoints/msgca_epoch_12.pt,val2026_strict,2026-01-01,2026-05-20,2026-01-05,2026-05-20,88,10,3,weighted,0.25,1.5,0.5,0.75,0.0,0.0,True,True,0.2131658915484107,0.0941711787188208,0.1189947128295898,2.399084055369823,-0.0880881533193824,0.6045454545454544,0.0217733182587997,0.0118693244711549,0.0285231026480061,0.7215189873417721,-0.0866216858113396,0.0099039937876447,0.6582278481012658,0.0217423070977344,5,0.0134257473441428,0.0420262675222986,0.0134257473441428,1.0
r020_topk005_open,0.2,13,/data/jiaxuanLin/AItrader/data/experiments/msgca/20260601_loss_ablation/runs/r020_topk005_open/checkpoints/msgca_epoch_13.pt,val2026_strict,2026-01-01,2026-05-20,2026-01-05,2026-05-20,88,10,3,weighted,0.25,1.5,0.5,0.75,0.0,0.0,True,True,0.1735290325321212,0.0545343197025314,0.1189947128295898,1.7831469019040542,-0.1169774185067927,0.6045454545454544,0.0203981809000289,0.0104941871123841,0.0264182768838421,0.6582278481012658,-0.100431872629956,0.0099039937876447,0.6582278481012658,0.0120183723938154,5,-0.0206156181018849,0.0360979261470182,-0.0206156181018849,0.8
r020_topk005_open,0.2,14,/data/jiaxuanLin/AItrader/data/experiments/msgca/20260601_loss_ablation/runs/r020_topk005_open/checkpoints/msgca_epoch_14.pt,val2026_strict,2026-01-01,2026-05-20,2026-01-05,2026-05-20,88,10,3,weighted,0.25,1.5,0.5,0.75,0.0,0.0,True,True,0.1430193047762296,0.0240245919466397,0.1189947128295898,1.9332064442715169,-0.0833717406460045,0.6045454545454544,0.0167149042811502,0.0068109104935054,0.0157709451660259,0.6455696202531646,-0.0720426892183452,0.0099039937876447,0.6582278481012658,0.0046959008237814,5,-0.0081312642127221,0.0141791975003809,-0.0081312642127221,0.8
r020_topk005_open,0.2,15,/data/jiaxuanLin/AItrader/data/experiments/msgca/20260601_loss_ablation/runs/r020_topk005_open/checkpoints/msgca_epoch_15.pt,val2026_strict,2026-01-01,2026-05-20,2026-01-05,2026-05-20,88,10,3,weighted,0.25,1.5,0.5,0.75,0.0,0.0,True,True,0.1134970012980272,-0.0054977115315626,0.1189947128295898,1.6984363467186523,-0.1034836661552777,0.6045454545454544,0.0090305263703116,-0.0008734674173331,0.0136119809074537,0.6835443037974683,-0.0981863854391865,0.0099039937876447,0.6582278481012658,-0.0028399017323286,5,0.0226859463405251,0.0192763229330035,0.0040329571780375,1.0
r020_topk005_open,0.2,16,/data/jiaxuanLin/AItrader/data/experiments/msgca/20260601_loss_ablation/runs/r020_topk005_open/checkpoints/msgca_epoch_16.pt,val2026_strict,2026-01-01,2026-05-20,2026-01-05,2026-05-20,88,10,3,weighted,0.25,1.5,0.5,0.75,0.0,0.0,True,True,-0.050209548247181,-0.1692042610767709,0.1189947128295898,-0.7781786416402366,-0.1259055698601296,0.6045454545454544,-0.0032632230642664,-0.0131672168519112,-0.0036913473632252,0.4430379746835443,-0.0712448509281304,0.0099039937876447,0.6582278481012658,-0.0361257716758678,5,-0.0151881379383519,-0.0027492736205001,-0.0180901272886534,0.4
r020_topk005_open,0.2,17,/data/jiaxuanLin/AItrader/data/experiments/msgca/20260601_loss_ablation/runs/r020_topk005_open/checkpoints/msgca_epoch_17.pt,val2026_strict,2026-01-01,2026-05-20,2026-01-05,2026-05-20,88,10,3,weighted,0.25,1.5,0.5,0.75,0.0,0.0,True,True,0.0058409218632957,-0.113153790966294,0.1189947128295898,0.1847141501385135,-0.0779501808651654,0.6045454545454544,-0.0019742437761169,-0.0118782375637617,-0.0014375591402265,0.4810126582278481,-0.0627160931273412,0.0099039937876447,0.6582278481012658,-0.0215884620942395,5,0.0008155221493226,0.0094428792881352,0.0008155221493226,1.0
r020_topk005_open,0.2,18,/data/jiaxuanLin/AItrader/data/experiments/msgca/20260601_loss_ablation/runs/r020_topk005_open/checkpoints/msgca_epoch_18.pt,val2026_strict,2026-01-01,2026-05-20,2026-01-05,2026-05-20,88,10,3,weighted,0.25,1.5,0.5,0.75,0.0,0.0,True,True,0.0419137109617266,-0.0770810018678631,0.1189947128295898,0.7769030217853139,-0.0838724097583034,0.6045454545454544,0.0052873491403456,-0.0046166446472991,0.0077598266184015,0.620253164556962,-0.0743438196737289,0.0099039937876447,0.6582278481012658,-0.0131719066037171,5,-0.0313784103588915,0.0095037524987256,-0.0313784103588915,0.6
r020_topk005_open,0.2,19,/data/jiaxuanLin/AItrader/data/experiments/msgca/20260601_loss_ablation/runs/r020_topk005_open/checkpoints/msgca_epoch_19.pt,val2026_strict,2026-01-01,2026-05-20,2026-01-05,2026-05-20,88,10,3,weighted,0.25,1.5,0.5,0.75,0.0,0.0,True,True,0.1266486353181726,0.0076539224885827,0.1189947128295898,2.137663023013208,-0.0830895533710762,0.6045454545454544,0.0105546814584618,0.000650687670817,0.0105845606159662,0.6329113924050633,-0.096971938826929,0.0099039937876447,0.6582278481012658,0.0121344221066361,5,0.0755380755689396,0.0644274948288898,0.0193561764374721,1.0
r020_topk005_open,0.2,20,/data/jiaxuanLin/AItrader/data/experiments/msgca/20260601_loss_ablation/runs/r020_topk005_open/checkpoints/msgca_epoch_20.pt,val2026_strict,2026-01-01,2026-05-20,2026-01-05,2026-05-20,88,10,3,weighted,0.25,1.5,0.5,0.75,0.0,0.0,True,True,0.1141339824583163,-0.0048607303712735,0.1189947128295898,1.9214810155642943,-0.0561180045680493,0.6045454545454544,0.009859383469791,-4.461031785371085e-05,0.0086710323605769,0.620253164556962,-0.0586021194161336,0.0099039937876447,0.6582278481012658,0.0073216973095478,5,0.0199084757744472,0.0414298219522683,0.0199084757744472,1.0
r030_topk005_open,0.3,1,/data/jiaxuanLin/AItrader/data/experiments/msgca/20260601_loss_ablation/runs/r030_topk005_open/checkpoints/msgca_epoch_1.pt,val2026_strict,2026-01-01,2026-05-20,2026-01-05,2026-05-20,88,10,3,weighted,0.25,1.5,0.5,0.75,0.0,0.0,True,True,-0.2509397297376976,-0.3699344425672874,0.1189947128295898,-2.992268243034684,-0.2523343005818018,0.6045454545454544,-0.0296253020408324,-0.0395292958284772,-0.0279226875767275,0.2025316455696202,-0.1178115601770705,0.0099039937876447,0.6582278481012658,-0.0954481841298692,5,-0.0485995097298436,-0.0415585316386282,-0.0628398495324882,0.0
r030_topk005_open,0.3,2,/data/jiaxuanLin/AItrader/data/experiments/msgca/20260601_loss_ablation/runs/r030_topk005_open/checkpoints/msgca_epoch_2.pt,val2026_strict,2026-01-01,2026-05-20,2026-01-05,2026-05-20,88,10,3,weighted,0.25,1.5,0.5,0.75,0.0,0.0,True,True,-0.1767442129373798,-0.2957389257669697,0.1189947128295898,-2.5357431898343594,-0.1959556380770953,0.6045454545454544,-0.0204950170020188,-0.0303990107896636,-0.0234973289899596,0.2531645569620253,-0.0815166838224934,0.0099039937876447,0.6582278481012658,-0.0726046555641351,5,-0.0257611576859968,-0.0245260326387875,-0.0459627923343261,0.0
r030_topk005_open,0.3,3,/data/jiaxuanLin/AItrader/data/experiments/msgca/20260601_loss_ablation/runs/r030_topk005_open/checkpoints/msgca_epoch_3.pt,val2026_strict,2026-01-01,2026-05-20,2026-01-05,2026-05-20,88,10,3,weighted,0.25,1.5,0.5,0.75,0.0,0.0,True,True,-0.0604436930685601,-0.1794384058981499,0.1189947128295898,-0.7406806185846312,-0.1304819187461453,0.6045454545454544,-0.008522560275728,-0.0184265540633728,-0.0154359205145351,0.3417721518987341,-0.0693605842856935,0.0099039937876447,0.6582278481012658,-0.048066875232914,5,-0.027255388717889,-0.028968315589119,-0.0390992443428308,0.0
r030_topk005_open,0.3,4,/data/jiaxuanLin/AItrader/data/experiments/msgca/20260601_loss_ablation/runs/r030_topk005_open/checkpoints/msgca_epoch_4.pt,val2026_strict,2026-01-01,2026-05-20,2026-01-05,2026-05-20,88,10,3,weighted,0.25,1.5,0.5,0.75,0.0,0.0,True,True,-0.0509843532165278,-0.1699790660461176,0.1189947128295898,-0.6564228251479992,-0.1130686699623898,0.6045454545454544,-0.0091841406474967,-0.0190881344351415,-0.0137565914231536,0.3670886075949367,-0.0657538353087802,0.0099039937876447,0.6582278481012658,-0.0416985736721048,5,-0.0302744483223412,-0.0138013262101545,-0.0302744483223412,0.2
r030_topk005_open,0.3,5,/data/jiaxuanLin/AItrader/data/experiments/msgca/20260601_loss_ablation/runs/r030_topk005_open/checkpoints/msgca_epoch_5.pt,val2026_strict,2026-01-01,2026-05-20,2026-01-05,2026-05-20,88,10,3,weighted,0.25,1.5,0.5,0.75,0.0,0.0,True,True,-0.1937424290658808,-0.3127371418954706,0.1189947128295898,-3.4095991544850515,-0.2079993552455716,0.6045454545454544,-0.0198237265218812,-0.029727720309526,-0.023069818866822,0.2025316455696202,-0.056540924493453,0.0099039937876447,0.6582278481012658,-0.0796451856926061,5,-0.0536962044332859,-0.0405229024344873,-0.0536962044332859,0.0
r030_topk005_open,0.3,6,/data/jiaxuanLin/AItrader/data/experiments/msgca/20260601_loss_ablation/runs/r030_topk005_open/checkpoints/msgca_epoch_6.pt,val2026_strict,2026-01-01,2026-05-20,2026-01-05,2026-05-20,88,10,3,weighted,0.25,1.5,0.5,0.75,0.0,0.0,True,True,-0.0815613757453451,-0.200556088574935,0.1189947128295898,-1.1508415460288002,-0.085558408421312,0.6045454545454544,-0.005197580780632,-0.0151015745682768,-0.0077908062529684,0.3670886075949367,-0.0611735871688056,0.0099039937876447,0.6582278481012658,-0.0432864034552145,5,-0.0611735871688056,-0.0276963726545996,-0.0611735871688056,0.0
r030_topk005_open,0.3,7,/data/jiaxuanLin/AItrader/data/experiments/msgca/20260601_loss_ablation/runs/r030_topk005_open/checkpoints/msgca_epoch_7.pt,val2026_strict,2026-01-01,2026-05-20,2026-01-05,2026-05-20,88,10,3,weighted,0.25,1.5,0.5,0.75,0.0,0.0,True,True,0.0068230899391532,-0.1121716228904365,0.1189947128295898,0.1984925441983293,-0.0889510489259935,0.6045454545454544,0.0033518382024555,-0.0065521555851892,0.0062361614352615,0.5822784810126582,-0.067170591808488,0.0099039937876447,0.6582278481012658,-0.0163525619441791,5,-0.0079031861429068,0.0186259466181132,-0.0079031861429068,0.8
r030_topk005_open,0.3,8,/data/jiaxuanLin/AItrader/data/experiments/msgca/20260601_loss_ablation/runs/r030_topk005_open/checkpoints/msgca_epoch_8.pt,val2026_strict,2026-01-01,2026-05-20,2026-01-05,2026-05-20,88,10,3,weighted,0.25,1.5,0.5,0.75,0.0,0.0,True,True,-0.0519310993927347,-0.1709258122223246,0.1189947128295898,-0.677721750605797,-0.0873311451345297,0.6045454545454544,-0.0013414479755015,-0.0112454417631463,0.0003678905229331,0.5189873417721519,-0.0630577441040231,0.0099039937876447,0.6582278481012658,-0.035102261154568,5,-0.0287975835023641,-0.0206622608461463,-0.0471220128092202,0.2
r030_topk005_open,0.3,9,/data/jiaxuanLin/AItrader/data/experiments/msgca/20260601_loss_ablation/runs/r030_topk005_open/checkpoints/msgca_epoch_9.pt,val2026_strict,2026-01-01,2026-05-20,2026-01-05,2026-05-20,88,10,3,weighted,0.25,1.5,0.5,0.75,0.0,0.0,True,True,-0.1336018174551282,-0.252596530284718,0.1189947128295898,-1.2996581035068715,-0.1819892582875693,0.6045454545454544,-0.011040141282371,-0.0209441350700158,-0.0004402392075274,0.4936708860759494,-0.1539840705551791,0.0099039937876447,0.6582278481012658,-0.053511749529182,5,-0.0140986989689343,-0.0014188983554686,-0.0379798457806795,0.6
r030_topk005_open,0.3,10,/data/jiaxuanLin/AItrader/data/experiments/msgca/20260601_loss_ablation/runs/r030_topk005_open/checkpoints/msgca_epoch_10.pt,val2026_strict,2026-01-01,2026-05-20,2026-01-05,2026-05-20,88,10,3,weighted,0.25,1.5,0.5,0.75,0.0,0.0,True,True,-0.0643860133758946,-0.1833807262054845,0.1189947128295898,-0.5915400347158856,-0.1680118918294428,0.6045454545454544,-0.007776963874333,-0.0176809576619778,-0.0166075458548047,0.3544303797468354,-0.107421078534912,0.0099039937876447,0.6582278481012658,-0.0316198160857325,5,0.0673438913942809,0.0512621971588668,0.0319646324736058,1.0
r030_topk005_open,0.3,11,/data/jiaxuanLin/AItrader/data/experiments/msgca/20260601_loss_ablation/runs/r030_topk005_open/checkpoints/msgca_epoch_11.pt,val2026_strict,2026-01-01,2026-05-20,2026-01-05,2026-05-20,88,10,3,weighted,0.25,1.5,0.5,0.75,0.0,0.0,True,True,-0.1090211544169008,-0.2280158672464907,0.1189947128295898,-1.0514935950733495,-0.2277017815594411,0.6045454545454544,-0.0141017155465166,-0.0240057093341614,-0.0145084837682962,0.379746835443038,-0.1479795289089616,0.0099039937876447,0.6582278481012658,-0.0451706552225216,5,-0.0149554599961483,0.0516906483710675,-0.0149554599961483,0.8
r030_topk005_open,0.3,12,/data/jiaxuanLin/AItrader/data/experiments/msgca/20260601_loss_ablation/runs/r030_topk005_open/checkpoints/msgca_epoch_12.pt,val2026_strict,2026-01-01,2026-05-20,2026-01-05,2026-05-20,88,10,3,weighted,0.25,1.5,0.5,0.75,0.0,0.0,True,True,-0.1366753183406986,-0.2556700311702885,0.1189947128295898,-1.1594285591461064,-0.2744465587305317,0.6045454545454544,-0.0062643160991753,-0.0161683098868201,-0.0071089492482657,0.430379746835443,-0.1406120685318213,0.0099039937876447,0.6582278481012658,-0.0370754146827845,5,0.0231914725675821,0.0945635917281243,0.0231914725675821,1.0
r030_topk005_open,0.3,13,/data/jiaxuanLin/AItrader/data/experiments/msgca/20260601_loss_ablation/runs/r030_topk005_open/checkpoints/msgca_epoch_13.pt,val2026_strict,2026-01-01,2026-05-20,2026-01-05,2026-05-20,88,10,3,weighted,0.25,1.5,0.5,0.75,0.0,0.0,True,True,-0.2169661825778804,-0.3359608954074703,0.1189947128295898,-2.2859492681939817,-0.3162441705967799,0.6045454545454544,-0.0256307355530197,-0.0355347293406645,-0.0232210287671873,0.3670886075949367,-0.1837156610912605,0.0099039937876447,0.6582278481012658,-0.0687903897896157,5,0.0356769385932704,0.0616768501102494,0.0356769385932704,1.0
r030_topk005_open,0.3,14,/data/jiaxuanLin/AItrader/data/experiments/msgca/20260601_loss_ablation/runs/r030_topk005_open/checkpoints/msgca_epoch_14.pt,val2026_strict,2026-01-01,2026-05-20,2026-01-05,2026-05-20,88,10,3,weighted,0.25,1.5,0.5,0.75,0.0,0.0,True,True,-0.1008345702845137,-0.2198292831141035,0.1189947128295898,-0.8552952213492593,-0.2507808873640152,0.6045454545454544,-0.0070876631218488,-0.0169916569094936,-0.0032645168309139,0.4683544303797468,-0.1405787677933661,0.0099039937876447,0.6582278481012658,-0.0402215284154825,5,0.019960096500782,0.0584689451363612,0.019960096500782,1.0
r030_topk005_open,0.3,15,/data/jiaxuanLin/AItrader/data/experiments/msgca/20260601_loss_ablation/runs/r030_topk005_open/checkpoints/msgca_epoch_15.pt,val2026_strict,2026-01-01,2026-05-20,2026-01-05,2026-05-20,88,10,3,weighted,0.25,1.5,0.5,0.75,0.0,0.0,True,True,-0.0511703676523757,-0.1701650804819655,0.1189947128295898,-0.4276980411851231,-0.1994464211199719,0.6045454545454544,-0.0048783284094586,-0.0147823221971033,0.0024987865168115,0.5443037974683544,-0.1035345749994961,0.0099039937876447,0.6582278481012658,-0.0314279682836044,5,0.0080057452433055,0.0453452070625983,0.0080057452433055,1.0
r030_topk005_open,0.3,16,/data/jiaxuanLin/AItrader/data/experiments/msgca/20260601_loss_ablation/runs/r030_topk005_open/checkpoints/msgca_epoch_16.pt,val2026_strict,2026-01-01,2026-05-20,2026-01-05,2026-05-20,88,10,3,weighted,0.25,1.5,0.5,0.75,0.0,0.0,True,True,-0.1624015646712776,-0.2813962775008675,0.1189947128295898,-2.2497224144381804,-0.2533777691659415,0.6045454545454544,-0.0223050115605068,-0.0322090053481516,-0.0249708858932751,0.3924050632911392,-0.1264133052239578,0.0099039937876447,0.6582278481012658,-0.06864738893337,5,-0.0376552714381606,0.0069471947888797,-0.0376552714381606,0.6
r030_topk005_open,0.3,17,/data/jiaxuanLin/AItrader/data/experiments/msgca/20260601_loss_ablation/runs/r030_topk005_open/checkpoints/msgca_epoch_17.pt,val2026_strict,2026-01-01,2026-05-20,2026-01-05,2026-05-20,88,10,3,weighted,0.25,1.5,0.5,0.75,0.0,0.0,True,True,-0.0593685253390342,-0.1783632381686241,0.1189947128295898,-1.0065961308682931,-0.1468489598528939,0.6045454545454544,-0.0093784217265683,-0.019282415514213,-0.0052928273549338,0.430379746835443,-0.1026680156492686,0.0099039937876447,0.6582278481012658,-0.0400045039533782,5,-0.0169741640694074,0.0077365102742931,-0.0169741640694074,0.6
r030_topk005_open,0.3,18,/data/jiaxuanLin/AItrader/data/experiments/msgca/20260601_loss_ablation/runs/r030_topk005_open/checkpoints/msgca_epoch_18.pt,val2026_strict,2026-01-01,2026-05-20,2026-01-05,2026-05-20,88,10,3,weighted,0.25,1.5,0.5,0.75,0.0,0.0,True,True,-0.0625084975158362,-0.181503210345426,0.1189947128295898,-1.166978874478037,-0.1567565864823854,0.6045454545454544,-0.0114704282953142,-0.021374422082959,-0.0158075853090488,0.3164556962025316,-0.0783588083932214,0.0099039937876447,0.6582278481012658,-0.0487393695409031,5,-0.0348275983996351,-0.0128245360767313,-0.0348275983996351,0.2
r030_topk005_open,0.3,19,/data/jiaxuanLin/AItrader/data/experiments/msgca/20260601_loss_ablation/runs/r030_topk005_open/checkpoints/msgca_epoch_19.pt,val2026_strict,2026-01-01,2026-05-20,2026-01-05,2026-05-20,88,10,3,weighted,0.25,1.5,0.5,0.75,0.0,0.0,True,True,-0.0810665255750932,-0.200061238404683,0.1189947128295898,-1.697414492866367,-0.1876790878308323,0.6045454545454544,-0.0113644474146999,-0.0212684412023447,-0.0089120754423573,0.379746835443038,-0.0953101774142189,0.0099039937876447,0.6582278481012658,-0.0528605692311229,5,-0.0581522600983761,-0.0122819265815008,-0.0581522600983761,0.2
r030_topk005_open,0.3,20,/data/jiaxuanLin/AItrader/data/experiments/msgca/20260601_loss_ablation/runs/r030_topk005_open/checkpoints/msgca_epoch_20.pt,val2026_strict,2026-01-01,2026-05-20,2026-01-05,2026-05-20,88,10,3,weighted,0.25,1.5,0.5,0.75,0.0,0.0,True,True,-0.0477820921483911,-0.1667768049779809,0.1189947128295898,-0.754135596018158,-0.155963267344011,0.6045454545454544,-0.0075937688498207,-0.0174977626374655,-0.0096027059485449,0.430379746835443,-0.0808393869848945,0.0099039937876447,0.6582278481012658,-0.0399347520193462,5,-0.0526551982628057,0.003100431401766,-0.0526551982628057,0.6
r020_topk005_open,0.2,1,/data/jiaxuanLin/AItrader/data/experiments/msgca/20260601_loss_ablation/runs/r020_topk005_open/checkpoints/msgca_epoch_1.pt,hold2026_recent,2026-05-21,2026-05-31,2026-05-21,2026-05-28,6,10,3,weighted,0.25,1.5,0.5,0.75,0.0,0.0,True,True,-0.0709265030301544,-0.0288583792127106,-0.0420681238174438,-22.305666749947253,-0.0592263229482217,0.6666666666666666,,,,,,,,,0,,,,
r020_topk005_open,0.2,2,/data/jiaxuanLin/AItrader/data/experiments/msgca/20260601_loss_ablation/runs/r020_topk005_open/checkpoints/msgca_epoch_2.pt,hold2026_recent,2026-05-21,2026-05-31,2026-05-21,2026-05-28,6,10,3,weighted,0.25,1.5,0.5,0.75,0.0,0.0,True,True,0.0240830347453433,0.0661511585627872,-0.0420681238174438,6.651132237910188,-0.0059994878950715,0.6666666666666666,,,,,,,,,0,,,,
r020_topk005_open,0.2,3,/data/jiaxuanLin/AItrader/data/experiments/msgca/20260601_loss_ablation/runs/r020_topk005_open/checkpoints/msgca_epoch_3.pt,hold2026_recent,2026-05-21,2026-05-31,2026-05-21,2026-05-28,6,10,3,weighted,0.25,1.5,0.5,0.75,0.0,0.0,True,True,0.0032074476336845,0.0452755714511283,-0.0420681238174438,0.8266877917136627,-0.0060523535039073,0.6666666666666666,,,,,,,,,0,,,,
r020_topk005_open,0.2,4,/data/jiaxuanLin/AItrader/data/experiments/msgca/20260601_loss_ablation/runs/r020_topk005_open/checkpoints/msgca_epoch_4.pt,hold2026_recent,2026-05-21,2026-05-31,2026-05-21,2026-05-28,6,10,3,weighted,0.25,1.5,0.5,0.75,0.0,0.0,True,True,0.023548933905132,0.0656170577225758,-0.0420681238174438,4.251791961427281,-0.006628305721581,0.6666666666666666,,,,,,,,,0,,,,
r020_topk005_open,0.2,5,/data/jiaxuanLin/AItrader/data/experiments/msgca/20260601_loss_ablation/runs/r020_topk005_open/checkpoints/msgca_epoch_5.pt,hold2026_recent,2026-05-21,2026-05-31,2026-05-21,2026-05-28,6,10,3,weighted,0.25,1.5,0.5,0.75,0.0,0.0,True,True,0.0109284958806521,0.0529966196980959,-0.0420681238174438,2.0337543098826503,-0.0130288843819839,0.6666666666666666,,,,,,,,,0,,,,
r020_topk005_open,0.2,6,/data/jiaxuanLin/AItrader/data/experiments/msgca/20260601_loss_ablation/runs/r020_topk005_open/checkpoints/msgca_epoch_6.pt,hold2026_recent,2026-05-21,2026-05-31,2026-05-21,2026-05-28,6,10,3,weighted,0.25,1.5,0.5,0.75,0.0,0.0,True,True,0.0159752816251521,0.058043405442596,-0.0420681238174438,2.202645021063415,-0.0183385070096516,0.6666666666666666,,,,,,,,,0,,,,
r020_topk005_open,0.2,7,/data/jiaxuanLin/AItrader/data/experiments/msgca/20260601_loss_ablation/runs/r020_topk005_open/checkpoints/msgca_epoch_7.pt,hold2026_recent,2026-05-21,2026-05-31,2026-05-21,2026-05-28,6,10,3,weighted,0.25,1.5,0.5,0.75,0.0,0.0,True,True,0.0176420303753952,0.059710154192839,-0.0420681238174438,3.058892793456581,-0.0118779615271091,0.6666666666666666,,,,,,,,,0,,,,
r020_topk005_open,0.2,8,/data/jiaxuanLin/AItrader/data/experiments/msgca/20260601_loss_ablation/runs/r020_topk005_open/checkpoints/msgca_epoch_8.pt,hold2026_recent,2026-05-21,2026-05-31,2026-05-21,2026-05-28,6,10,3,weighted,0.25,1.5,0.5,0.75,0.0,0.0,True,True,-0.0265244541745586,0.0155436696428852,-0.0420681238174438,-3.5529826102571955,-0.0114629409209273,0.6666666666666666,,,,,,,,,0,,,,
r020_topk005_open,0.2,9,/data/jiaxuanLin/AItrader/data/experiments/msgca/20260601_loss_ablation/runs/r020_topk005_open/checkpoints/msgca_epoch_9.pt,hold2026_recent,2026-05-21,2026-05-31,2026-05-21,2026-05-28,6,10,3,weighted,0.25,1.5,0.5,0.75,0.0,0.0,True,True,-0.0480928889686917,-0.0060247651512479,-0.0420681238174438,-5.698514117476127,-0.0444822164093321,0.6666666666666666,,,,,,,,,0,,,,
r020_topk005_open,0.2,10,/data/jiaxuanLin/AItrader/data/experiments/msgca/20260601_loss_ablation/runs/r020_topk005_open/checkpoints/msgca_epoch_10.pt,hold2026_recent,2026-05-21,2026-05-31,2026-05-21,2026-05-28,6,10,3,weighted,0.25,1.5,0.5,0.75,0.0,0.0,True,True,-0.038751936981634,0.0033161868358098,-0.0420681238174438,-3.888175128119344,-0.0481542687958429,0.6666666666666666,,,,,,,,,0,,,,
r020_topk005_open,0.2,11,/data/jiaxuanLin/AItrader/data/experiments/msgca/20260601_loss_ablation/runs/r020_topk005_open/checkpoints/msgca_epoch_11.pt,hold2026_recent,2026-05-21,2026-05-31,2026-05-21,2026-05-28,6,10,3,weighted,0.25,1.5,0.5,0.75,0.0,0.0,True,True,0.0357705738318252,0.0778386976492691,-0.0420681238174438,3.693080042732325,-0.026570856641531,0.6666666666666666,,,,,,,,,0,,,,
r020_topk005_open,0.2,12,/data/jiaxuanLin/AItrader/data/experiments/msgca/20260601_loss_ablation/runs/r020_topk005_open/checkpoints/msgca_epoch_12.pt,hold2026_recent,2026-05-21,2026-05-31,2026-05-21,2026-05-28,6,10,3,weighted,0.25,1.5,0.5,0.75,0.0,0.0,True,True,-0.01981962277733,0.0222485010401137,-0.0420681238174438,-3.089183034915084,-0.0254141614860228,0.6666666666666666,,,,,,,,,0,,,,
r020_topk005_open,0.2,13,/data/jiaxuanLin/AItrader/data/experiments/msgca/20260601_loss_ablation/runs/r020_topk005_open/checkpoints/msgca_epoch_13.pt,hold2026_recent,2026-05-21,2026-05-31,2026-05-21,2026-05-28,6,10,3,weighted,0.25,1.5,0.5,0.75,0.0,0.0,True,True,-0.0034626623263039,0.0386054614911398,-0.0420681238174438,-0.4771906419227137,-0.0196755676096906,0.6666666666666666,,,,,,,,,0,,,,
r020_topk005_open,0.2,14,/data/jiaxuanLin/AItrader/data/experiments/msgca/20260601_loss_ablation/runs/r020_topk005_open/checkpoints/msgca_epoch_14.pt,hold2026_recent,2026-05-21,2026-05-31,2026-05-21,2026-05-28,6,10,3,weighted,0.25,1.5,0.5,0.75,0.0,0.0,True,True,-0.0345556911796766,0.0075124326377672,-0.0420681238174438,-7.364301952503924,-0.0292260160183015,0.6666666666666666,,,,,,,,,0,,,,
r020_topk005_open,0.2,15,/data/jiaxuanLin/AItrader/data/experiments/msgca/20260601_loss_ablation/runs/r020_topk005_open/checkpoints/msgca_epoch_15.pt,hold2026_recent,2026-05-21,2026-05-31,2026-05-21,2026-05-28,6,10,3,weighted,0.25,1.5,0.5,0.75,0.0,0.0,True,True,-0.0248300316262957,0.0172380921911481,-0.0420681238174438,-4.71275772679365,-0.0247677485316275,0.6666666666666666,,,,,,,,,0,,,,
r020_topk005_open,0.2,16,/data/jiaxuanLin/AItrader/data/experiments/msgca/20260601_loss_ablation/runs/r020_topk005_open/checkpoints/msgca_epoch_16.pt,hold2026_recent,2026-05-21,2026-05-31,2026-05-21,2026-05-28,6,10,3,weighted,0.25,1.5,0.5,0.75,0.0,0.0,True,True,-0.0420952885633145,-2.7164745870722484e-05,-0.0420681238174438,-13.223987003936042,-0.0258085657653267,0.6666666666666666,,,,,,,,,0,,,,
r020_topk005_open,0.2,17,/data/jiaxuanLin/AItrader/data/experiments/msgca/20260601_loss_ablation/runs/r020_topk005_open/checkpoints/msgca_epoch_17.pt,hold2026_recent,2026-05-21,2026-05-31,2026-05-21,2026-05-28,6,10,3,weighted,0.25,1.5,0.5,0.75,0.0,0.0,True,True,-0.0342097743930773,0.0078583494243664,-0.0420681238174438,-8.268770983300785,-0.0302926426754555,0.6666666666666666,,,,,,,,,0,,,,
r020_topk005_open,0.2,18,/data/jiaxuanLin/AItrader/data/experiments/msgca/20260601_loss_ablation/runs/r020_topk005_open/checkpoints/msgca_epoch_18.pt,hold2026_recent,2026-05-21,2026-05-31,2026-05-21,2026-05-28,6,10,3,weighted,0.25,1.5,0.5,0.75,0.0,0.0,True,True,-0.0609928445593932,-0.0189247207419493,-0.0420681238174438,-11.81837136402138,-0.0453808376067847,0.6666666666666666,,,,,,,,,0,,,,
r020_topk005_open,0.2,19,/data/jiaxuanLin/AItrader/data/experiments/msgca/20260601_loss_ablation/runs/r020_topk005_open/checkpoints/msgca_epoch_19.pt,hold2026_recent,2026-05-21,2026-05-31,2026-05-21,2026-05-28,6,10,3,weighted,0.25,1.5,0.5,0.75,0.0,0.0,True,True,0.01332909842452,0.0553972222419638,-0.0420681238174438,2.760163328021241,-0.0196396265386082,0.6666666666666666,,,,,,,,,0,,,,
r020_topk005_open,0.2,20,/data/jiaxuanLin/AItrader/data/experiments/msgca/20260601_loss_ablation/runs/r020_topk005_open/checkpoints/msgca_epoch_20.pt,hold2026_recent,2026-05-21,2026-05-31,2026-05-21,2026-05-28,6,10,3,weighted,0.25,1.5,0.5,0.75,0.0,0.0,True,True,-0.0589716514246754,-0.0169035276072315,-0.0420681238174438,-15.18020016523805,-0.0463302829442832,0.6666666666666666,,,,,,,,,0,,,,
r020_topk005_open,0.2,1,/data/jiaxuanLin/AItrader/data/experiments/msgca/20260601_loss_ablation/runs/r020_topk005_open/checkpoints/msgca_epoch_1.pt,same_calendar_2025,2025-05-21,2025-05-31,2025-05-21,2025-05-30,8,10,3,weighted,0.25,1.5,0.5,0.75,0.0,0.0,True,True,-0.02413860227544,-0.0019077983089178,-0.0222308039665222,-6.782618389540844,-0.0232783187456561,0.6499999999999999,,,,,,,,,0,,,,
r020_topk005_open,0.2,2,/data/jiaxuanLin/AItrader/data/experiments/msgca/20260601_loss_ablation/runs/r020_topk005_open/checkpoints/msgca_epoch_2.pt,same_calendar_2025,2025-05-21,2025-05-31,2025-05-21,2025-05-30,8,10,3,weighted,0.25,1.5,0.5,0.75,0.0,0.0,True,True,-0.0198127487388597,0.0024180552276624,-0.0222308039665222,-5.887697878213717,-0.0261984820436143,0.6499999999999999,,,,,,,,,0,,,,
r020_topk005_open,0.2,3,/data/jiaxuanLin/AItrader/data/experiments/msgca/20260601_loss_ablation/runs/r020_topk005_open/checkpoints/msgca_epoch_3.pt,same_calendar_2025,2025-05-21,2025-05-31,2025-05-21,2025-05-30,8,10,3,weighted,0.25,1.5,0.5,0.75,0.0,0.0,True,True,-0.0094835857407364,0.0127472182257857,-0.0222308039665222,-2.550435750493616,-0.0138308583150255,0.6499999999999999,,,,,,,,,0,,,,
r020_topk005_open,0.2,4,/data/jiaxuanLin/AItrader/data/experiments/msgca/20260601_loss_ablation/runs/r020_topk005_open/checkpoints/msgca_epoch_4.pt,same_calendar_2025,2025-05-21,2025-05-31,2025-05-21,2025-05-30,8,10,3,weighted,0.25,1.5,0.5,0.75,0.0,0.0,True,True,-0.021569410974903,0.0006613929916191,-0.0222308039665222,-6.97108767415066,-0.0120972364298316,0.6499999999999999,,,,,,,,,0,,,,
r020_topk005_open,0.2,5,/data/jiaxuanLin/AItrader/data/experiments/msgca/20260601_loss_ablation/runs/r020_topk005_open/checkpoints/msgca_epoch_5.pt,same_calendar_2025,2025-05-21,2025-05-31,2025-05-21,2025-05-30,8,10,3,weighted,0.25,1.5,0.5,0.75,0.0,0.0,True,True,-0.030200363828343,-0.0079695598618207,-0.0222308039665222,-15.57429423908639,-0.021865078897084,0.6499999999999999,,,,,,,,,0,,,,
r020_topk005_open,0.2,6,/data/jiaxuanLin/AItrader/data/experiments/msgca/20260601_loss_ablation/runs/r020_topk005_open/checkpoints/msgca_epoch_6.pt,same_calendar_2025,2025-05-21,2025-05-31,2025-05-21,2025-05-30,8,10,3,weighted,0.25,1.5,0.5,0.75,0.0,0.0,True,True,-0.0161135120515194,0.0061172919150027,-0.0222308039665222,-6.319826801564521,-0.0123376259033936,0.6499999999999999,,,,,,,,,0,,,,
r020_topk005_open,0.2,7,/data/jiaxuanLin/AItrader/data/experiments/msgca/20260601_loss_ablation/runs/r020_topk005_open/checkpoints/msgca_epoch_7.pt,same_calendar_2025,2025-05-21,2025-05-31,2025-05-21,2025-05-30,8,10,3,weighted,0.25,1.5,0.5,0.75,0.0,0.0,True,True,-0.0058686529463266,0.0163621510201955,-0.0222308039665222,-1.4477875109248108,-0.0063394695292413,0.6499999999999999,,,,,,,,,0,,,,
r020_topk005_open,0.2,8,/data/jiaxuanLin/AItrader/data/experiments/msgca/20260601_loss_ablation/runs/r020_topk005_open/checkpoints/msgca_epoch_8.pt,same_calendar_2025,2025-05-21,2025-05-31,2025-05-21,2025-05-30,8,10,3,weighted,0.25,1.5,0.5,0.75,0.0,0.0,True,True,-0.0849554790352304,-0.0627246750687082,-0.0222308039665222,-9.724842052455468,-0.0462108321525081,0.6499999999999999,,,,,,,,,0,,,,
r020_topk005_open,0.2,9,/data/jiaxuanLin/AItrader/data/experiments/msgca/20260601_loss_ablation/runs/r020_topk005_open/checkpoints/msgca_epoch_9.pt,same_calendar_2025,2025-05-21,2025-05-31,2025-05-21,2025-05-30,8,10,3,weighted,0.25,1.5,0.5,0.75,0.0,0.0,True,True,-0.0304841328757229,-0.0082533289092007,-0.0222308039665222,-4.613053752971762,-0.0327082471593604,0.6499999999999999,,,,,,,,,0,,,,
r020_topk005_open,0.2,10,/data/jiaxuanLin/AItrader/data/experiments/msgca/20260601_loss_ablation/runs/r020_topk005_open/checkpoints/msgca_epoch_10.pt,same_calendar_2025,2025-05-21,2025-05-31,2025-05-21,2025-05-30,8,10,3,weighted,0.25,1.5,0.5,0.75,0.0,0.0,True,True,-0.0574509652221811,-0.0352201612556589,-0.0222308039665222,-7.131557670102263,-0.0433232157989097,0.6499999999999999,,,,,,,,,0,,,,
r020_topk005_open,0.2,11,/data/jiaxuanLin/AItrader/data/experiments/msgca/20260601_loss_ablation/runs/r020_topk005_open/checkpoints/msgca_epoch_11.pt,same_calendar_2025,2025-05-21,2025-05-31,2025-05-21,2025-05-30,8,10,3,weighted,0.25,1.5,0.5,0.75,0.0,0.0,True,True,-0.0828096946009037,-0.0605788906343814,-0.0222308039665222,-6.866685412344287,-0.0578968090305773,0.6499999999999999,,,,,,,,,0,,,,
r020_topk005_open,0.2,12,/data/jiaxuanLin/AItrader/data/experiments/msgca/20260601_loss_ablation/runs/r020_topk005_open/checkpoints/msgca_epoch_12.pt,same_calendar_2025,2025-05-21,2025-05-31,2025-05-21,2025-05-30,8,10,3,weighted,0.25,1.5,0.5,0.75,0.0,0.0,True,True,-0.0117705934491778,0.0104602105173443,-0.0222308039665222,-3.1987028939809234,-0.0162822327435366,0.6499999999999999,,,,,,,,,0,,,,
r020_topk005_open,0.2,13,/data/jiaxuanLin/AItrader/data/experiments/msgca/20260601_loss_ablation/runs/r020_topk005_open/checkpoints/msgca_epoch_13.pt,same_calendar_2025,2025-05-21,2025-05-31,2025-05-21,2025-05-30,8,10,3,weighted,0.25,1.5,0.5,0.75,0.0,0.0,True,True,-0.0158742788506199,0.0063565251159022,-0.0222308039665222,-3.53019719636094,-0.0252656141516882,0.6499999999999999,,,,,,,,,0,,,,
r020_topk005_open,0.2,14,/data/jiaxuanLin/AItrader/data/experiments/msgca/20260601_loss_ablation/runs/r020_topk005_open/checkpoints/msgca_epoch_14.pt,same_calendar_2025,2025-05-21,2025-05-31,2025-05-21,2025-05-30,8,10,3,weighted,0.25,1.5,0.5,0.75,0.0,0.0,True,True,-0.0058854483501158,0.0163453556164063,-0.0222308039665222,-1.3753981146583776,-0.0189409033167362,0.6499999999999999,,,,,,,,,0,,,,
r020_topk005_open,0.2,15,/data/jiaxuanLin/AItrader/data/experiments/msgca/20260601_loss_ablation/runs/r020_topk005_open/checkpoints/msgca_epoch_15.pt,same_calendar_2025,2025-05-21,2025-05-31,2025-05-21,2025-05-30,8,10,3,weighted,0.25,1.5,0.5,0.75,0.0,0.0,True,True,-0.0062849593193263,0.0159458446471958,-0.0222308039665222,-2.9580253037896806,-0.0154659129202052,0.6499999999999999,,,,,,,,,0,,,,
r020_topk005_open,0.2,16,/data/jiaxuanLin/AItrader/data/experiments/msgca/20260601_loss_ablation/runs/r020_topk005_open/checkpoints/msgca_epoch_16.pt,same_calendar_2025,2025-05-21,2025-05-31,2025-05-21,2025-05-30,8,10,3,weighted,0.25,1.5,0.5,0.75,0.0,0.0,True,True,0.0080250047471901,0.0302558087137123,-0.0222308039665222,3.68308237491177,-0.0106433072513123,0.6499999999999999,,,,,,,,,0,,,,
r020_topk005_open,0.2,17,/data/jiaxuanLin/AItrader/data/experiments/msgca/20260601_loss_ablation/runs/r020_topk005_open/checkpoints/msgca_epoch_17.pt,same_calendar_2025,2025-05-21,2025-05-31,2025-05-21,2025-05-30,8,10,3,weighted,0.25,1.5,0.5,0.75,0.0,0.0,True,True,-0.0028205108534141,0.019410293113108,-0.0222308039665222,-1.353489362856051,-0.0135177810709732,0.6499999999999999,,,,,,,,,0,,,,
r020_topk005_open,0.2,18,/data/jiaxuanLin/AItrader/data/experiments/msgca/20260601_loss_ablation/runs/r020_topk005_open/checkpoints/msgca_epoch_18.pt,same_calendar_2025,2025-05-21,2025-05-31,2025-05-21,2025-05-30,8,10,3,weighted,0.25,1.5,0.5,0.75,0.0,0.0,True,True,0.0067659682511846,0.0289967722177069,-0.0222308039665222,2.609003602571885,-0.0120722436254165,0.6499999999999999,,,,,,,,,0,,,,
r020_topk005_open,0.2,19,/data/jiaxuanLin/AItrader/data/experiments/msgca/20260601_loss_ablation/runs/r020_topk005_open/checkpoints/msgca_epoch_19.pt,same_calendar_2025,2025-05-21,2025-05-31,2025-05-21,2025-05-30,8,10,3,weighted,0.25,1.5,0.5,0.75,0.0,0.0,True,True,-0.0108315234943088,0.0113992804722133,-0.0222308039665222,-3.723510014997759,-0.0151652495066457,0.6499999999999999,,,,,,,,,0,,,,
r020_topk005_open,0.2,20,/data/jiaxuanLin/AItrader/data/experiments/msgca/20260601_loss_ablation/runs/r020_topk005_open/checkpoints/msgca_epoch_20.pt,same_calendar_2025,2025-05-21,2025-05-31,2025-05-21,2025-05-30,8,10,3,weighted,0.25,1.5,0.5,0.75,0.0,0.0,True,True,-0.0159451173475637,0.0062856866189584,-0.0222308039665222,-4.930061726012928,-0.0196866151883202,0.6499999999999999,,,,,,,,,0,,,,
r020_topk005_open,0.2,1,/data/jiaxuanLin/AItrader/data/experiments/msgca/20260601_loss_ablation/runs/r020_topk005_open/checkpoints/msgca_epoch_1.pt,same_comp_2025,2025-06-02,2025-06-13,2025-06-03,2025-06-13,9,10,3,weighted,0.25,1.5,0.5,0.75,0.0,0.0,True,True,-0.0344880815229883,-0.0478725429258813,0.013384461402893,-5.762262360703135,-0.0406200317606435,0.6444444444444444,,,,,,,,,0,,,,
r020_topk005_open,0.2,2,/data/jiaxuanLin/AItrader/data/experiments/msgca/20260601_loss_ablation/runs/r020_topk005_open/checkpoints/msgca_epoch_2.pt,same_comp_2025,2025-06-02,2025-06-13,2025-06-03,2025-06-13,9,10,3,weighted,0.25,1.5,0.5,0.75,0.0,0.0,True,True,-0.0503154503882762,-0.0636999117911693,0.013384461402893,-10.130270102148351,-0.0548753881409372,0.6444444444444444,,,,,,,,,0,,,,
r020_topk005_open,0.2,3,/data/jiaxuanLin/AItrader/data/experiments/msgca/20260601_loss_ablation/runs/r020_topk005_open/checkpoints/msgca_epoch_3.pt,same_comp_2025,2025-06-02,2025-06-13,2025-06-03,2025-06-13,9,10,3,weighted,0.25,1.5,0.5,0.75,0.0,0.0,True,True,0.0056103487055445,-0.0077741126973485,0.013384461402893,1.533836361984226,-0.0098946002084017,0.6444444444444444,,,,,,,,,0,,,,
r020_topk005_open,0.2,4,/data/jiaxuanLin/AItrader/data/experiments/msgca/20260601_loss_ablation/runs/r020_topk005_open/checkpoints/msgca_epoch_4.pt,same_comp_2025,2025-06-02,2025-06-13,2025-06-03,2025-06-13,9,10,3,weighted,0.25,1.5,0.5,0.75,0.0,0.0,True,True,0.0186438369207584,0.0052593755178653,0.013384461402893,5.686307740660013,-0.0079882817701487,0.6444444444444444,,,,,,,,,0,,,,
r020_topk005_open,0.2,5,/data/jiaxuanLin/AItrader/data/experiments/msgca/20260601_loss_ablation/runs/r020_topk005_open/checkpoints/msgca_epoch_5.pt,same_comp_2025,2025-06-02,2025-06-13,2025-06-03,2025-06-13,9,10,3,weighted,0.25,1.5,0.5,0.75,0.0,0.0,True,True,0.012893706986222,-0.000490754416671,0.013384461402893,3.7685399664127615,-0.0107800890529995,0.6444444444444444,,,,,,,,,0,,,,
r020_topk005_open,0.2,6,/data/jiaxuanLin/AItrader/data/experiments/msgca/20260601_loss_ablation/runs/r020_topk005_open/checkpoints/msgca_epoch_6.pt,same_comp_2025,2025-06-02,2025-06-13,2025-06-03,2025-06-13,9,10,3,weighted,0.25,1.5,0.5,0.75,0.0,0.0,True,True,0.0227439662475381,0.009359504844645,0.013384461402893,5.848400044683562,-0.0077296253424158,0.6444444444444444,,,,,,,,,0,,,,
r020_topk005_open,0.2,7,/data/jiaxuanLin/AItrader/data/experiments/msgca/20260601_loss_ablation/runs/r020_topk005_open/checkpoints/msgca_epoch_7.pt,same_comp_2025,2025-06-02,2025-06-13,2025-06-03,2025-06-13,9,10,3,weighted,0.25,1.5,0.5,0.75,0.0,0.0,True,True,0.0344652587429323,0.0210807973400393,0.013384461402893,8.823061592163066,-0.0126928357202268,0.6444444444444444,,,,,,,,,0,,,,
r020_topk005_open,0.2,8,/data/jiaxuanLin/AItrader/data/experiments/msgca/20260601_loss_ablation/runs/r020_topk005_open/checkpoints/msgca_epoch_8.pt,same_comp_2025,2025-06-02,2025-06-13,2025-06-03,2025-06-13,9,10,3,weighted,0.25,1.5,0.5,0.75,0.0,0.0,True,True,0.0461995307760216,0.0328150693731286,0.013384461402893,8.692988360579044,-0.0095879715639353,0.6444444444444444,,,,,,,,,0,,,,
r020_topk005_open,0.2,9,/data/jiaxuanLin/AItrader/data/experiments/msgca/20260601_loss_ablation/runs/r020_topk005_open/checkpoints/msgca_epoch_9.pt,same_comp_2025,2025-06-02,2025-06-13,2025-06-03,2025-06-13,9,10,3,weighted,0.25,1.5,0.5,0.75,0.0,0.0,True,True,0.0202234547834148,0.0068389933805217,0.013384461402893,2.575920038234229,-0.0436444014001774,0.6444444444444444,,,,,,,,,0,,,,
r020_topk005_open,0.2,10,/data/jiaxuanLin/AItrader/data/experiments/msgca/20260601_loss_ablation/runs/r020_topk005_open/checkpoints/msgca_epoch_10.pt,same_comp_2025,2025-06-02,2025-06-13,2025-06-03,2025-06-13,9,10,3,weighted,0.25,1.5,0.5,0.75,0.0,0.0,True,True,0.0226836067638198,0.0092991453609267,0.013384461402893,3.025586126581824,-0.0418270050384029,0.6444444444444444,,,,,,,,,0,,,,
r020_topk005_open,0.2,11,/data/jiaxuanLin/AItrader/data/experiments/msgca/20260601_loss_ablation/runs/r020_topk005_open/checkpoints/msgca_epoch_11.pt,same_comp_2025,2025-06-02,2025-06-13,2025-06-03,2025-06-13,9,10,3,weighted,0.25,1.5,0.5,0.75,0.0,0.0,True,True,0.0074200523578882,-0.0059644090450048,0.013384461402893,0.90412161359299,-0.0491501217238892,0.6444444444444444,,,,,,,,,0,,,,
r020_topk005_open,0.2,12,/data/jiaxuanLin/AItrader/data/experiments/msgca/20260601_loss_ablation/runs/r020_topk005_open/checkpoints/msgca_epoch_12.pt,same_comp_2025,2025-06-02,2025-06-13,2025-06-03,2025-06-13,9,10,3,weighted,0.25,1.5,0.5,0.75,0.0,0.0,True,True,0.0242544076256148,0.0108699462227217,0.013384461402893,5.876693301094397,-0.0114776361427972,0.6444444444444444,,,,,,,,,0,,,,
r020_topk005_open,0.2,13,/data/jiaxuanLin/AItrader/data/experiments/msgca/20260601_loss_ablation/runs/r020_topk005_open/checkpoints/msgca_epoch_13.pt,same_comp_2025,2025-06-02,2025-06-13,2025-06-03,2025-06-13,9,10,3,weighted,0.25,1.5,0.5,0.75,0.0,0.0,True,True,0.0241258828289085,0.0107414214260155,0.013384461402893,4.360586217400367,-0.0175281614768505,0.6444444444444444,,,,,,,,,0,,,,
r020_topk005_open,0.2,14,/data/jiaxuanLin/AItrader/data/experiments/msgca/20260601_loss_ablation/runs/r020_topk005_open/checkpoints/msgca_epoch_14.pt,same_comp_2025,2025-06-02,2025-06-13,2025-06-03,2025-06-13,9,10,3,weighted,0.25,1.5,0.5,0.75,0.0,0.0,True,True,0.0323251512416253,0.0189406898387323,0.013384461402893,6.230290727032432,-0.0084151872600281,0.6444444444444444,,,,,,,,,0,,,,
r020_topk005_open,0.2,15,/data/jiaxuanLin/AItrader/data/experiments/msgca/20260601_loss_ablation/runs/r020_topk005_open/checkpoints/msgca_epoch_15.pt,same_comp_2025,2025-06-02,2025-06-13,2025-06-03,2025-06-13,9,10,3,weighted,0.25,1.5,0.5,0.75,0.0,0.0,True,True,0.0076172658010214,-0.0057671956018716,0.013384461402893,1.810147426863816,-0.0157050045006611,0.6444444444444444,,,,,,,,,0,,,,
r020_topk005_open,0.2,16,/data/jiaxuanLin/AItrader/data/experiments/msgca/20260601_loss_ablation/runs/r020_topk005_open/checkpoints/msgca_epoch_16.pt,same_comp_2025,2025-06-02,2025-06-13,2025-06-03,2025-06-13,9,10,3,weighted,0.25,1.5,0.5,0.75,0.0,0.0,True,True,0.0030108017074246,-0.0103736596954684,0.013384461402893,0.8246047254042931,-0.0106622718699089,0.6444444444444444,,,,,,,,,0,,,,
r020_topk005_open,0.2,17,/data/jiaxuanLin/AItrader/data/experiments/msgca/20260601_loss_ablation/runs/r020_topk005_open/checkpoints/msgca_epoch_17.pt,same_comp_2025,2025-06-02,2025-06-13,2025-06-03,2025-06-13,9,10,3,weighted,0.25,1.5,0.5,0.75,0.0,0.0,True,True,0.005066359748332,-0.008318101654561,0.013384461402893,1.4373921257909303,-0.013341997038184,0.6444444444444444,,,,,,,,,0,,,,
r020_topk005_open,0.2,18,/data/jiaxuanLin/AItrader/data/experiments/msgca/20260601_loss_ablation/runs/r020_topk005_open/checkpoints/msgca_epoch_18.pt,same_comp_2025,2025-06-02,2025-06-13,2025-06-03,2025-06-13,9,10,3,weighted,0.25,1.5,0.5,0.75,0.0,0.0,True,True,0.0322485995485239,0.0188641381456309,0.013384461402893,5.08260910138836,-0.0217853982341494,0.6444444444444444,,,,,,,,,0,,,,
r020_topk005_open,0.2,19,/data/jiaxuanLin/AItrader/data/experiments/msgca/20260601_loss_ablation/runs/r020_topk005_open/checkpoints/msgca_epoch_19.pt,same_comp_2025,2025-06-02,2025-06-13,2025-06-03,2025-06-13,9,10,3,weighted,0.25,1.5,0.5,0.75,0.0,0.0,True,True,-0.0091021758022199,-0.022486637205113,0.013384461402893,-2.2387017396138003,-0.0241215210598315,0.6444444444444444,,,,,,,,,0,,,,
r020_topk005_open,0.2,20,/data/jiaxuanLin/AItrader/data/experiments/msgca/20260601_loss_ablation/runs/r020_topk005_open/checkpoints/msgca_epoch_20.pt,same_comp_2025,2025-06-02,2025-06-13,2025-06-03,2025-06-13,9,10,3,weighted,0.25,1.5,0.5,0.75,0.0,0.0,True,True,0.0174369107522718,0.0040524493493787,0.013384461402893,5.600914070480848,-0.0079950756165385,0.6444444444444444,,,,,,,,,0,,,,
r030_topk005_open,0.3,1,/data/jiaxuanLin/AItrader/data/experiments/msgca/20260601_loss_ablation/runs/r030_topk005_open/checkpoints/msgca_epoch_1.pt,hold2026_recent,2026-05-21,2026-05-31,2026-05-21,2026-05-28,6,10,3,weighted,0.25,1.5,0.5,0.75,0.0,0.0,True,True,0.0443191986566642,0.086387322474108,-0.0420681238174438,11.77881309376482,-0.0059462078619003,0.6666666666666666,,,,,,,,,0,,,,
r030_topk005_open,0.3,2,/data/jiaxuanLin/AItrader/data/experiments/msgca/20260601_loss_ablation/runs/r030_topk005_open/checkpoints/msgca_epoch_2.pt,hold2026_recent,2026-05-21,2026-05-31,2026-05-21,2026-05-28,6,10,3,weighted,0.25,1.5,0.5,0.75,0.0,0.0,True,True,-0.0145292127285011,0.0275389110889426,-0.0420681238174438,-3.779063005929909,-0.0207697379665686,0.6666666666666666,,,,,,,,,0,,,,
r030_topk005_open,0.3,3,/data/jiaxuanLin/AItrader/data/experiments/msgca/20260601_loss_ablation/runs/r030_topk005_open/checkpoints/msgca_epoch_3.pt,hold2026_recent,2026-05-21,2026-05-31,2026-05-21,2026-05-28,6,10,3,weighted,0.25,1.5,0.5,0.75,0.0,0.0,True,True,-0.007588709579511,0.0344794142379327,-0.0420681238174438,-1.9466345311347728,-0.0124752634337366,0.6666666666666666,,,,,,,,,0,,,,
r030_topk005_open,0.3,4,/data/jiaxuanLin/AItrader/data/experiments/msgca/20260601_loss_ablation/runs/r030_topk005_open/checkpoints/msgca_epoch_4.pt,hold2026_recent,2026-05-21,2026-05-31,2026-05-21,2026-05-28,6,10,3,weighted,0.25,1.5,0.5,0.75,0.0,0.0,True,True,-0.0245588955935628,0.017509228223881,-0.0420681238174438,-6.701154097484961,-0.0111495314352648,0.6666666666666666,,,,,,,,,0,,,,
r030_topk005_open,0.3,5,/data/jiaxuanLin/AItrader/data/experiments/msgca/20260601_loss_ablation/runs/r030_topk005_open/checkpoints/msgca_epoch_5.pt,hold2026_recent,2026-05-21,2026-05-31,2026-05-21,2026-05-28,6,10,3,weighted,0.25,1.5,0.5,0.75,0.0,0.0,True,True,0.0074004944322332,0.049468618249677,-0.0420681238174438,3.1054194703044926,0.0,0.6666666666666666,,,,,,,,,0,,,,
r030_topk005_open,0.3,6,/data/jiaxuanLin/AItrader/data/experiments/msgca/20260601_loss_ablation/runs/r030_topk005_open/checkpoints/msgca_epoch_6.pt,hold2026_recent,2026-05-21,2026-05-31,2026-05-21,2026-05-28,6,10,3,weighted,0.25,1.5,0.5,0.75,0.0,0.0,True,True,-0.0119414188768359,0.0301267049406078,-0.0420681238174438,-2.404356847677556,-0.0115881029622011,0.6666666666666666,,,,,,,,,0,,,,
r030_topk005_open,0.3,7,/data/jiaxuanLin/AItrader/data/experiments/msgca/20260601_loss_ablation/runs/r030_topk005_open/checkpoints/msgca_epoch_7.pt,hold2026_recent,2026-05-21,2026-05-31,2026-05-21,2026-05-28,6,10,3,weighted,0.25,1.5,0.5,0.75,0.0,0.0,True,True,0.0166926505724609,0.0587607743899047,-0.0420681238174438,2.787044533879476,-0.0082222531321645,0.6666666666666666,,,,,,,,,0,,,,
r030_topk005_open,0.3,8,/data/jiaxuanLin/AItrader/data/experiments/msgca/20260601_loss_ablation/runs/r030_topk005_open/checkpoints/msgca_epoch_8.pt,hold2026_recent,2026-05-21,2026-05-31,2026-05-21,2026-05-28,6,10,3,weighted,0.25,1.5,0.5,0.75,0.0,0.0,True,True,-0.0009373127198045,0.0411308110976392,-0.0420681238174438,-0.034533857051724,-0.0085648466604948,0.6666666666666666,,,,,,,,,0,,,,
r030_topk005_open,0.3,9,/data/jiaxuanLin/AItrader/data/experiments/msgca/20260601_loss_ablation/runs/r030_topk005_open/checkpoints/msgca_epoch_9.pt,hold2026_recent,2026-05-21,2026-05-31,2026-05-21,2026-05-28,6,10,3,weighted,0.25,1.5,0.5,0.75,0.0,0.0,True,True,0.0124499657742866,0.0545180895917305,-0.0420681238174438,1.682121075507118,-0.0275518969404697,0.6666666666666666,,,,,,,,,0,,,,
r030_topk005_open,0.3,10,/data/jiaxuanLin/AItrader/data/experiments/msgca/20260601_loss_ablation/runs/r030_topk005_open/checkpoints/msgca_epoch_10.pt,hold2026_recent,2026-05-21,2026-05-31,2026-05-21,2026-05-28,6,10,3,weighted,0.25,1.5,0.5,0.75,0.0,0.0,True,True,0.0097214449699127,0.0517895687873566,-0.0420681238174438,1.3721373070748852,-0.0246588700222969,0.6666666666666666,,,,,,,,,0,,,,
r030_topk005_open,0.3,11,/data/jiaxuanLin/AItrader/data/experiments/msgca/20260601_loss_ablation/runs/r030_topk005_open/checkpoints/msgca_epoch_11.pt,hold2026_recent,2026-05-21,2026-05-31,2026-05-21,2026-05-28,6,10,3,weighted,0.25,1.5,0.5,0.75,0.0,0.0,True,True,0.0101365526856862,0.0522046765031301,-0.0420681238174438,1.4011886583619364,-0.0303591435228834,0.6666666666666666,,,,,,,,,0,,,,
r030_topk005_open,0.3,12,/data/jiaxuanLin/AItrader/data/experiments/msgca/20260601_loss_ablation/runs/r030_topk005_open/checkpoints/msgca_epoch_12.pt,hold2026_recent,2026-05-21,2026-05-31,2026-05-21,2026-05-28,6,10,3,weighted,0.25,1.5,0.5,0.75,0.0,0.0,True,True,0.0086152398300933,0.0506833636475372,-0.0420681238174438,1.1768118697733676,-0.0329253337587174,0.6666666666666666,,,,,,,,,0,,,,
r030_topk005_open,0.3,13,/data/jiaxuanLin/AItrader/data/experiments/msgca/20260601_loss_ablation/runs/r030_topk005_open/checkpoints/msgca_epoch_13.pt,hold2026_recent,2026-05-21,2026-05-31,2026-05-21,2026-05-28,6,10,3,weighted,0.25,1.5,0.5,0.75,0.0,0.0,True,True,0.0047199707056062,0.0467880945230501,-0.0420681238174438,0.8645349670778553,-0.0215786882448196,0.6666666666666666,,,,,,,,,0,,,,
r030_topk005_open,0.3,14,/data/jiaxuanLin/AItrader/data/experiments/msgca/20260601_loss_ablation/runs/r030_topk005_open/checkpoints/msgca_epoch_14.pt,hold2026_recent,2026-05-21,2026-05-31,2026-05-21,2026-05-28,6,10,3,weighted,0.25,1.5,0.5,0.75,0.0,0.0,True,True,0.0135136558265558,0.0555817796439996,-0.0420681238174438,1.9402435425379243,-0.0116304308879375,0.6666666666666666,,,,,,,,,0,,,,
r030_topk005_open,0.3,15,/data/jiaxuanLin/AItrader/data/experiments/msgca/20260601_loss_ablation/runs/r030_topk005_open/checkpoints/msgca_epoch_15.pt,hold2026_recent,2026-05-21,2026-05-31,2026-05-21,2026-05-28,6,10,3,weighted,0.25,1.5,0.5,0.75,0.0,0.0,True,True,-0.0146797988030754,0.0273883250143683,-0.0420681238174438,-1.970236323462744,-0.018318893505526,0.6666666666666666,,,,,,,,,0,,,,
r030_topk005_open,0.3,16,/data/jiaxuanLin/AItrader/data/experiments/msgca/20260601_loss_ablation/runs/r030_topk005_open/checkpoints/msgca_epoch_16.pt,hold2026_recent,2026-05-21,2026-05-31,2026-05-21,2026-05-28,6,10,3,weighted,0.25,1.5,0.5,0.75,0.0,0.0,True,True,-0.0089543430004158,0.0331137808170279,-0.0420681238174438,-1.4910005986443997,-0.0192551390039921,0.6666666666666666,,,,,,,,,0,,,,
r030_topk005_open,0.3,17,/data/jiaxuanLin/AItrader/data/experiments/msgca/20260601_loss_ablation/runs/r030_topk005_open/checkpoints/msgca_epoch_17.pt,hold2026_recent,2026-05-21,2026-05-31,2026-05-21,2026-05-28,6,10,3,weighted,0.25,1.5,0.5,0.75,0.0,0.0,True,True,-0.0342213819357035,0.0078467418817402,-0.0420681238174438,-7.328803383248865,-0.0234874624037629,0.6666666666666666,,,,,,,,,0,,,,
r030_topk005_open,0.3,18,/data/jiaxuanLin/AItrader/data/experiments/msgca/20260601_loss_ablation/runs/r030_topk005_open/checkpoints/msgca_epoch_18.pt,hold2026_recent,2026-05-21,2026-05-31,2026-05-21,2026-05-28,6,10,3,weighted,0.25,1.5,0.5,0.75,0.0,0.0,True,True,-0.0265521211316935,0.0155160026857502,-0.0420681238174438,-4.168674723095184,-0.0246350105755224,0.6666666666666666,,,,,,,,,0,,,,
r030_topk005_open,0.3,19,/data/jiaxuanLin/AItrader/data/experiments/msgca/20260601_loss_ablation/runs/r030_topk005_open/checkpoints/msgca_epoch_19.pt,hold2026_recent,2026-05-21,2026-05-31,2026-05-21,2026-05-28,6,10,3,weighted,0.25,1.5,0.5,0.75,0.0,0.0,True,True,-0.026159823515943,0.0159083003015008,-0.0420681238174438,-4.5106060074584144,-0.0113709301961614,0.6666666666666666,,,,,,,,,0,,,,
r030_topk005_open,0.3,20,/data/jiaxuanLin/AItrader/data/experiments/msgca/20260601_loss_ablation/runs/r030_topk005_open/checkpoints/msgca_epoch_20.pt,hold2026_recent,2026-05-21,2026-05-31,2026-05-21,2026-05-28,6,10,3,weighted,0.25,1.5,0.5,0.75,0.0,0.0,True,True,-0.0408693828277735,0.0011987409896703,-0.0420681238174438,-7.163355243198986,-0.026601938957419,0.6666666666666666,,,,,,,,,0,,,,
r030_topk005_open,0.3,1,/data/jiaxuanLin/AItrader/data/experiments/msgca/20260601_loss_ablation/runs/r030_topk005_open/checkpoints/msgca_epoch_1.pt,same_calendar_2025,2025-05-21,2025-05-31,2025-05-21,2025-05-30,8,10,3,weighted,0.25,1.5,0.5,0.75,0.0,0.0,True,True,-0.0331195043870844,-0.0108887004205622,-0.0222308039665222,-10.936932312903991,-0.0285575661873723,0.6499999999999999,,,,,,,,,0,,,,
r030_topk005_open,0.3,2,/data/jiaxuanLin/AItrader/data/experiments/msgca/20260601_loss_ablation/runs/r030_topk005_open/checkpoints/msgca_epoch_2.pt,same_calendar_2025,2025-05-21,2025-05-31,2025-05-21,2025-05-30,8,10,3,weighted,0.25,1.5,0.5,0.75,0.0,0.0,True,True,-0.0382423207199187,-0.0160115167533965,-0.0222308039665222,-16.370691747629284,-0.0380700911020378,0.6499999999999999,,,,,,,,,0,,,,
r030_topk005_open,0.3,3,/data/jiaxuanLin/AItrader/data/experiments/msgca/20260601_loss_ablation/runs/r030_topk005_open/checkpoints/msgca_epoch_3.pt,same_calendar_2025,2025-05-21,2025-05-31,2025-05-21,2025-05-30,8,10,3,weighted,0.25,1.5,0.5,0.75,0.0,0.0,True,True,-0.0170294051798287,0.0052013987866934,-0.0222308039665222,-8.77033513977078,-0.0223202454169169,0.6499999999999999,,,,,,,,,0,,,,
r030_topk005_open,0.3,4,/data/jiaxuanLin/AItrader/data/experiments/msgca/20260601_loss_ablation/runs/r030_topk005_open/checkpoints/msgca_epoch_4.pt,same_calendar_2025,2025-05-21,2025-05-31,2025-05-21,2025-05-30,8,10,3,weighted,0.25,1.5,0.5,0.75,0.0,0.0,True,True,-0.0148917254351689,0.0073390785313532,-0.0222308039665222,-11.128735833747328,-0.0151263488364945,0.6499999999999999,,,,,,,,,0,,,,
r030_topk005_open,0.3,5,/data/jiaxuanLin/AItrader/data/experiments/msgca/20260601_loss_ablation/runs/r030_topk005_open/checkpoints/msgca_epoch_5.pt,same_calendar_2025,2025-05-21,2025-05-31,2025-05-21,2025-05-30,8,10,3,weighted,0.25,1.5,0.5,0.75,0.0,0.0,True,True,-0.0328986346864486,-0.0106678307199263,-0.0222308039665222,-14.66094677859735,-0.0352539387671642,0.6499999999999999,,,,,,,,,0,,,,
r030_topk005_open,0.3,6,/data/jiaxuanLin/AItrader/data/experiments/msgca/20260601_loss_ablation/runs/r030_topk005_open/checkpoints/msgca_epoch_6.pt,same_calendar_2025,2025-05-21,2025-05-31,2025-05-21,2025-05-30,8,10,3,weighted,0.25,1.5,0.5,0.75,0.0,0.0,True,True,-0.0228715262001427,-0.0006407222336205,-0.0222308039665222,-15.231147775287187,-0.0170372691303668,0.6499999999999999,,,,,,,,,0,,,,
r030_topk005_open,0.3,7,/data/jiaxuanLin/AItrader/data/experiments/msgca/20260601_loss_ablation/runs/r030_topk005_open/checkpoints/msgca_epoch_7.pt,same_calendar_2025,2025-05-21,2025-05-31,2025-05-21,2025-05-30,8,10,3,weighted,0.25,1.5,0.5,0.75,0.0,0.0,True,True,-0.0181388681541033,0.0040919358124188,-0.0222308039665222,-12.777516050815624,-0.0175484132225709,0.6499999999999999,,,,,,,,,0,,,,
r030_topk005_open,0.3,8,/data/jiaxuanLin/AItrader/data/experiments/msgca/20260601_loss_ablation/runs/r030_topk005_open/checkpoints/msgca_epoch_8.pt,same_calendar_2025,2025-05-21,2025-05-31,2025-05-21,2025-05-30,8,10,3,weighted,0.25,1.5,0.5,0.75,0.0,0.0,True,True,-0.0159191443519611,0.006311659614561,-0.0222308039665222,-13.81569286488038,-0.0121288951447102,0.6499999999999999,,,,,,,,,0,,,,
r030_topk005_open,0.3,9,/data/jiaxuanLin/AItrader/data/experiments/msgca/20260601_loss_ablation/runs/r030_topk005_open/checkpoints/msgca_epoch_9.pt,same_calendar_2025,2025-05-21,2025-05-31,2025-05-21,2025-05-30,8,10,3,weighted,0.25,1.5,0.5,0.75,0.0,0.0,True,True,-0.0192820995463123,0.0029487044202098,-0.0222308039665222,-6.675109234087785,-0.0226170886143425,0.6499999999999999,,,,,,,,,0,,,,
r030_topk005_open,0.3,10,/data/jiaxuanLin/AItrader/data/experiments/msgca/20260601_loss_ablation/runs/r030_topk005_open/checkpoints/msgca_epoch_10.pt,same_calendar_2025,2025-05-21,2025-05-31,2025-05-21,2025-05-30,8,10,3,weighted,0.25,1.5,0.5,0.75,0.0,0.0,True,True,-0.0261000792961625,-0.0038692753296403,-0.0222308039665222,-8.307911144316593,-0.0229683407151581,0.6499999999999999,,,,,,,,,0,,,,
r030_topk005_open,0.3,11,/data/jiaxuanLin/AItrader/data/experiments/msgca/20260601_loss_ablation/runs/r030_topk005_open/checkpoints/msgca_epoch_11.pt,same_calendar_2025,2025-05-21,2025-05-31,2025-05-21,2025-05-30,8,10,3,weighted,0.25,1.5,0.5,0.75,0.0,0.0,True,True,-0.0225700009705662,-0.000339197004044,-0.0222308039665222,-6.917468804680794,-0.0209515377424748,0.6499999999999999,,,,,,,,,0,,,,
r030_topk005_open,0.3,12,/data/jiaxuanLin/AItrader/data/experiments/msgca/20260601_loss_ablation/runs/r030_topk005_open/checkpoints/msgca_epoch_12.pt,same_calendar_2025,2025-05-21,2025-05-31,2025-05-21,2025-05-30,8,10,3,weighted,0.25,1.5,0.5,0.75,0.0,0.0,True,True,-0.0303047922824328,-0.0080739883159106,-0.0222308039665222,-3.646247323580925,-0.0339572401830743,0.6499999999999999,,,,,,,,,0,,,,
r030_topk005_open,0.3,13,/data/jiaxuanLin/AItrader/data/experiments/msgca/20260601_loss_ablation/runs/r030_topk005_open/checkpoints/msgca_epoch_13.pt,same_calendar_2025,2025-05-21,2025-05-31,2025-05-21,2025-05-30,8,10,3,weighted,0.25,1.5,0.5,0.75,0.0,0.0,True,True,-0.0115518747819707,0.0106789291845514,-0.0222308039665222,-2.631433334396529,-0.0152788792514311,0.6499999999999999,,,,,,,,,0,,,,
r030_topk005_open,0.3,14,/data/jiaxuanLin/AItrader/data/experiments/msgca/20260601_loss_ablation/runs/r030_topk005_open/checkpoints/msgca_epoch_14.pt,same_calendar_2025,2025-05-21,2025-05-31,2025-05-21,2025-05-30,8,10,3,weighted,0.25,1.5,0.5,0.75,0.0,0.0,True,True,-0.0107509469141494,0.0114798570523727,-0.0222308039665222,-1.4566673031987225,-0.0212686113088357,0.6499999999999999,,,,,,,,,0,,,,
r030_topk005_open,0.3,15,/data/jiaxuanLin/AItrader/data/experiments/msgca/20260601_loss_ablation/runs/r030_topk005_open/checkpoints/msgca_epoch_15.pt,same_calendar_2025,2025-05-21,2025-05-31,2025-05-21,2025-05-30,8,10,3,weighted,0.25,1.5,0.5,0.75,0.0,0.0,True,True,0.0029109968461793,0.0251418008127015,-0.0222308039665222,0.5987627934548277,-0.0230615672161537,0.6499999999999999,,,,,,,,,0,,,,
r030_topk005_open,0.3,16,/data/jiaxuanLin/AItrader/data/experiments/msgca/20260601_loss_ablation/runs/r030_topk005_open/checkpoints/msgca_epoch_16.pt,same_calendar_2025,2025-05-21,2025-05-31,2025-05-21,2025-05-30,8,10,3,weighted,0.25,1.5,0.5,0.75,0.0,0.0,True,True,0.0121424314351561,0.0343732354016783,-0.0222308039665222,3.8081692896729353,-0.0094309123936295,0.6499999999999999,,,,,,,,,0,,,,
r030_topk005_open,0.3,17,/data/jiaxuanLin/AItrader/data/experiments/msgca/20260601_loss_ablation/runs/r030_topk005_open/checkpoints/msgca_epoch_17.pt,same_calendar_2025,2025-05-21,2025-05-31,2025-05-21,2025-05-30,8,10,3,weighted,0.25,1.5,0.5,0.75,0.0,0.0,True,True,-0.0003563478687633,0.0218744560977588,-0.0222308039665222,-0.1499003758408947,-0.0092305268240537,0.6499999999999999,,,,,,,,,0,,,,
r030_topk005_open,0.3,18,/data/jiaxuanLin/AItrader/data/experiments/msgca/20260601_loss_ablation/runs/r030_topk005_open/checkpoints/msgca_epoch_18.pt,same_calendar_2025,2025-05-21,2025-05-31,2025-05-21,2025-05-30,8,10,3,weighted,0.25,1.5,0.5,0.75,0.0,0.0,True,True,-0.0139743600662308,0.0082564439002913,-0.0222308039665222,-10.38229537144658,-0.0176602709249188,0.6499999999999999,,,,,,,,,0,,,,
r030_topk005_open,0.3,19,/data/jiaxuanLin/AItrader/data/experiments/msgca/20260601_loss_ablation/runs/r030_topk005_open/checkpoints/msgca_epoch_19.pt,same_calendar_2025,2025-05-21,2025-05-31,2025-05-21,2025-05-30,8,10,3,weighted,0.25,1.5,0.5,0.75,0.0,0.0,True,True,-0.02924879668708,-0.0070179927205578,-0.0222308039665222,-8.189717342582318,-0.0362142810695074,0.6499999999999999,,,,,,,,,0,,,,
r030_topk005_open,0.3,20,/data/jiaxuanLin/AItrader/data/experiments/msgca/20260601_loss_ablation/runs/r030_topk005_open/checkpoints/msgca_epoch_20.pt,same_calendar_2025,2025-05-21,2025-05-31,2025-05-21,2025-05-30,8,10,3,weighted,0.25,1.5,0.5,0.75,0.0,0.0,True,True,-0.0429393130013985,-0.0207085090348763,-0.0222308039665222,-12.839258818021728,-0.0498065630708018,0.6499999999999999,,,,,,,,,0,,,,
r030_topk005_open,0.3,1,/data/jiaxuanLin/AItrader/data/experiments/msgca/20260601_loss_ablation/runs/r030_topk005_open/checkpoints/msgca_epoch_1.pt,same_comp_2025,2025-06-02,2025-06-13,2025-06-03,2025-06-13,9,10,3,weighted,0.25,1.5,0.5,0.75,0.0,0.0,True,True,-0.0288512542197606,-0.0422357156226537,0.013384461402893,-7.938002975914911,-0.0370156333074879,0.6444444444444444,,,,,,,,,0,,,,
r030_topk005_open,0.3,2,/data/jiaxuanLin/AItrader/data/experiments/msgca/20260601_loss_ablation/runs/r030_topk005_open/checkpoints/msgca_epoch_2.pt,same_comp_2025,2025-06-02,2025-06-13,2025-06-03,2025-06-13,9,10,3,weighted,0.25,1.5,0.5,0.75,0.0,0.0,True,True,-0.0255515281853165,-0.0389359895882096,0.013384461402893,-8.787246463303234,-0.0316655801364809,0.6444444444444444,,,,,,,,,0,,,,
r030_topk005_open,0.3,3,/data/jiaxuanLin/AItrader/data/experiments/msgca/20260601_loss_ablation/runs/r030_topk005_open/checkpoints/msgca_epoch_3.pt,same_comp_2025,2025-06-02,2025-06-13,2025-06-03,2025-06-13,9,10,3,weighted,0.25,1.5,0.5,0.75,0.0,0.0,True,True,-0.0192897588913407,-0.0326742202942338,0.013384461402893,-8.162715391652542,-0.0261043142221032,0.6444444444444444,,,,,,,,,0,,,,
r030_topk005_open,0.3,4,/data/jiaxuanLin/AItrader/data/experiments/msgca/20260601_loss_ablation/runs/r030_topk005_open/checkpoints/msgca_epoch_4.pt,same_comp_2025,2025-06-02,2025-06-13,2025-06-03,2025-06-13,9,10,3,weighted,0.25,1.5,0.5,0.75,0.0,0.0,True,True,-0.0206796829819325,-0.0340641443848256,0.013384461402893,-7.084727670574364,-0.0264956742462171,0.6444444444444444,,,,,,,,,0,,,,
r030_topk005_open,0.3,5,/data/jiaxuanLin/AItrader/data/experiments/msgca/20260601_loss_ablation/runs/r030_topk005_open/checkpoints/msgca_epoch_5.pt,same_comp_2025,2025-06-02,2025-06-13,2025-06-03,2025-06-13,9,10,3,weighted,0.25,1.5,0.5,0.75,0.0,0.0,True,True,-0.0003303640783336,-0.0137148254812267,0.013384461402893,-0.1159150532917148,-0.0113894096400998,0.6444444444444444,,,,,,,,,0,,,,
r030_topk005_open,0.3,6,/data/jiaxuanLin/AItrader/data/experiments/msgca/20260601_loss_ablation/runs/r030_topk005_open/checkpoints/msgca_epoch_6.pt,same_comp_2025,2025-06-02,2025-06-13,2025-06-03,2025-06-13,9,10,3,weighted,0.25,1.5,0.5,0.75,0.0,0.0,True,True,-0.025821151716517,-0.03920561311941,0.013384461402893,-6.703287553673585,-0.0337538161622513,0.6444444444444444,,,,,,,,,0,,,,
r030_topk005_open,0.3,7,/data/jiaxuanLin/AItrader/data/experiments/msgca/20260601_loss_ablation/runs/r030_topk005_open/checkpoints/msgca_epoch_7.pt,same_comp_2025,2025-06-02,2025-06-13,2025-06-03,2025-06-13,9,10,3,weighted,0.25,1.5,0.5,0.75,0.0,0.0,True,True,-0.0041512594822853,-0.0175357208851784,0.013384461402893,-1.3791594818028772,-0.0121528475155314,0.6444444444444444,,,,,,,,,0,,,,
r030_topk005_open,0.3,8,/data/jiaxuanLin/AItrader/data/experiments/msgca/20260601_loss_ablation/runs/r030_topk005_open/checkpoints/msgca_epoch_8.pt,same_comp_2025,2025-06-02,2025-06-13,2025-06-03,2025-06-13,9,10,3,weighted,0.25,1.5,0.5,0.75,0.0,0.0,True,True,-0.0181048088512247,-0.0314892702541178,0.013384461402893,-7.369148871737604,-0.0233558296323512,0.6444444444444444,,,,,,,,,0,,,,
r030_topk005_open,0.3,9,/data/jiaxuanLin/AItrader/data/experiments/msgca/20260601_loss_ablation/runs/r030_topk005_open/checkpoints/msgca_epoch_9.pt,same_comp_2025,2025-06-02,2025-06-13,2025-06-03,2025-06-13,9,10,3,weighted,0.25,1.5,0.5,0.75,0.0,0.0,True,True,-0.0202578393598134,-0.0336423007627064,0.013384461402893,-7.214744093776837,-0.0294250069571293,0.6444444444444444,,,,,,,,,0,,,,
r030_topk005_open,0.3,10,/data/jiaxuanLin/AItrader/data/experiments/msgca/20260601_loss_ablation/runs/r030_topk005_open/checkpoints/msgca_epoch_10.pt,same_comp_2025,2025-06-02,2025-06-13,2025-06-03,2025-06-13,9,10,3,weighted,0.25,1.5,0.5,0.75,0.0,0.0,True,True,-0.0205507145766801,-0.0339351759795731,0.013384461402893,-6.50018199908357,-0.0270916978361079,0.6444444444444444,,,,,,,,,0,,,,
r030_topk005_open,0.3,11,/data/jiaxuanLin/AItrader/data/experiments/msgca/20260601_loss_ablation/runs/r030_topk005_open/checkpoints/msgca_epoch_11.pt,same_comp_2025,2025-06-02,2025-06-13,2025-06-03,2025-06-13,9,10,3,weighted,0.25,1.5,0.5,0.75,0.0,0.0,True,True,-0.0125112069104861,-0.0258956683133791,0.013384461402893,-3.224593292132713,-0.024003139574491,0.6444444444444444,,,,,,,,,0,,,,
r030_topk005_open,0.3,12,/data/jiaxuanLin/AItrader/data/experiments/msgca/20260601_loss_ablation/runs/r030_topk005_open/checkpoints/msgca_epoch_12.pt,same_comp_2025,2025-06-02,2025-06-13,2025-06-03,2025-06-13,9,10,3,weighted,0.25,1.5,0.5,0.75,0.0,0.0,True,True,-0.0138030216160237,-0.0271874830189168,0.013384461402893,-2.206034881390497,-0.0235658231762272,0.6444444444444444,,,,,,,,,0,,,,
r030_topk005_open,0.3,13,/data/jiaxuanLin/AItrader/data/experiments/msgca/20260601_loss_ablation/runs/r030_topk005_open/checkpoints/msgca_epoch_13.pt,same_comp_2025,2025-06-02,2025-06-13,2025-06-03,2025-06-13,9,10,3,weighted,0.25,1.5,0.5,0.75,0.0,0.0,True,True,0.007944682856964,-0.005439778545929,0.013384461402893,1.1598772420153485,-0.0262256590081777,0.6444444444444444,,,,,,,,,0,,,,
r030_topk005_open,0.3,14,/data/jiaxuanLin/AItrader/data/experiments/msgca/20260601_loss_ablation/runs/r030_topk005_open/checkpoints/msgca_epoch_14.pt,same_comp_2025,2025-06-02,2025-06-13,2025-06-03,2025-06-13,9,10,3,weighted,0.25,1.5,0.5,0.75,0.0,0.0,True,True,0.0307103899165659,0.0173259285136728,0.013384461402893,3.514904871149489,-0.026103547818833,0.6444444444444444,,,,,,,,,0,,,,
r030_topk005_open,0.3,15,/data/jiaxuanLin/AItrader/data/experiments/msgca/20260601_loss_ablation/runs/r030_topk005_open/checkpoints/msgca_epoch_15.pt,same_comp_2025,2025-06-02,2025-06-13,2025-06-03,2025-06-13,9,10,3,weighted,0.25,1.5,0.5,0.75,0.0,0.0,True,True,0.0351188961139332,0.0217344347110401,0.013384461402893,3.075744834906976,-0.0267961510229111,0.6444444444444444,,,,,,,,,0,,,,
r030_topk005_open,0.3,16,/data/jiaxuanLin/AItrader/data/experiments/msgca/20260601_loss_ablation/runs/r030_topk005_open/checkpoints/msgca_epoch_16.pt,same_comp_2025,2025-06-02,2025-06-13,2025-06-03,2025-06-13,9,10,3,weighted,0.25,1.5,0.5,0.75,0.0,0.0,True,True,0.0221403758311236,0.0087559144282305,0.013384461402893,3.832599232187677,-0.0218953244407703,0.6444444444444444,,,,,,,,,0,,,,
r030_topk005_open,0.3,17,/data/jiaxuanLin/AItrader/data/experiments/msgca/20260601_loss_ablation/runs/r030_topk005_open/checkpoints/msgca_epoch_17.pt,same_comp_2025,2025-06-02,2025-06-13,2025-06-03,2025-06-13,9,10,3,weighted,0.25,1.5,0.5,0.75,0.0,0.0,True,True,0.0381564811881651,0.0247720197852721,0.013384461402893,7.200305851187043,-0.0148164720281326,0.6444444444444444,,,,,,,,,0,,,,
r030_topk005_open,0.3,18,/data/jiaxuanLin/AItrader/data/experiments/msgca/20260601_loss_ablation/runs/r030_topk005_open/checkpoints/msgca_epoch_18.pt,same_comp_2025,2025-06-02,2025-06-13,2025-06-03,2025-06-13,9,10,3,weighted,0.25,1.5,0.5,0.75,0.0,0.0,True,True,0.0108026630490818,-0.0025817983538112,0.013384461402893,3.126686920079685,-0.0127271447266894,0.6444444444444444,,,,,,,,,0,,,,
r030_topk005_open,0.3,19,/data/jiaxuanLin/AItrader/data/experiments/msgca/20260601_loss_ablation/runs/r030_topk005_open/checkpoints/msgca_epoch_19.pt,same_comp_2025,2025-06-02,2025-06-13,2025-06-03,2025-06-13,9,10,3,weighted,0.25,1.5,0.5,0.75,0.0,0.0,True,True,0.0317670256608586,0.0183825642579655,0.013384461402893,8.02923559786619,-0.0094862899308436,0.6444444444444444,,,,,,,,,0,,,,
r030_topk005_open,0.3,20,/data/jiaxuanLin/AItrader/data/experiments/msgca/20260601_loss_ablation/runs/r030_topk005_open/checkpoints/msgca_epoch_20.pt,same_comp_2025,2025-06-02,2025-06-13,2025-06-03,2025-06-13,9,10,3,weighted,0.25,1.5,0.5,0.75,0.0,0.0,True,True,0.0372430152149143,0.0238585538120212,0.013384461402893,8.672615281957421,-0.0133196016060375,0.6444444444444444,,,,,,,,,0,,,,
