wy,wr,wd,wc,cap_min_pct,top_n,daily_replace_k,val2026_strict_period_return,val2026_strict_excess_equal,val2026_strict_max_drawdown,val2026_strict_turnover_mean,hold2026_recent_period_return,hold2026_recent_excess_equal,hold2026_recent_max_drawdown,hold2026_recent_turnover_mean,same_pre_2025_period_return,same_pre_2025_excess_equal,same_pre_2025_max_drawdown,same_pre_2025_turnover_mean,same_comp_2025_period_return,same_comp_2025_excess_equal,same_comp_2025_max_drawdown,same_comp_2025_turnover_mean,selection_score_period
0.0,0.5,0.0,0.0,0.0,20,5,0.08736805243897838,-0.03162666039061146,-0.13314157454077025,0.5056818181818182,-0.06735733978276681,-0.025289215965322964,-0.05506017906674332,0.5833333333333334,-0.040361710053617106,-0.018748708230191813,-0.029458864340186075,0.5833333333333334,0.028693377670450104,0.015308916267557038,-0.033676109988799885,0.5555555555555556,-0.021070269961501114
0.0,0.5,0.0,0.0,0.0,20,3,0.006054009680389383,-0.11294070314920046,-0.1402077913317279,0.30795454545454537,-0.06142028090759866,-0.01935215709015481,-0.054289415259142104,0.4166666666666667,-0.06206274770479747,-0.04044974588137218,-0.0417148493627586,0.4166666666666667,0.018401209153757314,0.005016747750864248,-0.04458008166038652,0.3777777777777777,-0.060976305409255104
0.0,0.5,0.0,0.0,0.0,10,5,0.16403825989268705,0.04504354706309721,-0.16696499630810124,1.0,-0.05782005039592897,-0.01575192657848512,-0.054037482597119824,1.0,-0.05642910846396021,-0.034816106640534916,-0.03588783083940272,1.0,-0.04370430068161024,-0.05708876208450331,-0.0656441345588602,1.0,0.0025458842250167327
0.0,0.5,0.0,0.0,0.0,10,3,0.04280517663205896,-0.07618953619753088,-0.17190711043816653,0.6045454545454544,-0.06629030015041448,-0.024222176332970635,-0.054595959348845424,0.6666666666666666,-0.07128171857539778,-0.049668716751972486,-0.054821744457936306,0.6666666666666666,0.04527107965435562,0.03188661825146255,-0.05503989874645432,0.6444444444444444,-0.043008150147208046
0.0,0.5,0.0,0.0,0.5,20,5,0.06955039331399449,-0.04944431951559536,-0.11602414523588622,0.5056818181818182,-0.037899659059840274,0.004168464757603574,-0.02868138902459383,0.5833333333333334,-0.05229883735610097,-0.030685835532675676,-0.04018032922839365,0.5833333333333334,-0.031563208565851486,-0.04494766996874455,-0.039195314331731734,0.5555555555555556,-0.032552853417830055
0.0,0.5,0.0,0.0,0.5,20,3,-0.001125008896500579,-0.12011972172609042,-0.13360359551777634,0.30795454545454537,-0.02779762745942882,0.014270496358015028,-0.0335121569186847,0.4166666666666667,-0.057214511994391426,-0.03560151017096613,-0.04515886191245355,0.4166666666666667,-0.034767017106809406,-0.04815147850970247,-0.04353591395785228,0.3777777777777777,-0.06304919898933722
0.0,0.5,0.0,0.0,0.5,10,5,0.13169130365052717,0.012696590820937326,-0.15364668350357713,1.0,-0.05502157075053071,-0.012953446933086865,-0.050362924973002876,1.0,-0.06133100679034231,-0.03971800496691702,-0.03691127412260953,1.0,-0.04493212417823733,-0.0583165855811304,-0.053115365218214694,1.0,-0.012230084446057032
0.0,0.5,0.0,0.0,0.5,10,3,0.017758389786728834,-0.10123632304286101,-0.16982625797956663,0.6045454545454544,-0.05519489071485395,-0.013126766897410103,-0.034898294064479196,0.6666666666666666,-0.08984558376658303,-0.06823258194315773,-0.060643762723516015,0.6666666666666666,-0.04038503121406756,-0.053769492616960624,-0.05547489500796898,0.6444444444444444,-0.06713834827765773
0.0,0.5,0.0,0.25,0.0,20,5,0.13753884935548188,0.01854413652589204,-0.048035306562323354,0.5056818181818182,-0.04889524931225819,-0.006827125494814346,-0.051707280594499694,0.5833333333333334,-0.043144555830765374,-0.02153155400734008,-0.031797472630855306,0.5833333333333334,0.006943996336225,-0.006440465066668066,-0.03074405386152712,0.5555555555555556,0.0024422772018466102
0.0,0.5,0.0,0.25,0.0,20,3,0.05614287620014746,-0.06285183662944238,-0.07666838000188614,0.30795454545454537,-0.03918659313591377,0.0028815306815300756,-0.05215272129904902,0.4166666666666667,-0.038599107446566916,-0.016986105623141623,-0.04219952742454225,0.4166666666666667,-0.011075698849897009,-0.024460160252790075,-0.03770095131416129,0.3777777777777777,-0.03377988369425631
0.0,0.5,0.0,0.25,0.0,10,5,0.123025385872918,0.004030673043328159,-0.07063512026014307,1.0,-0.06113335923927876,-0.019065235421834914,-0.0481298767922933,1.0,-0.05276525157413259,-0.031152249750707295,-0.04441013540879968,1.0,-0.0526159455207007,-0.06600040692359377,-0.05799057988463174,1.0,-0.017525404487106214
0.0,0.5,0.0,0.25,0.0,10,3,-0.012737885646491476,-0.13173259847608132,-0.10380151824151074,0.6045454545454544,0.0017032337724038893,0.04377135758984774,-0.020883862265155373,0.6666666666666666,-0.03994861406618966,-0.018335612242764365,-0.051523831693019884,0.6666666666666666,-0.010310118482460884,-0.02369457988535395,-0.06193287180523621,0.6444444444444444,-0.05464135873599241
0.0,0.5,0.0,0.25,0.5,20,5,0.14088059652913976,0.021885883699549913,-0.048111296552179605,0.5056818181818182,-0.003835667669975895,0.03823245614746795,-0.015364809641241983,0.5833333333333334,-0.048626975097079916,-0.027013973273654623,-0.03786819015405174,0.5833333333333334,-0.03138843999401442,-0.04477290139690748,-0.036258309871475825,0.5555555555555556,0.008638730501080135
0.0,0.5,0.0,0.25,0.5,20,3,0.0656323861472492,-0.053362326682340644,-0.07807905103125956,0.30795454545454537,-0.0032899268570921736,0.038778196960351674,-0.030106189144169182,0.4166666666666667,-0.04273943581559103,-0.02112643399216574,-0.04063158815792023,0.4166666666666667,-0.02155543874136201,-0.034939900144255076,-0.02957302469861889,0.3777777777777777,-0.022728447887428494
0.0,0.5,0.0,0.25,0.5,10,5,0.08124005729751649,-0.037754655532073356,-0.07507189375673362,1.0,-0.02888753662886956,0.013180587188574289,-0.03110301855900044,1.0,-0.05505115135207583,-0.03343814952865054,-0.06168543889332678,1.0,-0.04766353236064369,-0.061047993763536756,-0.0453663632039456,1.0,-0.027867369686117534
0.0,0.5,0.0,0.25,0.5,10,3,-0.028045820123150933,-0.14704053295274078,-0.09684460011787566,0.6045454545454544,-0.024577610847404507,0.01749051297003934,-0.020883862265155373,0.6666666666666666,-0.03544346231810436,-0.013830460494679064,-0.06114207431974383,0.6666666666666666,-0.04439460843697052,-0.057779069839863584,-0.04807412747952455,0.6444444444444444,-0.07253704113640491
0.0,0.5,0.0,0.5,0.0,20,5,0.0765357458175111,-0.04245896701207874,-0.05657000470720741,0.5056818181818182,0.007547980557377709,0.04961610437482156,-0.02467960369597566,0.5833333333333334,-0.032416544785653034,-0.010803542962227741,-0.03388893606291865,0.5833333333333334,0.017719891850920932,0.004335430448027866,-0.008744643749296621,0.5555555555555556,-0.0076727259388600245
0.0,0.5,0.0,0.5,0.0,20,3,0.04676681278225647,-0.07222790004733337,-0.05360858026464399,0.30795454545454537,-0.013343592239672186,0.02872453157777166,-0.041792846437206044,0.4166666666666667,-0.022901163667911173,-0.00128816184448588,-0.03335493375746679,0.4166666666666667,-0.0025336944250328175,-0.015918155827925884,-0.026288095476960538,0.3777777777777777,-0.027902369777718868
0.0,0.5,0.0,0.5,0.0,10,5,0.025327765766391952,-0.09366694706319789,-0.09458851073292185,1.0,-0.02820430048046174,0.013863823336982106,-0.0194402387917042,1.0,-0.037070199097019474,-0.015457197273594181,-0.04864419754531912,1.0,-0.013536815882777664,-0.02692127728567073,-0.023208830111853596,1.0,-0.045040941528083266
0.0,0.5,0.0,0.5,0.0,10,3,-0.0011790943754481642,-0.12017380720503801,-0.06658926390568198,0.6045454545454544,0.007902333875127399,0.049970457692571246,-0.02995684238815377,0.6666666666666666,-0.05948513582321713,-0.037872133999791835,-0.07078971645658938,0.6666666666666666,-0.0007368469339408268,-0.014121308336833893,-0.017811993207335508,0.6444444444444444,-0.049384615169618146
0.0,0.5,0.0,0.5,0.5,20,5,0.07830482099147806,-0.04068989183811178,-0.05657000470720741,0.5056818181818182,0.007631479444718092,0.04969960326216194,-0.02467960369597566,0.5833333333333334,-0.02224259929310668,-0.0006295974696813866,-0.03048242375201582,0.5833333333333334,0.008601849232950043,-0.0047826121699430235,-0.009713748911944986,0.5555555555555556,-0.006697381957553478
0.0,0.5,0.0,0.5,0.5,20,3,0.0586512051961221,-0.06034350763346774,-0.05360858026464399,0.30795454545454537,-0.0050316242595804805,0.03703649955786337,-0.03162629420750607,0.4166666666666667,-0.01669422667663134,0.004918775146793952,-0.033119187353974566,0.4166666666666667,0.009878659718761007,-0.0035058016841320594,-0.015180346646193166,0.3777777777777777,-0.017683507526195356
0.0,0.5,0.0,0.5,0.5,10,5,0.01632858491025102,-0.10266612791933882,-0.09458851073292185,1.0,-0.015604133244437879,0.02646399057300597,-0.0194402387917042,1.0,-0.005500535311219523,0.01611246651220577,-0.02423055613708769,1.0,-0.039752304510283,-0.053136765913176065,-0.04916728271093962,1.0,-0.04513740483059652
0.0,0.5,0.0,0.5,0.5,10,3,-0.0079984906543481,-0.12699320348393794,-0.06658926390568198,0.6045454545454544,0.007902333875127399,0.049970457692571246,-0.02995684238815377,0.6666666666666666,-0.04031112545385729,-0.018698123630431995,-0.05403661035642304,0.6666666666666666,0.009156258760749214,-0.004228202642143852,-0.014101930621172709,0.6444444444444444,-0.04809327608551565
0.0,0.5,0.0,0.75,0.0,20,5,0.0327732203449691,-0.08622149248462074,-0.06998409018397667,0.5056818181818182,0.012351490243665664,0.05441961406110951,-0.016479571098089174,0.5833333333333334,-0.03663578081730312,-0.015022778993877828,-0.03845421523880477,0.5833333333333334,-0.0023296390417076873,-0.015714100444600754,-0.008571985599826193,0.5555555555555556,-0.029805300018573747
0.0,0.5,0.0,0.75,0.0,20,3,0.0475702495839776,-0.07142446324561225,-0.05966855150924533,0.30795454545454537,-0.016295914029111014,0.025772209788332834,-0.03394877441596833,0.4166666666666667,-0.03935484357480323,-0.01774184175137794,-0.0411681455269709,0.4166666666666667,0.01716052336553897,0.0037760619626459047,-0.008386243359510881,0.3777777777777777,-0.02779282298175211
0.0,0.5,0.0,0.75,0.0,10,5,-0.06652232419881632,-0.18551703702840616,-0.08820678391857828,1.0,-0.03417420402383664,0.007893919793607207,-0.025815610303398184,1.0,-0.05294803303237139,-0.031335031208946096,-0.05797018556267264,1.0,0.0061390236239673435,-0.007245437778925723,-0.01710695271299789,1.0,-0.08729625706256174
0.0,0.5,0.0,0.75,0.0,10,3,-0.00818301386586473,-0.12717772669545457,-0.05725568458428776,0.6045454545454544,0.000286074944446435,0.04235419876189028,-0.025016293197696826,0.6666666666666666,-0.05212771605216293,-0.03051471422873764,-0.05715421866793091,0.6666666666666666,0.01885291499051034,0.005468453587617272,-0.013269680174191611,0.6444444444444444,-0.050398366418650045
0.0,0.5,0.0,0.75,0.5,20,5,0.0327732203449691,-0.08622149248462074,-0.06998409018397667,0.5056818181818182,0.012351490243665664,0.05441961406110951,-0.016479571098089174,0.5833333333333334,-0.03180122550271414,-0.010188223679288844,-0.035911416362727655,0.5833333333333334,-0.004934168412672246,-0.018318629815565313,-0.011755467369292671,0.5555555555555556,-0.029470796127030085
0.0,0.5,0.0,0.75,0.5,20,3,0.0475702495839776,-0.07142446324561225,-0.05966855150924533,0.30795454545454537,-0.016295914029111014,0.025772209788332834,-0.03394877441596833,0.4166666666666667,-0.030950174327134983,-0.00933717250370969,-0.03548585837481566,0.4166666666666667,0.003561449817695461,-0.009823011585197605,-0.0069522920347615536,0.3777777777777777,-0.0285719836267784
0.0,0.5,0.0,0.75,0.5,10,5,-0.06652232419881632,-0.18551703702840616,-0.08820678391857828,1.0,-0.03417420402383664,0.007893919793607207,-0.025815610303398184,1.0,-0.043603589351112526,-0.021990587527687233,-0.048675294834276794,1.0,-0.00696239004353294,-0.020346851446426006,-0.017106952712998003,1.0,-0.08785980256049795
0.0,0.5,0.0,0.75,0.5,10,3,-0.00818301386586473,-0.12717772669545457,-0.05725568458428776,0.6045454545454544,0.000286074944446435,0.04235419876189028,-0.025016293197696826,0.6666666666666666,-0.05212771605216293,-0.03051471422873764,-0.05715421866793091,0.6666666666666666,0.0014740462996569725,-0.011910415103236094,-0.0132696801741915,0.6444444444444444,-0.053005196722278054
0.0,0.5,0.25,0.0,0.0,20,5,0.060720341757034335,-0.05827437107255551,-0.1375186926469042,0.5056818181818182,-0.07174314668901016,-0.029675022871566314,-0.05295500734937997,0.5833333333333334,-0.038593021810432226,-0.016980019987006933,-0.03050159877535985,0.5833333333333334,0.011961948568040448,-0.0014225128348526184,-0.0457465100155483,0.5555555555555556,-0.03640260262382049
0.0,0.5,0.25,0.0,0.0,20,3,0.011988733271651952,-0.10700597955793789,-0.14073923648940667,0.30795454545454537,-0.08257604882498026,-0.040507925007536416,-0.06578870894843691,0.4166666666666667,-0.037764503826146156,-0.016151502002720863,-0.029344281216859835,0.4166666666666667,0.012354592532635822,-0.0010298688702572445,-0.039877787199125936,0.3777777777777777,-0.060856877683902875
0.0,0.5,0.25,0.0,0.0,10,5,0.11770982843518696,-0.0012848843944028854,-0.1423331487553976,1.0,-0.07586152729936202,-0.03379340348191817,-0.0581059666173207,1.0,-0.06509195973587079,-0.04347895791244549,-0.044751285419125764,1.0,-0.02315847882329447,-0.03654294022618754,-0.052587889619507555,1.0,-0.021029833568755797
0.0,0.5,0.25,0.0,0.0,10,3,0.07293837836463468,-0.04605633446495516,-0.1419710912494846,0.6045454545454544,-0.04969446074708539,-0.007626336929641542,-0.03774116794080207,0.6666666666666666,-0.052674118641257706,-0.031061116817832413,-0.0320979916262627,0.6666666666666666,0.018952928153503246,0.005568466750610179,-0.050374166948726984,0.6444444444444444,-0.026455832251723543
0.0,0.5,0.25,0.0,0.5,20,5,0.0934995918431123,-0.02549512098647755,-0.10547891804921805,0.5056818181818182,-0.020862537377078105,0.021205586440365742,-0.019326139920949892,0.5833333333333334,-0.05622111152773546,-0.034608109704310164,-0.04199605580812049,0.5833333333333334,-0.03159976578004797,-0.04498422718294104,-0.039226667521948366,0.5555555555555556,-0.01811025836691114
0.0,0.5,0.25,0.0,0.5,20,3,-0.0013514336358587675,-0.12034614646544861,-0.0865568870761183,0.30795454545454537,-0.0175384612624776,0.024529662554966247,-0.01448418042160049,0.4166666666666667,-0.04819193532052035,-0.02657893349709506,-0.03654742224151364,0.4166666666666667,-0.006024332025334367,-0.019408793428227433,-0.026360328307821868,0.3777777777777777,-0.05492150930950869
0.0,0.5,0.25,0.0,0.5,10,5,0.0835849330554761,-0.03540977977411375,-0.12952646034727433,1.0,-0.051566816771430934,-0.009498692953987087,-0.019045165259620744,1.0,-0.05867620377017624,-0.037063201946750945,-0.054458927748264774,1.0,-0.06295992710293186,-0.07634438850582492,-0.07451074885588171,1.0,-0.03532021270473434
0.0,0.5,0.25,0.0,0.5,10,3,0.07095105557596448,-0.04804365725362536,-0.10001048525691236,0.6045454545454544,-0.019613644776317107,0.02245447904112674,-0.009112088767777138,0.6666666666666666,-0.047777616182070104,-0.02616461435864481,-0.054806030904127945,0.6666666666666666,-0.029158322616615995,-0.04254278401950906,-0.044145678014141376,0.6444444444444444,-0.02631213576057281
0.0,0.5,0.25,0.25,0.0,20,5,0.11824286108221904,-0.000751851747370802,-0.053884399140047834,0.5056818181818182,-0.041546889434595946,0.0005212343828479016,-0.04423878599123232,0.5833333333333334,-0.03309572469637845,-0.011482722872953155,-0.030645657669528537,0.5833333333333334,0.007957017474408357,-0.00542744392848471,-0.022847719463197302,0.5555555555555556,-0.0027445497108205654
0.0,0.5,0.25,0.25,0.0,20,3,0.11612507866141386,-0.002869634168175983,-0.04743517812587872,0.30795454545454537,-0.028279661636550824,0.013788462180893024,-0.03318432555724904,0.4166666666666667,-0.013257645038905363,0.00835535678451993,-0.02340927321928199,0.4166666666666667,-0.013277470780361122,-0.02666193218325419,-0.02616341920311538,0.3777777777777777,-0.000590206140266075
0.0,0.5,0.25,0.25,0.0,10,5,0.07811496213266333,-0.04087975069692651,-0.09003161386816705,1.0,-0.05196523293840016,-0.009897109120956316,-0.041090003992467206,1.0,-0.022448646923061477,-0.0008356450996361842,-0.04044713528553778,1.0,-0.014087416046721257,-0.027471877449614324,-0.028565492594970654,1.0,-0.025116293476243584
0.0,0.5,0.25,0.25,0.0,10,3,0.0665720266158949,-0.05242268621369495,-0.053336635731505044,0.6045454545454544,0.007354844609843925,0.04942296842728777,-0.0012731288564578058,0.6666666666666666,-0.013270335867290428,0.008342665956134865,-0.03009925789713863,0.6666666666666666,0.003165328948569135,-0.010219132454323931,-0.0227371587172297,0.6444444444444444,-0.011515936664069144
0.0,0.5,0.25,0.25,0.5,20,5,0.08367030396276465,-0.0353244088668252,-0.04935267298281787,0.5056818181818182,-0.008482701749098043,0.033585422068345805,-0.019653582275143577,0.5833333333333334,-0.030292820506384377,-0.008679818682959084,-0.03407946606586032,0.5833333333333334,-0.01815600676568041,-0.03154046816857348,-0.02780220351142426,0.5555555555555556,-0.013532671500714773
0.0,0.5,0.25,0.25,0.5,20,3,0.07829862031582602,-0.040696092513763826,-0.04643001230451704,0.30795454545454537,-0.002088461503997885,0.03997966231344596,-0.024074933677333377,0.4166666666666667,-0.03756281818204177,-0.015949816358616475,-0.03641739883603268,0.4166666666666667,-0.002174049360630703,-0.01555851076352377,-0.02088910845887093,0.3777777777777777,-0.01304457512115327
0.0,0.5,0.25,0.25,0.5,10,5,0.096711589626016,-0.02228312320357384,-0.06700891302297385,1.0,-0.024266419395081007,0.01780170442236284,-0.014923328760582222,1.0,-0.0278307512265763,-0.006217749403151007,-0.04445692655466882,1.0,-0.044597995663380297,-0.05798245706627336,-0.054988341801705864,1.0,-0.015207010306431174
0.0,0.5,0.25,0.25,0.5,10,3,0.04724508908927749,-0.07174962374031235,-0.05759872388839016,0.6045454545454544,0.029528085242291446,0.0715962090597353,-0.002343251207396424,0.6666666666666666,-0.038684936087053035,-0.01707193426362774,-0.05520501701617553,0.6666666666666666,-0.02246437323187589,-0.035848834634768956,-0.03573075937592196,0.6444444444444444,-0.02232639375296624
0.0,0.5,0.25,0.5,0.0,20,5,0.08564856520008068,-0.03334614762950916,-0.04929933859198521,0.5056818181818182,-0.015774468701673983,0.026293655115769865,-0.018853771248459772,0.5833333333333334,-0.02570833908986414,-0.004095337266438848,-0.03072221186047075,0.5833333333333334,0.003682762585960786,-0.00970169881693228,-0.006943629592086609,0.5555555555555556,-0.010501908066842326
0.0,0.5,0.25,0.5,0.0,20,3,0.055555122522077394,-0.06343959030751245,-0.051028783061081606,0.30795454545454537,-0.022201120021364096,0.019867003796079752,-0.0341733251618036,0.4166666666666667,-0.03069648842637962,-0.009083486602954327,-0.03568469132097518,0.4166666666666667,0.011462618744636721,-0.0019218426582563453,-0.0065530702674138075,0.3777777777777777,-0.025231864078542266
0.0,0.5,0.25,0.5,0.0,10,5,0.05918990401274615,-0.05980480881684369,-0.04959987754362294,1.0,-0.036893783994668694,0.005174339822775154,-0.024731530711164518,1.0,-0.05360609531699456,-0.03199309349356927,-0.054862598678080854,1.0,-0.016758178453935346,-0.030142639856828413,-0.01746103765672624,1.0,-0.03493893901444552
0.0,0.5,0.25,0.5,0.0,10,3,0.018691702841538538,-0.1003030099880513,-0.05027837225429477,0.6045454545454544,-0.02565791607278811,0.016410207744655736,-0.05363452626950094,0.6666666666666666,-0.05375074800791302,-0.032137746184487725,-0.05576147989349922,0.6666666666666666,-0.004821464630125116,-0.018205926033018183,-0.01464196152154984,0.6444444444444444,-0.04858535339108504
0.0,0.5,0.25,0.5,0.5,20,5,0.0771588036354649,-0.04183590919412494,-0.04929933859198521,0.5056818181818182,0.013603260266807693,0.05567138408425154,-0.01849192262589927,0.5833333333333334,-0.014629940114895823,0.00698306170852947,-0.02124791788899627,0.5833333333333334,0.0024276665825908594,-0.010956794820302207,-0.006943629592086609,0.5555555555555556,-0.005504373083059251
0.0,0.5,0.25,0.5,0.5,20,3,0.05923784482462602,-0.059756868004963826,-0.051028783061081606,0.30795454545454537,-0.004227318319600659,0.03784080549784319,-0.03946141438084627,0.4166666666666667,-0.019409001976944062,0.0022039998464812305,-0.025755379475047357,0.4166666666666667,0.0058270756518112865,-0.00755738575108178,-0.0065530702674138075,0.3777777777777777,-0.018233397113463008
0.0,0.5,0.25,0.5,0.5,10,5,0.05969466059084905,-0.0593000522387408,-0.04959987754362294,1.0,0.005459039998161108,0.047527163815604956,-0.016461913901567482,1.0,-0.03976072798783259,-0.018147726164407296,-0.041035613494554535,1.0,-0.02101402765769511,-0.03439848906058818,-0.02268219440838115,1.0,-0.02268516483728144
0.0,0.5,0.25,0.5,0.5,10,3,0.02781195014168003,-0.09118276268790981,-0.05027837225429477,0.6045454545454544,-0.02565791607278811,0.016410207744655736,-0.05363452626950094,0.6666666666666666,-0.04575097747811874,-0.024137975654693444,-0.04595256471875775,0.6666666666666666,-0.005974379822143661,-0.019358841225036727,-0.014641961521549951,0.6444444444444444,-0.043454213805355
0.0,0.5,0.25,0.75,0.0,20,5,0.015199955017663802,-0.10379475781192604,-0.07716166786834378,0.5056818181818182,-0.005060086095170835,0.03700803772227301,-0.01999203369915481,0.5833333333333334,-0.03632468948432399,-0.014711687660898698,-0.03870574198714316,0.5833333333333334,0.01254594776610296,-0.0008385136367901058,-0.009369929801909982,0.5555555555555556,-0.03978816177945179
0.0,0.5,0.25,0.75,0.0,20,3,0.022485939772919572,-0.09650877305667027,-0.06010876879060012,0.30795454545454537,-0.01725662974649622,0.024811494070947626,-0.02239436424955288,0.4166666666666667,-0.02890588190467791,-0.007292880081252617,-0.03130526482456053,0.4166666666666667,0.013829130385546451,0.0004446689826533845,-0.008807106676201215,0.3777777777777777,-0.038253306022554605
0.0,0.5,0.25,0.75,0.0,10,5,-0.06314307507902417,-0.182137787908614,-0.07195729258067696,1.0,-0.026495498371836956,0.015572625445606891,-0.024244976657629036,1.0,-0.031217741723067127,-0.009604739899641834,-0.03668794251980545,1.0,0.0036864767632511786,-0.009697984639641888,-0.006509092217233725,1.0,-0.08096425687836714
0.0,0.5,0.25,0.75,0.0,10,3,0.030849092138669043,-0.0881456206909208,-0.055333579746631,0.6045454545454544,-0.03142914629968363,0.010638977517760217,-0.030017433758378065,0.6666666666666666,-0.027887344868449238,-0.006274343045023945,-0.03337635065399902,0.6666666666666666,0.003727722617193452,-0.009656738785699615,-0.012532603110520846,0.6444444444444444,-0.039395447206082845
0.0,0.5,0.25,0.75,0.5,20,5,0.01688010697564879,-0.10211460585394105,-0.07716166786834378,0.5056818181818182,-0.005060086095170835,0.03700803772227301,-0.01999203369915481,0.5833333333333334,-0.03161147742575776,-0.009998475602332468,-0.034004175350272337,0.5833333333333334,0.004778880906197269,-0.008605580496695797,-0.009369929801909871,0.5555555555555556,-0.039490171618559465
0.0,0.5,0.25,0.75,0.5,20,3,0.022485939772919572,-0.09650877305667027,-0.06010876879060012,0.30795454545454537,-0.01725662974649622,0.024811494070947626,-0.02239436424955288,0.4166666666666667,-0.02890588190467791,-0.007292880081252617,-0.03130526482456053,0.4166666666666667,0.002771146729247942,-0.010613314673645124,-0.008641584258987867,0.3777777777777777,-0.03991200357099938
0.0,0.5,0.25,0.75,0.5,10,5,-0.06314307507902417,-0.182137787908614,-0.07195729258067696,1.0,-0.026495498371836956,0.015572625445606891,-0.024244976657629036,1.0,-0.031217741723067127,-0.009604739899641834,-0.03668794251980545,1.0,0.0006218373334914151,-0.012762624069401651,-0.007174184480803869,1.0,-0.08142395279283111
0.0,0.5,0.25,0.75,0.5,10,3,0.030849092138669043,-0.0881456206909208,-0.055333579746631,0.6045454545454544,-0.03142914629968363,0.010638977517760217,-0.030017433758378065,0.6666666666666666,-0.027887344868449238,-0.006274343045023945,-0.03337635065399902,0.6666666666666666,-0.005113935314181028,-0.018498396717074095,-0.012532603110520846,0.6444444444444444,-0.040721695895789015
0.0,0.5,0.5,0.0,0.0,20,5,0.1255841250925711,0.006589412262981265,-0.12313148353957182,0.5056818181818182,-0.08021023183084841,-0.03814210801340456,-0.05805259539532981,0.5833333333333334,-0.028858966471302594,-0.007245964647877301,-0.017464897207312702,0.5833333333333334,0.01591090271194684,0.002526441309053773,-0.021682766558416722,0.5555555555555556,-0.007278219985833101
0.0,0.5,0.5,0.0,0.0,20,3,0.048162717885133155,-0.07083199494445669,-0.1353857704326209,0.30795454545454537,-0.08944689087760893,-0.04737876706016508,-0.06472063961280872,0.4166666666666667,-0.02711978995658304,-0.005506788133157747,-0.018360630676431122,0.4166666666666667,0.0015781094401743356,-0.01180635196271873,-0.036782028625882535,0.3777777777777777,-0.046316060504428255
0.0,0.5,0.5,0.0,0.0,10,5,0.1212398868237754,0.0022451739941855564,-0.13235353245395998,1.0,-0.0985549243022611,-0.056486800484817246,-0.07298606251598183,1.0,-0.02876738516993893,-0.0071543833465136375,-0.016750614586472645,1.0,0.01885239776649761,0.005467936363604542,-0.016424785579067236,1.0,-0.013364338871257174
0.0,0.5,0.5,0.0,0.0,10,3,0.0778199400297428,-0.04117477279984705,-0.13720503040219634,0.6045454545454544,-0.07446712668061828,-0.03239900286317443,-0.0630532237335184,0.6666666666666666,-0.03645050342023093,-0.014837501596805636,-0.015253463830351865,0.6666666666666666,0.0067026924032300705,-0.006681768999662996,-0.03127831349271848,0.6444444444444444,-0.029856289065195076
0.0,0.5,0.5,0.0,0.5,20,5,0.0053753889575187674,-0.11361932387207108,-0.10821622703646916,0.5056818181818182,-0.06930943545125068,-0.02724131163380683,-0.041176120431936525,0.5833333333333334,-0.03852083184790778,-0.016907830024482484,-0.03224185263260326,0.5833333333333334,-0.004346311138238135,-0.0177307725411312,-0.026356863952365917,0.5555555555555556,-0.06313481403572574
0.0,0.5,0.5,0.0,0.5,20,3,-0.0025575106454122087,-0.12155222347500205,-0.09336334245677336,0.30795454545454537,-0.051624587350658,-0.009556463533214155,-0.02277970766332782,0.4166666666666667,-0.04087452593455598,-0.01926152411113069,-0.03237858439329466,0.4166666666666667,-0.002746862669563588,-0.016131324072456654,-0.025017096790000415,0.3777777777777777,-0.06239654367459257
0.0,0.5,0.5,0.0,0.5,10,5,-0.028356380248684587,-0.14735109307827443,-0.15400617986658893,1.0,-0.049581683373812746,-0.007513559556368898,-0.023307053473191286,1.0,-0.06774565288763212,-0.04613265106420683,-0.0546760735447378,1.0,-0.011184095614419687,-0.024568557017312753,-0.03294015399665329,1.0,-0.07879156298654366
0.0,0.5,0.5,0.0,0.5,10,3,0.07056142784451813,-0.04843328498507171,-0.09845817670037482,0.6045454545454544,-0.07980605755472092,-0.037737933737277074,-0.04930232061475348,0.6666666666666666,-0.051869858552859194,-0.0302568567294339,-0.030925534236941554,0.6666666666666666,-0.008470330675854454,-0.02185479207874752,-0.03427381466295487,0.6444444444444444,-0.039046208998828755
0.0,0.5,0.5,0.25,0.0,20,5,0.08062822429070593,-0.038366488538883914,-0.06905278920078928,0.5056818181818182,-0.05732304682793077,-0.01525492301048692,-0.050275651469761096,0.5833333333333334,-0.01978995947553419,0.0018230423478911018,-0.02473576239366848,0.5833333333333334,-0.00014359740646374686,-0.013528058809356813,-0.014906373206677648,0.5555555555555556,-0.02283440306433935
0.0,0.5,0.5,0.25,0.0,20,3,0.045826805435681406,-0.07316790739390844,-0.05576449749929324,0.30795454545454537,-0.03471081284156696,0.007357310975876885,-0.038743900165097545,0.4166666666666667,-0.024876086524022734,-0.0032630847005974406,-0.022399867727887268,0.4166666666666667,-0.001519066774039901,-0.014903528176932967,-0.016997955611635196,0.3777777777777777,-0.03381122251491914
0.0,0.5,0.5,0.25,0.0,10,5,0.13945981382073414,0.02046510099114429,-0.07142058815671681,1.0,-0.08390288083880793,-0.04183475702136408,-0.05374040907649413,1.0,-0.050208726028794115,-0.028595724205368822,-0.05478679742462489,1.0,-0.004206602986242092,-0.017591064389135158,-0.027219045724444668,1.0,-0.008177412098501684
0.0,0.5,0.5,0.25,0.0,10,3,-0.005468326678980007,-0.12446303950856985,-0.08733999577573648,0.6045454545454544,0.006024390989030959,0.048092514806474806,0.0,0.6666666666666666,-0.058082478647021096,-0.0364694768235958,-0.06601055739990247,0.6666666666666666,0.0071906084257544745,-0.006193852977138592,-0.02328829065808813,0.6444444444444444,-0.05038473854734789
0.0,0.5,0.5,0.25,0.5,20,5,0.04194897220932936,-0.07704574062026048,-0.06668751769298187,0.5056818181818182,-0.0071568845546995385,0.03491123926274431,-0.015736643579455034,0.5833333333333334,-0.025860047389700158,-0.004247045566274865,-0.031579781608224056,0.5833333333333334,-0.007363474909578449,-0.020747936312471515,-0.01582110185584007,0.5555555555555556,-0.029692020745243103
0.0,0.5,0.5,0.25,0.5,20,3,0.036401459350364096,-0.08259325347922575,-0.05252516902467441,0.30795454545454537,-0.012792836320749013,0.029275287496694835,-0.024354565241546333,0.4166666666666667,-0.024892797099938968,-0.003279795276513675,-0.029094533192126404,0.4166666666666667,-0.0005867246635562484,-0.013971186066449315,-0.01573417793849552,0.3777777777777777,-0.032435789392922326
0.0,0.5,0.5,0.25,0.5,10,5,0.017010269193748373,-0.10198444363584147,-0.0891167391633908,1.0,-0.03066603441442206,0.011402089403021787,-0.030905173717731715,1.0,-0.03129323928952554,-0.00968023746610025,-0.039742940934417215,1.0,-0.017536943395726645,-0.03092140479861971,-0.023670069864529575,1.0,-0.04913272362508121
0.0,0.5,0.5,0.25,0.5,10,3,-0.05744518231387474,-0.1764398951434646,-0.07423961445512983,0.6045454545454544,0.010676641930662978,0.052744765748106825,-0.004751575715392864,0.6666666666666666,-0.04927974875771379,-0.0276667469342885,-0.04974822093593545,0.6666666666666666,0.007200104445530542,-0.0061843569573625246,-0.022131917130941425,0.6444444444444444,-0.07128942696128002
0.0,0.5,0.5,0.5,0.0,20,5,0.06454627247528477,-0.05444844035430507,-0.04891749449576521,0.5056818181818182,-0.04385581001040184,-0.0017876861929579935,-0.034593231598233576,0.5833333333333334,-0.027615975470407284,-0.0060029736469819905,-0.02687350952760903,0.5833333333333334,0.007752968774999758,-0.005631492627893309,-0.010208986276273535,0.5555555555555556,-0.02669388964890808
0.0,0.5,0.5,0.5,0.0,20,3,0.053919284819264,-0.06507542801032584,-0.04147032023042563,0.30795454545454537,-0.033286251633273256,0.008781872184170592,-0.01984558469427644,0.4166666666666667,-0.027600559883962927,-0.005987558060537634,-0.02685808217055996,0.4166666666666667,0.012016347707069608,-0.0013681136958234585,-0.007856971042068062,0.3777777777777777,-0.028191825322058144
0.0,0.5,0.5,0.5,0.0,10,5,0.02032649547162002,-0.09866821735796982,-0.0640053147552826,1.0,-0.03644989664038201,0.005618227177061841,-0.021693655007671953,1.0,-0.03229809955122265,-0.010685097727797355,-0.03660094439412198,1.0,0.0032767718355224407,-0.010107689567370626,-0.019737642687467027,1.0,-0.04611505911109616
0.0,0.5,0.5,0.5,0.0,10,3,0.04877245260246177,-0.07022226022712807,-0.0480002512046539,0.6045454545454544,-0.0174264110271104,0.024641712790333448,-0.013307319093048608,0.6666666666666666,-0.02931043262470512,-0.007697430801279825,-0.03362656199998071,0.6666666666666666,0.0051659158722408005,-0.008218545530652266,-0.016853462300893796,0.6444444444444444,-0.027826985354414083
0.0,0.5,0.5,0.5,0.5,20,5,0.06035116881487257,-0.058643544014717275,-0.04851002866788856,0.5056818181818182,-0.038582123239762955,0.0034860005776808922,-0.03615805339535694,0.5833333333333334,-0.024479920931976484,-0.0028669191085511914,-0.023735060447895306,0.5833333333333334,-0.0036611027007144026,-0.01704556410360747,-0.011256053605127825,0.5555555555555556,-0.02850496714402635
0.0,0.5,0.5,0.5,0.5,20,3,0.06573692696749212,-0.05325778586209773,-0.041492625796999305,0.30795454545454537,-0.027250967616121557,0.01481715620132229,-0.02609333155022675,0.4166666666666667,-0.02198481202287972,-0.0003718101994544254,-0.021238046392948906,0.4166666666666667,0.003419357162661729,-0.009965104240231337,-0.007856971042068062,0.3777777777777777,-0.02181225175356627
0.0,0.5,0.5,0.5,0.5,10,5,0.01612096180611,-0.10287375102347984,-0.049759918266876646,1.0,-0.025925121134534046,0.0161430026829098,-0.021239807003024858,1.0,-0.02291846200133818,-0.0013054601779128872,-0.02726301299883027,1.0,-0.010925222780909238,-0.024309684183802305,-0.01973764268746714,1.0,-0.046099708944095756
0.0,0.5,0.5,0.5,0.5,10,3,0.043321168489821815,-0.07567354433976803,-0.04761494446051329,0.6045454545454544,0.0046199249794671715,0.04668804879691102,-0.013307319093048608,0.6666666666666666,-0.019065928631127327,0.002547073192297966,-0.023427609752406986,0.6666666666666666,-0.008711027132029425,-0.02209548853492249,-0.016853462300893685,0.6444444444444444,-0.02531334505506154
0.0,0.5,0.5,0.75,0.0,20,5,0.019046154114841007,-0.09994855871474884,-0.06298005360017267,0.5056818181818182,-0.021285952868618785,0.020782170948825063,-0.013753524729609445,0.5833333333333334,-0.018687691766340664,0.002925310057084629,-0.019912421305854133,0.5833333333333334,0.0057892412404882965,-0.00759522016240477,-0.008793220779205746,0.5555555555555556,-0.04048179520022873
0.0,0.5,0.5,0.75,0.0,20,3,0.028571632934436098,-0.09042307989515375,-0.0560625342796075,0.30795454545454537,-0.03402598514869515,0.0080421386687487,-0.02563709372118461,0.4166666666666667,-0.01509123764087672,0.006521764182548573,-0.01632045574490526,0.4166666666666667,0.007291839138644063,-0.0060926222642490035,-0.007825294258023918,0.3777777777777777,-0.03861547999788708
0.0,0.5,0.5,0.75,0.0,10,5,-0.04594390395965364,-0.1649386167892435,-0.07260762531381271,1.0,-0.042563374530175,-0.0004952507127311545,-0.03284220820209327,1.0,-0.018636251407412874,0.002976750416012419,-0.021779852671712674,1.0,-0.01091382898265969,-0.024298290385552757,-0.0158428810015816,1.0,-0.07754442122877342
0.0,0.5,0.5,0.75,0.0,10,3,0.0005658462188686819,-0.11842886661072116,-0.040116206293081214,0.6045454545454544,-0.027296955454964023,0.014771168362479825,-0.02125567805581141,0.6666666666666666,-0.019101349179188376,0.002511652644236917,-0.022243460596379494,0.6666666666666666,-0.017949060781802695,-0.03133352218469576,-0.022783453639453555,0.6444444444444444,-0.053923478315273395
0.0,0.5,0.5,0.75,0.5,20,5,0.020045333238075003,-0.09894937959151484,-0.06298005360017267,0.5056818181818182,-0.021285952868618785,0.020782170948825063,-0.013753524729609445,0.5833333333333334,-0.018687691766340664,0.002925310057084629,-0.019912421305854133,0.5833333333333334,0.0019330973763080905,-0.011451364026584976,-0.0066068560725564,0.5555555555555556,-0.04061058617440046
0.0,0.5,0.5,0.75,0.5,20,3,0.019767974913670106,-0.09922673791591974,-0.0560625342796075,0.30795454545454537,-0.03402598514869515,0.0080421386687487,-0.02563709372118461,0.4166666666666667,-0.01509123764087672,0.006521764182548573,-0.01632045574490526,0.4166666666666667,0.007291839138644063,-0.0060926222642490035,-0.007825294258023918,0.3777777777777777,-0.04257712610723178
0.0,0.5,0.5,0.75,0.5,10,5,-0.045489777847809165,-0.164484490677399,-0.07260762531381271,1.0,-0.042563374530175,-0.0004952507127311545,-0.03284220820209327,1.0,-0.018636251407412874,0.002976750416012419,-0.021779852671712674,1.0,-0.01091382898265969,-0.024298290385552757,-0.0158428810015816,1.0,-0.0773400644784434
0.0,0.5,0.5,0.75,0.5,10,3,0.011908895378185402,-0.10708581745140444,-0.040116206293081214,0.6045454545454544,-0.027296955454964023,0.014771168362479825,-0.02125567805581141,0.6666666666666666,-0.019101349179188376,0.002511652644236917,-0.022243460596379494,0.6666666666666666,-0.017949060781802695,-0.03133352218469576,-0.022783453639453555,0.6444444444444444,-0.04881910619358087
0.0,1.0,0.0,0.0,0.0,20,5,0.08736805243897838,-0.03162666039061146,-0.13314157454077025,0.5056818181818182,-0.06735733978276681,-0.025289215965322964,-0.05506017906674332,0.5833333333333334,-0.040361710053617106,-0.018748708230191813,-0.029458864340186075,0.5833333333333334,0.028693377670450104,0.015308916267557038,-0.033676109988799885,0.5555555555555556,-0.021070269961501114
0.0,1.0,0.0,0.0,0.0,20,3,0.006054009680389383,-0.11294070314920046,-0.1402077913317279,0.30795454545454537,-0.06142028090759866,-0.01935215709015481,-0.054289415259142104,0.4166666666666667,-0.06206274770479747,-0.04044974588137218,-0.0417148493627586,0.4166666666666667,0.018401209153757314,0.005016747750864248,-0.04458008166038652,0.3777777777777777,-0.060976305409255104
0.0,1.0,0.0,0.0,0.0,10,5,0.16403825989268705,0.04504354706309721,-0.16696499630810124,1.0,-0.05782005039592897,-0.01575192657848512,-0.054037482597119824,1.0,-0.05642910846396021,-0.034816106640534916,-0.03588783083940272,1.0,-0.04370430068161024,-0.05708876208450331,-0.0656441345588602,1.0,0.0025458842250167327
0.0,1.0,0.0,0.0,0.0,10,3,0.04280517663205896,-0.07618953619753088,-0.17190711043816653,0.6045454545454544,-0.06629030015041448,-0.024222176332970635,-0.054595959348845424,0.6666666666666666,-0.07128171857539778,-0.049668716751972486,-0.054821744457936306,0.6666666666666666,0.04527107965435562,0.03188661825146255,-0.05503989874645432,0.6444444444444444,-0.043008150147208046
0.0,1.0,0.0,0.0,0.5,20,5,0.06955039331399449,-0.04944431951559536,-0.11602414523588622,0.5056818181818182,-0.037899659059840274,0.004168464757603574,-0.02868138902459383,0.5833333333333334,-0.05229883735610097,-0.030685835532675676,-0.04018032922839365,0.5833333333333334,-0.031563208565851486,-0.04494766996874455,-0.039195314331731734,0.5555555555555556,-0.032552853417830055
0.0,1.0,0.0,0.0,0.5,20,3,-0.001125008896500579,-0.12011972172609042,-0.13360359551777634,0.30795454545454537,-0.02779762745942882,0.014270496358015028,-0.0335121569186847,0.4166666666666667,-0.057214511994391426,-0.03560151017096613,-0.04515886191245355,0.4166666666666667,-0.034767017106809406,-0.04815147850970247,-0.04353591395785228,0.3777777777777777,-0.06304919898933722
0.0,1.0,0.0,0.0,0.5,10,5,0.13169130365052717,0.012696590820937326,-0.15364668350357713,1.0,-0.05502157075053071,-0.012953446933086865,-0.050362924973002876,1.0,-0.06133100679034231,-0.03971800496691702,-0.03691127412260953,1.0,-0.04493212417823733,-0.0583165855811304,-0.053115365218214694,1.0,-0.012230084446057032
0.0,1.0,0.0,0.0,0.5,10,3,0.017758389786728834,-0.10123632304286101,-0.16982625797956663,0.6045454545454544,-0.05519489071485395,-0.013126766897410103,-0.034898294064479196,0.6666666666666666,-0.08984558376658303,-0.06823258194315773,-0.060643762723516015,0.6666666666666666,-0.04038503121406756,-0.053769492616960624,-0.05547489500796898,0.6444444444444444,-0.06713834827765773
0.0,1.0,0.0,0.25,0.0,20,5,0.0634467591188781,-0.05554795371071175,-0.11315615583280325,0.5056818181818182,-0.050963136942951404,-0.008895013125507556,-0.04003564260484116,0.5833333333333334,-0.05715790606538451,-0.03554490424195922,-0.03570446812510486,0.5833333333333334,0.021964907500791275,0.008580446097898209,-0.03574937742137341,0.5555555555555556,-0.031265001172806325
0.0,1.0,0.0,0.25,0.0,20,3,0.004701362419426314,-0.11429335041016353,-0.13688209389039252,0.30795454545454537,-0.05187401481440912,-0.009805890996965272,-0.047387069244672175,0.4166666666666667,-0.06705933894184446,-0.04544633711841917,-0.04506391543881494,0.4166666666666667,-0.0009762551383429852,-0.014360716541236052,-0.04333033950055909,0.3777777777777777,-0.06285453848276319
0.0,1.0,0.0,0.25,0.0,10,5,0.03032624836688047,-0.08866846446270937,-0.18472276621614347,1.0,-0.03193520864018651,0.01013291517725734,-0.03586008111269268,1.0,-0.06092072530128012,-0.03930772347785483,-0.053156833996580555,1.0,-0.028629923598639473,-0.04201438500153254,-0.05391842641195421,1.0,-0.04956589648581299
0.0,1.0,0.0,0.25,0.0,10,3,0.04876280924776211,-0.07023190358182774,-0.14641686306645552,0.6045454545454544,-0.0234626426625113,0.018605481154932546,-0.034282245989789906,0.6666666666666666,-0.06901993673694429,-0.047406934913518994,-0.06280755965415619,0.6666666666666666,0.0041321165408876315,-0.009252344862005435,-0.06626896671325755,0.6444444444444444,-0.03545187828941801
0.0,1.0,0.0,0.25,0.5,20,5,0.06856094887171382,-0.05043376395787602,-0.09837270843509427,0.5056818181818182,-0.010282272854544305,0.03178585096289954,-0.012769926087558225,0.5833333333333334,-0.053992560988821325,-0.03237955916539603,-0.04202297317179027,0.5833333333333334,-0.027568712966130837,-0.040953174369023904,-0.030113325666916713,0.5555555555555556,-0.025748641070482317
0.0,1.0,0.0,0.25,0.5,20,3,0.04848943875368761,-0.07050527407590224,-0.10985784547459332,0.30795454545454537,-0.02781047432492556,0.014257649492518287,-0.039632283902220844,0.4166666666666667,-0.051343057724546615,-0.02973005590112132,-0.04085008645526855,0.4166666666666667,-0.02960182948434187,-0.042986290887234935,-0.031818703181225705,0.3777777777777777,-0.03907041297927987
0.0,1.0,0.0,0.25,0.5,10,5,0.17454330488528425,0.0555485920556944,-0.11625674481577908,1.0,-0.030691626119429327,0.01137649769801452,-0.01955634082561508,1.0,-0.060613687254743365,-0.03900068543131807,-0.04510732835779574,1.0,-0.055107623139840745,-0.06849208454273381,-0.0649198334925708,1.0,0.011717075353458329
0.0,1.0,0.0,0.25,0.5,10,3,0.1276941930710791,0.008699480241489255,-0.11547941292445296,0.6045454545454544,-0.027050430630549238,0.01501769318689461,-0.01941370677734089,0.6666666666666666,-0.05702044344667434,-0.03540744162324905,-0.06099697783092928,0.6666666666666666,-0.03846433529864901,-0.05184879670154208,-0.051533662863932905,0.6444444444444444,-0.005419246343324851
0.0,1.0,0.0,0.5,0.0,20,5,0.13753884935548188,0.01854413652589204,-0.048035306562323354,0.5056818181818182,-0.04889524931225819,-0.006827125494814346,-0.051707280594499694,0.5833333333333334,-0.043144555830765374,-0.02153155400734008,-0.031797472630855306,0.5833333333333334,0.006943996336225,-0.006440465066668066,-0.03074405386152712,0.5555555555555556,0.0024422772018466102
0.0,1.0,0.0,0.5,0.0,20,3,0.05614287620014746,-0.06285183662944238,-0.07666838000188614,0.30795454545454537,-0.03918659313591377,0.0028815306815300756,-0.05215272129904902,0.4166666666666667,-0.038599107446566916,-0.016986105623141623,-0.04219952742454225,0.4166666666666667,-0.011075698849897009,-0.024460160252790075,-0.03770095131416129,0.3777777777777777,-0.03377988369425631
0.0,1.0,0.0,0.5,0.0,10,5,0.123025385872918,0.004030673043328159,-0.07063512026014307,1.0,-0.06113335923927876,-0.019065235421834914,-0.0481298767922933,1.0,-0.05276525157413259,-0.031152249750707295,-0.04441013540879968,1.0,-0.0526159455207007,-0.06600040692359377,-0.05799057988463174,1.0,-0.017525404487106214
0.0,1.0,0.0,0.5,0.0,10,3,-0.012737885646491476,-0.13173259847608132,-0.10380151824151074,0.6045454545454544,0.0017032337724038893,0.04377135758984774,-0.020883862265155373,0.6666666666666666,-0.03994861406618966,-0.018335612242764365,-0.051523831693019884,0.6666666666666666,-0.010310118482460884,-0.02369457988535395,-0.06193287180523621,0.6444444444444444,-0.05464135873599241
0.0,1.0,0.0,0.5,0.5,20,5,0.14088059652913976,0.021885883699549913,-0.048111296552179605,0.5056818181818182,-0.003835667669975895,0.03823245614746795,-0.015364809641241983,0.5833333333333334,-0.048626975097079916,-0.027013973273654623,-0.03786819015405174,0.5833333333333334,-0.03138843999401442,-0.04477290139690748,-0.036258309871475825,0.5555555555555556,0.008638730501080135
0.0,1.0,0.0,0.5,0.5,20,3,0.0656323861472492,-0.053362326682340644,-0.07807905103125956,0.30795454545454537,-0.0032899268570921736,0.038778196960351674,-0.030106189144169182,0.4166666666666667,-0.04273943581559103,-0.02112643399216574,-0.04063158815792023,0.4166666666666667,-0.02155543874136201,-0.034939900144255076,-0.02957302469861889,0.3777777777777777,-0.022728447887428494
0.0,1.0,0.0,0.5,0.5,10,5,0.08124005729751649,-0.037754655532073356,-0.07507189375673362,1.0,-0.02888753662886956,0.013180587188574289,-0.03110301855900044,1.0,-0.05505115135207583,-0.03343814952865054,-0.06168543889332678,1.0,-0.04766353236064369,-0.061047993763536756,-0.0453663632039456,1.0,-0.027867369686117534
0.0,1.0,0.0,0.5,0.5,10,3,-0.028045820123150933,-0.14704053295274078,-0.09684460011787566,0.6045454545454544,-0.024577610847404507,0.01749051297003934,-0.020883862265155373,0.6666666666666666,-0.03544346231810436,-0.013830460494679064,-0.06114207431974383,0.6666666666666666,-0.04439460843697052,-0.057779069839863584,-0.04807412747952455,0.6444444444444444,-0.07253704113640491
0.0,1.0,0.0,0.75,0.0,20,5,0.09064462754718039,-0.028350085282409454,-0.043016799776789405,0.5056818181818182,-0.02491717085040468,0.017150952967039168,-0.03922011815288251,0.5833333333333334,-0.02865342127027326,-0.0070404194468479675,-0.03702951065017346,0.5833333333333334,-0.00615613389514813,-0.019540595298041197,-0.031619301962279134,0.5555555555555556,-0.012456952347057838
0.0,1.0,0.0,0.75,0.0,20,3,0.06993585926812429,-0.049058853561465554,-0.04744794814170061,0.30795454545454537,-0.002372037131468052,0.039696086685975795,-0.0402961750875368,0.4166666666666667,-0.020586429774100523,0.0010265720493247699,-0.03141906430738017,0.4166666666666667,-0.013006244559131241,-0.026390705962024308,-0.040151278114879396,0.3777777777777777,-0.01595708251807048
0.0,1.0,0.0,0.75,0.0,10,5,0.03133685955570087,-0.08765785327388897,-0.07534218550507432,1.0,-0.036644225419400156,0.005423898398043692,-0.054990194891975985,1.0,-0.07718778972124485,-0.055574787897819555,-0.07888653689611214,1.0,-0.01869973043759976,-0.032084191840492826,-0.02923663654274722,1.0,-0.05123890633448598
0.0,1.0,0.0,0.75,0.0,10,3,-0.006771804911722246,-0.1257665177413121,-0.0631746846101352,0.6045454545454544,0.028942207891840876,0.07101033170928472,-0.02020064402743682,0.6666666666666666,-0.039127051506571586,-0.017514049683146293,-0.05196417592018354,0.6666666666666666,-0.0418630755586793,-0.05524753696157236,-0.06726891923714173,0.6444444444444444,-0.04975658805297706
0.0,1.0,0.0,0.75,0.5,20,5,0.08813799811165102,-0.030856714717938827,-0.043016799776789405,0.5056818181818182,-0.00791087450468686,0.03415724931275699,-0.03739334511834613,0.5833333333333334,-0.022750005513552995,-0.0011370036901277025,-0.027691288925803748,0.5833333333333334,-0.008591132304593185,-0.021975593707486252,-0.014678908319474937,0.5555555555555556,-0.008813098904525318
0.0,1.0,0.0,0.75,0.5,20,3,0.08851283738887039,-0.030481875440719453,-0.04744794814170061,0.30795454545454537,-0.006830540383549577,0.03523758343389427,-0.03802482206864721,0.4166666666666667,-0.022299142101168568,-0.0006861402777432746,-0.03433498395712309,0.4166666666666667,-0.022916890071840612,-0.03630135147473368,-0.029954544853877607,0.3777777777777777,-0.010455571852721729
0.0,1.0,0.0,0.75,0.5,10,5,0.016923005886576803,-0.10207170694301304,-0.07534218550507432,1.0,-0.03744412380683082,0.0046240000106130275,-0.04087386572455465,1.0,-0.029899564481450258,-0.008286562658024965,-0.040942492860243096,1.0,-0.04236045727600357,-0.05574491867889664,-0.05093502393441918,1.0,-0.054380990322240856
0.0,1.0,0.0,0.75,0.5,10,3,-0.004688484327516562,-0.1236831971571064,-0.0631746846101352,0.6045454545454544,0.011887293829939471,0.05395541764738332,-0.029529619372823057,0.6666666666666666,-0.054942742174913684,-0.03332974035148839,-0.06101416851190955,0.6666666666666666,-0.007039907107109333,-0.0204243685100024,-0.0317873273609639,0.6444444444444444,-0.05023170063807568
0.0,1.0,0.25,0.0,0.0,20,5,0.09348671856986113,-0.025507994259728717,-0.14311336852755485,0.5056818181818182,-0.07366490242265589,-0.03159677860521204,-0.05474479097293461,0.5833333333333334,-0.04213197642182809,-0.020518974598402795,-0.03304057636260982,0.5833333333333334,0.013412207442236257,2.774603934319053e-05,-0.038835774633528275,0.5555555555555556,-0.02245147635203987
0.0,1.0,0.25,0.0,0.0,20,3,-0.028007244803804676,-0.14700195763339452,-0.13734893283810912,0.30795454545454537,-0.0765017257636641,-0.03443360194622025,-0.054270723767993245,0.4166666666666667,-0.03845526322100856,-0.01684226139758327,-0.031170083245039004,0.4166666666666667,0.028218613813187243,0.014834152410294177,-0.04671507209237313,0.3777777777777777,-0.07506049776967597
0.0,1.0,0.25,0.0,0.0,10,5,0.15015412444543008,0.031159411615840238,-0.15065270670536546,1.0,-0.08933044388682176,-0.04726232006937792,-0.07183366278474013,1.0,-0.07570810633083769,-0.054095104507412395,-0.05302740557994723,1.0,-0.055991844322945905,-0.06937630572583897,-0.06727858861661162,1.0,-0.016314556325204076
0.0,1.0,0.25,0.0,0.0,10,3,0.012891585039647158,-0.10610312778994269,-0.1524006417244106,0.6045454545454544,-0.07511464565133674,-0.033046521833892895,-0.063530826250215,0.6666666666666666,-0.056392503605740996,-0.0347795017823157,-0.033451358920663865,0.6666666666666666,-0.002394512065327925,-0.01577897346822099,-0.08565088385804553,0.6444444444444444,-0.06359180925152794
0.0,1.0,0.25,0.0,0.5,20,5,0.02220433287802792,-0.09679037995156192,-0.1403235535891617,0.5056818181818182,-0.030014443031591176,0.012053680785852672,-0.02646100668625606,0.5833333333333334,-0.05690976497983402,-0.03529676315640873,-0.04127578715423563,0.5833333333333334,-0.02116907215503505,-0.03455353355792812,-0.03163640162043779,0.5555555555555556,-0.051019795288890224
0.0,1.0,0.25,0.0,0.5,20,3,-0.0202469875682576,-0.13924170039784745,-0.09531994021900325,0.30795454545454537,-0.023056535946422763,0.019011587871021085,-0.024998456274867076,0.4166666666666667,-0.0512639262197262,-0.029650924396300904,-0.03989154435907605,0.4166666666666667,-0.03381533701653905,-0.047199798419432115,-0.04365546246873453,0.3777777777777777,-0.06943347663363603
0.0,1.0,0.25,0.0,0.5,10,5,0.12342997279470769,0.004435259965117844,-0.12398875805076015,1.0,-0.05289598383076055,-0.010827860013316704,-0.027829626358037984,1.0,-0.05166987156178193,-0.03005686973835664,-0.04364841688983345,1.0,-0.06983451598495383,-0.08321897738784689,-0.0755353431639948,1.0,-0.017702475087956675
0.0,1.0,0.25,0.0,0.5,10,3,0.055512919891363754,-0.06348179293822609,-0.10339859565855458,0.6045454545454544,-0.05948921032178578,-0.01742108650434193,-0.03170916739522234,0.6666666666666666,-0.061554783379576095,-0.0399417815561508,-0.05985467889121665,0.6666666666666666,-0.05266677272668374,-0.06605123412957681,-0.06711691611585247,0.6444444444444444,-0.048821030801146366
0.0,1.0,0.25,0.25,0.0,20,5,0.0845755002602584,-0.03441921256933145,-0.08857045769861438,0.5056818181818182,-0.03945494635883928,0.0026131774586045653,-0.03707908312790398,0.5833333333333334,-0.05592076736547891,-0.034307765542053614,-0.03852283159728709,0.5833333333333334,-0.012616122732707402,-0.02600058413560047,-0.05385608771492767,0.5555555555555556,-0.023881603743196124
0.0,1.0,0.25,0.25,0.0,20,3,0.02777417389562631,-0.09122053893396354,-0.07765350488690859,0.30795454545454537,-0.0620971147861038,-0.020028990968659954,-0.05041224698577762,0.4166666666666667,-0.04857075400631161,-0.02695775218288632,-0.040478060957593875,0.4166666666666667,-0.012519552171291415,-0.02590401357418448,-0.04367645006425447,0.3777777777777777,-0.0539857551260092
0.0,1.0,0.25,0.25,0.0,10,5,0.16048394866327165,0.0414892358336818,-0.11833171263506392,1.0,-0.03437399994349255,0.007694123873951297,-0.03445481795259053,1.0,-0.05001830236394755,-0.02840530054052226,-0.05172423106472468,1.0,-0.046531612980937,-0.059916074383830065,-0.059205827660090526,1.0,0.007345480854991787
0.0,1.0,0.25,0.25,0.0,10,3,0.08515864426938324,-0.0338360685602066,-0.09744010251558322,0.6045454545454544,-0.025852242282945914,0.016215881534497933,-0.026582382450852426,0.6666666666666666,-0.04400989315657933,-0.022396891333154034,-0.06280755965415619,0.6666666666666666,-0.024567562193586134,-0.0379520235964792,-0.06784111009313953,0.6444444444444444,-0.020224597707913475
0.0,1.0,0.25,0.25,0.5,20,5,0.10249125495596911,-0.01650345787362073,-0.08739885289679905,0.5056818181818182,-0.01709386955926795,0.0249742542581759,-0.015244338409602598,0.5833333333333334,-0.05390362680896699,-0.032290624985541694,-0.04178324921118304,0.5833333333333334,-0.03741488770672807,-0.05079934910962114,-0.04502866336959033,0.5555555555555556,-0.013646488592859779
0.0,1.0,0.25,0.25,0.5,20,3,0.02640200820289773,-0.09259270462669211,-0.1021711884114741,0.30795454545454537,-0.019551756668148346,0.022516367149295502,-0.02617285824217841,0.4166666666666667,-0.049654713763429226,-0.028041711940003933,-0.0406086477236115,0.4166666666666667,-0.015672299346731422,-0.02905676074962449,-0.027475905563811742,0.3777777777777777,-0.04460239619813184
0.0,1.0,0.25,0.25,0.5,10,5,0.15105713878399785,0.032062425954408,-0.09915305947754705,1.0,-0.03237678941611255,0.009691334401331297,-0.014884536078878186,1.0,-0.05946009485896209,-0.037847093035536794,-0.050619589454043545,1.0,-0.07215002564042483,-0.0855344870433179,-0.07181972518535762,1.0,-0.0016563117320117764
0.0,1.0,0.25,0.25,0.5,10,3,0.07096907746019254,-0.0480256353693973,-0.09869720285289119,0.6045454545454544,-0.02933095586291523,0.012737167954528616,-0.01941370677734089,0.6666666666666666,-0.05416856424320671,-0.032555562419781414,-0.05815937094841228,0.6666666666666666,-0.04546834086751517,-0.05885280227040823,-0.054795283547196205,0.6444444444444444,-0.03213849863112508
0.0,1.0,0.25,0.5,0.0,20,5,0.0876034582988654,-0.031391254530724444,-0.04853341301958347,0.5056818181818182,-0.0519553903745672,-0.009887266557123353,-0.05087216067906286,0.5833333333333334,-0.045889367031116124,-0.02427636520769083,-0.040976128670999756,0.5833333333333334,-0.031241140427510583,-0.04462560183040365,-0.04310581747179432,0.5555555555555556,-0.026933176233821007
0.0,1.0,0.25,0.5,0.0,20,3,0.09606362799280377,-0.022931084836786075,-0.0667243740633896,0.30795454545454537,-0.04652934809491305,-0.0044612242774692,-0.05215272129904902,0.4166666666666667,-0.03272670752103213,-0.011113705697606835,-0.03074566110244381,0.4166666666666667,-0.013019933338545342,-0.02640439474143841,-0.04312724798829659,0.3777777777777777,-0.017062009311777822
0.0,1.0,0.25,0.5,0.0,10,5,0.09784325788949189,-0.021151454940097958,-0.08251691226557056,1.0,-0.062456048800339725,-0.020387924982895878,-0.0481298767922933,1.0,-0.049831163622053976,-0.028218161798628683,-0.044039491008974196,1.0,-0.02649976623031891,-0.03988422763321198,-0.045100497129892614,1.0,-0.02483049438354415
0.0,1.0,0.25,0.5,0.0,10,3,0.10484862258637495,-0.014146090243214893,-0.05294618723711486,0.6045454545454544,0.0017032337724038893,0.04377135758984774,-0.020883862265155373,0.6666666666666666,-0.024806016938014097,-0.003193015114588804,-0.04636802163785836,0.6666666666666666,-0.026138606614247828,-0.039523068017140894,-0.051690809313690966,0.6444444444444444,-0.0018303136817442228
0.0,1.0,0.25,0.5,0.5,20,5,0.07845787050154107,-0.04053684232804877,-0.05348072177783836,0.5056818181818182,-0.008629600803743198,0.03343852301370065,-0.012847292176466185,0.5833333333333334,-0.038570459075490615,-0.016957457252065322,-0.03552551120446912,0.5833333333333334,-0.027739085714898137,-0.041123547117791204,-0.033316934768711004,0.5555555555555556,-0.018594098949675265
0.0,1.0,0.25,0.5,0.5,20,3,0.08442246419243893,-0.034572248637150915,-0.04844009947287409,0.30795454545454537,-0.00746772843066823,0.03460039538677562,-0.026928317393864698,0.4166666666666667,-0.035658552871417504,-0.01404555104799221,-0.036010027509838505,0.4166666666666667,-0.021901800800465998,-0.035286262203359064,-0.03527394912983628,0.3777777777777777,-0.0143071850277267
0.0,1.0,0.25,0.5,0.5,10,5,0.059252957014611196,-0.05974175581497865,-0.07134228449359703,1.0,-0.018576529307038014,0.023491594510405833,-0.016529710413748178,1.0,-0.04266772567895327,-0.02105472385552798,-0.04881801163828792,1.0,-0.05753576153769191,-0.07092022294058498,-0.05363937461599344,1.0,-0.034807133508555875
0.0,1.0,0.25,0.5,0.5,10,3,0.05604024477249192,-0.06295446805709792,-0.05400828188796114,0.6045454545454544,-0.024577610847404507,0.01749051297003934,-0.020883862265155373,0.6666666666666666,-0.034122224575401816,-0.012509222751976523,-0.058776717206749485,0.6666666666666666,-0.027053200968443547,-0.04043766237133661,-0.04181802873342921,0.6444444444444444,-0.0318989151516812
0.0,1.0,0.25,0.75,0.0,20,5,0.1124375959414925,-0.006557116888097347,-0.041967478019703686,0.5056818181818182,-0.03492139629635316,0.00714672752109069,-0.046379780719498886,0.5833333333333334,-0.018500673065411366,0.003112328758013927,-0.027788987582292646,0.5833333333333334,-0.005170906531753006,-0.018555367934646072,-0.02681843633472769,0.5555555555555556,-0.0034804765958659552
0.0,1.0,0.25,0.75,0.0,20,3,0.07254515107091031,-0.046449561758679536,-0.05338006306872911,0.30795454545454537,-0.023527685976694412,0.018540437840749435,-0.0399275012065613,0.4166666666666667,-0.023163459255572727,-0.001550457432147434,-0.029502213544924438,0.4166666666666667,-0.013255245249495728,-0.026639706652388795,-0.040821079490593215,0.3777777777777777,-0.02049571794389887
0.0,1.0,0.25,0.75,0.0,10,5,0.03992506169605714,-0.0790696511335327,-0.0667782314210853,1.0,-0.0476789956512359,-0.005610871833792053,-0.0492656704116653,1.0,-0.05661744532228874,-0.03500444349886345,-0.06634638268921733,1.0,-0.0252587263957057,-0.038643187798598766,-0.03432371142152546,1.0,-0.04803120566315706
0.0,1.0,0.25,0.75,0.0,10,3,0.02891158237790692,-0.09008313045168292,-0.06440546951290427,0.6045454545454544,0.014159223065688842,0.05622734688313269,-0.01946771151900295,0.6666666666666666,-0.050733110305625995,-0.0291201084822007,-0.047501388790062604,0.6666666666666666,-0.012310198671431904,-0.02569466007432497,-0.021495603559532506,0.6444444444444444,-0.034702787265952995
0.0,1.0,0.25,0.75,0.5,20,5,0.11051140710388152,-0.008483305725708323,-0.041967478019703686,0.5056818181818182,-0.0037466165201981427,0.038321507297245705,-0.030448743774543874,0.5833333333333334,-0.025905762923294606,-0.004292761099869313,-0.030999590065700744,0.5833333333333334,-0.006503326721776559,-0.019887788124669625,-0.015474380138666088,0.5555555555555556,0.00213580686406184
0.0,1.0,0.25,0.75,0.5,20,3,0.0793182025869541,-0.03967651024263574,-0.05338006306872911,0.30795454545454537,-0.006353060849988101,0.035715062967455746,-0.0393744072437856,0.4166666666666667,-0.01859298692432243,0.003020014899102863,-0.035090393090276506,0.4166666666666667,-0.02230027921357225,-0.035684740616465316,-0.034517817633923364,0.3777777777777777,-0.013825372724926515
0.0,1.0,0.25,0.75,0.5,10,5,0.027332272328673524,-0.09166244050091632,-0.0667782314210853,1.0,0.002562272795916698,0.044630396613360546,-0.013869525361061119,1.0,-0.01724064115025059,0.004372360673174702,-0.038978416314875086,1.0,-0.0505439707614026,-0.06392843216429567,-0.05937380583742935,1.0,-0.03902390979574036
0.0,1.0,0.25,0.75,0.5,10,3,0.030837739046566615,-0.08815697378302323,-0.06440546951290427,0.6045454545454544,0.0213471670652452,0.06341529088268905,-0.01946771151900295,0.6666666666666666,-0.04578886793529047,-0.024175866111865174,-0.06060021702345664,0.6666666666666666,-0.02754146050599826,-0.04092592190889133,-0.03658521635943335,0.6444444444444444,-0.03358208368480167
0.0,1.0,0.5,0.0,0.0,20,5,0.060720341757034335,-0.05827437107255551,-0.1375186926469042,0.5056818181818182,-0.07174314668901016,-0.029675022871566314,-0.05295500734937997,0.5833333333333334,-0.038593021810432226,-0.016980019987006933,-0.03050159877535985,0.5833333333333334,0.011961948568040448,-0.0014225128348526184,-0.0457465100155483,0.5555555555555556,-0.03640260262382049
0.0,1.0,0.5,0.0,0.0,20,3,0.011988733271651952,-0.10700597955793789,-0.14073923648940667,0.30795454545454537,-0.08257604882498026,-0.040507925007536416,-0.06578870894843691,0.4166666666666667,-0.037764503826146156,-0.016151502002720863,-0.029344281216859835,0.4166666666666667,0.012354592532635822,-0.0010298688702572445,-0.039877787199125936,0.3777777777777777,-0.060856877683902875
0.0,1.0,0.5,0.0,0.0,10,5,0.11770982843518696,-0.0012848843944028854,-0.1423331487553976,1.0,-0.07586152729936202,-0.03379340348191817,-0.0581059666173207,1.0,-0.06509195973587079,-0.04347895791244549,-0.044751285419125764,1.0,-0.02315847882329447,-0.03654294022618754,-0.052587889619507555,1.0,-0.021029833568755797
0.0,1.0,0.5,0.0,0.0,10,3,0.07293837836463468,-0.04605633446495516,-0.1419710912494846,0.6045454545454544,-0.04969446074708539,-0.007626336929641542,-0.03774116794080207,0.6666666666666666,-0.052674118641257706,-0.031061116817832413,-0.0320979916262627,0.6666666666666666,0.018952928153503246,0.005568466750610179,-0.050374166948726984,0.6444444444444444,-0.026455832251723543
0.0,1.0,0.5,0.0,0.5,20,5,0.0934995918431123,-0.02549512098647755,-0.10547891804921805,0.5056818181818182,-0.020862537377078105,0.021205586440365742,-0.019326139920949892,0.5833333333333334,-0.05622111152773546,-0.034608109704310164,-0.04199605580812049,0.5833333333333334,-0.03159976578004797,-0.04498422718294104,-0.039226667521948366,0.5555555555555556,-0.01811025836691114
0.0,1.0,0.5,0.0,0.5,20,3,-0.0013514336358587675,-0.12034614646544861,-0.0865568870761183,0.30795454545454537,-0.0175384612624776,0.024529662554966247,-0.01448418042160049,0.4166666666666667,-0.04819193532052035,-0.02657893349709506,-0.03654742224151364,0.4166666666666667,-0.006024332025334367,-0.019408793428227433,-0.026360328307821868,0.3777777777777777,-0.05492150930950869
0.0,1.0,0.5,0.0,0.5,10,5,0.0835849330554761,-0.03540977977411375,-0.12952646034727433,1.0,-0.051566816771430934,-0.009498692953987087,-0.019045165259620744,1.0,-0.05867620377017624,-0.037063201946750945,-0.054458927748264774,1.0,-0.06295992710293186,-0.07634438850582492,-0.07451074885588171,1.0,-0.03532021270473434
0.0,1.0,0.5,0.0,0.5,10,3,0.07095105557596448,-0.04804365725362536,-0.10001048525691236,0.6045454545454544,-0.019613644776317107,0.02245447904112674,-0.009112088767777138,0.6666666666666666,-0.047777616182070104,-0.02616461435864481,-0.054806030904127945,0.6666666666666666,-0.029158322616615995,-0.04254278401950906,-0.044145678014141376,0.6444444444444444,-0.02631213576057281
0.0,1.0,0.5,0.25,0.0,20,5,0.024614673445546353,-0.09438003938404349,-0.10186065563638036,0.5056818181818182,-0.051937440578734284,-0.009869316761290436,-0.043075467480403806,0.5833333333333334,-0.035685468933493,-0.01407246711006771,-0.03167078559635417,0.5833333333333334,-0.011066225993316081,-0.024450687396209148,-0.037983853902133435,0.5555555555555556,-0.050716820089083715
0.0,1.0,0.5,0.25,0.0,20,3,-0.05234453795591132,-0.17133925078550116,-0.10587185208110372,0.30795454545454537,-0.04796254636689434,-0.005894422549450495,-0.04053621494822057,0.4166666666666667,-0.02865221977775001,-0.007039217954324717,-0.034370630785621414,0.4166666666666667,-0.005186869777355274,-0.01857133118024834,-0.041737517081178344,0.3777777777777777,-0.08241785086102411
0.0,1.0,0.5,0.25,0.0,10,5,0.04352599798155499,-0.07546871484803486,-0.13309757720366222,1.0,-0.04469569424805386,-0.0026275704306100156,-0.0436722277149727,1.0,-0.07328204405567296,-0.051669042232247664,-0.050165359727370906,1.0,-0.03310899950831292,-0.046493460911205986,-0.05534620999778095,1.0,-0.04934218976078624
0.0,1.0,0.5,0.25,0.0,10,3,0.047036180222480795,-0.07195853260710905,-0.0951820314544779,0.6045454545454544,-0.01847637869376917,0.02359174512367468,-0.018823950107404674,0.6666666666666666,-0.03718211350264766,-0.01556911167922237,-0.038816009431883125,0.6666666666666666,0.024557867115603926,0.01117340571271086,-0.04180769140343554,0.6444444444444444,-0.027142759287257134
0.0,1.0,0.5,0.25,0.5,20,5,0.019117186636514072,-0.09987752619307577,-0.07516535886870612,0.5056818181818182,-0.034319301390563384,0.007748822426880464,-0.031215444051523766,0.5833333333333334,-0.04955030013120376,-0.02793729830777847,-0.03854989845259971,0.5833333333333334,-0.02286512791643469,-0.03624958931932776,-0.029452950510649778,0.5555555555555556,-0.052635714324229914
0.0,1.0,0.5,0.25,0.5,20,3,0.003696075546912647,-0.1152986372826772,-0.09559951898493435,0.30795454545454537,-0.021393827515219788,0.02067429630222406,-0.021192586696600624,0.4166666666666667,-0.052789364187235455,-0.03117636236381016,-0.041573507240621255,0.4166666666666667,-0.014066565180782642,-0.02745102658367571,-0.02980897389621362,0.3777777777777777,-0.05550992104377161
0.0,1.0,0.5,0.25,0.5,10,5,0.04890196589385187,-0.07009274693573797,-0.09527313355643241,1.0,-0.029170947092809763,0.012897176724634085,-0.024657633055652606,1.0,-0.038279553642259545,-0.016666551818834252,-0.04607723484293702,1.0,-0.06007510908672242,-0.07345957048961549,-0.06562287879237472,1.0,-0.04183636028619103
0.0,1.0,0.5,0.25,0.5,10,3,0.010719458901821799,-0.10827525392776804,-0.09585326383868231,0.6045454545454544,-0.0018802469894758644,0.04018787682796798,-0.007881392332458659,0.6666666666666666,-0.0483600279058527,-0.026747026082427405,-0.05084301631061505,0.6666666666666666,-0.020912970266093067,-0.034297431668986134,-0.03516118191434625,0.6444444444444444,-0.04783356372321566
0.0,1.0,0.5,0.5,0.0,20,5,0.11824286108221904,-0.000751851747370802,-0.053884399140047834,0.5056818181818182,-0.041546889434595946,0.0005212343828479016,-0.04423878599123232,0.5833333333333334,-0.03309572469637845,-0.011482722872953155,-0.030645657669528537,0.5833333333333334,0.007957017474408357,-0.00542744392848471,-0.022847719463197302,0.5555555555555556,-0.0027445497108205654
0.0,1.0,0.5,0.5,0.0,20,3,0.11612507866141386,-0.002869634168175983,-0.04743517812587872,0.30795454545454537,-0.028279661636550824,0.013788462180893024,-0.03318432555724904,0.4166666666666667,-0.013257645038905363,0.00835535678451993,-0.02340927321928199,0.4166666666666667,-0.013277470780361122,-0.02666193218325419,-0.02616341920311538,0.3777777777777777,-0.000590206140266075
0.0,1.0,0.5,0.5,0.0,10,5,0.07811496213266333,-0.04087975069692651,-0.09003161386816705,1.0,-0.05196523293840016,-0.009897109120956316,-0.041090003992467206,1.0,-0.022448646923061477,-0.0008356450996361842,-0.04044713528553778,1.0,-0.014087416046721257,-0.027471877449614324,-0.028565492594970654,1.0,-0.025116293476243584
0.0,1.0,0.5,0.5,0.0,10,3,0.0665720266158949,-0.05242268621369495,-0.053336635731505044,0.6045454545454544,0.007354844609843925,0.04942296842728777,-0.0012731288564578058,0.6666666666666666,-0.013270335867290428,0.008342665956134865,-0.03009925789713863,0.6666666666666666,0.003165328948569135,-0.010219132454323931,-0.0227371587172297,0.6444444444444444,-0.011515936664069144
0.0,1.0,0.5,0.5,0.5,20,5,0.08367030396276465,-0.0353244088668252,-0.04935267298281787,0.5056818181818182,-0.008482701749098043,0.033585422068345805,-0.019653582275143577,0.5833333333333334,-0.030292820506384377,-0.008679818682959084,-0.03407946606586032,0.5833333333333334,-0.01815600676568041,-0.03154046816857348,-0.02780220351142426,0.5555555555555556,-0.013532671500714773
0.0,1.0,0.5,0.5,0.5,20,3,0.07829862031582602,-0.040696092513763826,-0.04643001230451704,0.30795454545454537,-0.002088461503997885,0.03997966231344596,-0.024074933677333377,0.4166666666666667,-0.03756281818204177,-0.015949816358616475,-0.03641739883603268,0.4166666666666667,-0.002174049360630703,-0.01555851076352377,-0.02088910845887093,0.3777777777777777,-0.01304457512115327
0.0,1.0,0.5,0.5,0.5,10,5,0.096711589626016,-0.02228312320357384,-0.06700891302297385,1.0,-0.024266419395081007,0.01780170442236284,-0.014923328760582222,1.0,-0.0278307512265763,-0.006217749403151007,-0.04445692655466882,1.0,-0.044597995663380297,-0.05798245706627336,-0.054988341801705864,1.0,-0.015207010306431174
0.0,1.0,0.5,0.5,0.5,10,3,0.04724508908927749,-0.07174962374031235,-0.05759872388839016,0.6045454545454544,0.029528085242291446,0.0715962090597353,-0.002343251207396424,0.6666666666666666,-0.038684936087053035,-0.01707193426362774,-0.05520501701617553,0.6666666666666666,-0.02246437323187589,-0.035848834634768956,-0.03573075937592196,0.6444444444444444,-0.02232639375296624
0.0,1.0,0.5,0.75,0.0,20,5,0.10497433490721941,-0.01402037792237043,-0.038476254595765313,0.5056818181818182,-0.02253297670531962,0.01953514711212423,-0.036158247455178705,0.5833333333333334,-0.01740851148690381,0.0042044903365214825,-0.021978066051006273,0.5833333333333334,0.010122508362936156,-0.0032619530399569108,-0.00886058780157517,0.5555555555555556,-0.0012840026925509504
0.0,1.0,0.5,0.75,0.0,20,3,0.07865679796206004,-0.0403379148675298,-0.04393399315830615,0.30795454545454537,-0.010035607737001628,0.03203251608044222,-0.0280694040648507,0.4166666666666667,-0.02212084679990234,-0.0005078449764770454,-0.029284282383276516,0.4166666666666667,0.014853879768533806,0.00146941836564074,-0.013738896711445125,0.3777777777777777,-0.009999696661903302
0.0,1.0,0.5,0.75,0.0,10,5,0.08240170470638919,-0.036593008123200654,-0.05137161608013707,1.0,-0.06484857347445572,-0.02278044965701187,-0.046172116142830455,1.0,-0.038959494837411235,-0.017346493013985942,-0.05069949547679209,1.0,-0.011891849184773262,-0.02527631058766633,-0.021915566214947613,1.0,-0.028555386609941103
0.0,1.0,0.5,0.75,0.0,10,3,0.07423717635183391,-0.04475753647775593,-0.04825988872804621,0.6045454545454544,0.019553774164222215,0.06162189798166606,-0.002343251207396424,0.6666666666666666,-0.06354835183900653,-0.04193535001558124,-0.06879869085715595,0.6666666666666666,-0.002712334707424935,-0.016096796110318,-0.013512491550787487,0.6444444444444444,-0.013440238838458542
0.0,1.0,0.5,0.75,0.5,20,5,0.10166575373827369,-0.017328959091316154,-0.03824855774524505,0.5056818181818182,-0.00024028638388451373,0.041827837433559334,-0.017565981473586234,0.5833333333333334,-0.017316977535637768,0.004296024287787525,-0.026861472134299458,0.5833333333333334,-0.011731369606944542,-0.025115831009837608,-0.021292375927953744,0.5555555555555556,-0.00046404324100994803
0.0,1.0,0.5,0.75,0.5,20,3,0.07681133308082821,-0.04218337974876163,-0.04393399315830615,0.30795454545454537,-0.008531780807669698,0.03353634300977415,-0.02872372581154725,0.4166666666666667,-0.02522644744631275,-0.0036134456228874567,-0.03465077508388703,0.4166666666666667,0.002050386721095032,-0.011334074681798034,-0.010426406853497272,0.3777777777777777,-0.01284056318020202
0.0,1.0,0.5,0.75,0.5,10,5,0.05282666017478954,-0.0661680526548003,-0.05041995707060698,1.0,-0.0131749826735168,0.028893141143927048,-0.01787160457553638,1.0,-0.011963862965616578,0.009649138857808714,-0.030052529660251515,1.0,-0.030722072307667436,-0.0441065337105605,-0.031075152826459007,1.0,-0.02772094763659114
0.0,1.0,0.5,0.75,0.5,10,3,0.06778656380121917,-0.051208149028370675,-0.048259888728046096,0.6045454545454544,0.01944420888022913,0.06151233269767298,-0.008269479102939403,0.6666666666666666,-0.03531674648885208,-0.013703744665426787,-0.052330792802384174,0.6666666666666666,-0.01839364233306251,-0.031778103735955576,-0.021586763521145302,0.6444444444444444,-0.014487861148555915
0.0,1.5,0.0,0.0,0.0,20,5,0.08736805243897838,-0.03162666039061146,-0.13314157454077025,0.5056818181818182,-0.06735733978276681,-0.025289215965322964,-0.05506017906674332,0.5833333333333334,-0.040361710053617106,-0.018748708230191813,-0.029458864340186075,0.5833333333333334,0.028693377670450104,0.015308916267557038,-0.033676109988799885,0.5555555555555556,-0.021070269961501114
0.0,1.5,0.0,0.0,0.0,20,3,0.006054009680389383,-0.11294070314920046,-0.1402077913317279,0.30795454545454537,-0.06142028090759866,-0.01935215709015481,-0.054289415259142104,0.4166666666666667,-0.06206274770479747,-0.04044974588137218,-0.0417148493627586,0.4166666666666667,0.018401209153757314,0.005016747750864248,-0.04458008166038652,0.3777777777777777,-0.060976305409255104
0.0,1.5,0.0,0.0,0.0,10,5,0.16403825989268705,0.04504354706309721,-0.16696499630810124,1.0,-0.05782005039592897,-0.01575192657848512,-0.054037482597119824,1.0,-0.05642910846396021,-0.034816106640534916,-0.03588783083940272,1.0,-0.04370430068161024,-0.05708876208450331,-0.0656441345588602,1.0,0.0025458842250167327
0.0,1.5,0.0,0.0,0.0,10,3,0.04280517663205896,-0.07618953619753088,-0.17190711043816653,0.6045454545454544,-0.06629030015041448,-0.024222176332970635,-0.054595959348845424,0.6666666666666666,-0.07128171857539778,-0.049668716751972486,-0.054821744457936306,0.6666666666666666,0.04527107965435562,0.03188661825146255,-0.05503989874645432,0.6444444444444444,-0.043008150147208046
0.0,1.5,0.0,0.0,0.5,20,5,0.06955039331399449,-0.04944431951559536,-0.11602414523588622,0.5056818181818182,-0.037899659059840274,0.004168464757603574,-0.02868138902459383,0.5833333333333334,-0.05229883735610097,-0.030685835532675676,-0.04018032922839365,0.5833333333333334,-0.031563208565851486,-0.04494766996874455,-0.039195314331731734,0.5555555555555556,-0.032552853417830055
0.0,1.5,0.0,0.0,0.5,20,3,-0.001125008896500579,-0.12011972172609042,-0.13360359551777634,0.30795454545454537,-0.02779762745942882,0.014270496358015028,-0.0335121569186847,0.4166666666666667,-0.057214511994391426,-0.03560151017096613,-0.04515886191245355,0.4166666666666667,-0.034767017106809406,-0.04815147850970247,-0.04353591395785228,0.3777777777777777,-0.06304919898933722
0.0,1.5,0.0,0.0,0.5,10,5,0.13169130365052717,0.012696590820937326,-0.15364668350357713,1.0,-0.05502157075053071,-0.012953446933086865,-0.050362924973002876,1.0,-0.06133100679034231,-0.03971800496691702,-0.03691127412260953,1.0,-0.04493212417823733,-0.0583165855811304,-0.053115365218214694,1.0,-0.012230084446057032
0.0,1.5,0.0,0.0,0.5,10,3,0.017758389786728834,-0.10123632304286101,-0.16982625797956663,0.6045454545454544,-0.05519489071485395,-0.013126766897410103,-0.034898294064479196,0.6666666666666666,-0.08984558376658303,-0.06823258194315773,-0.060643762723516015,0.6666666666666666,-0.04038503121406756,-0.053769492616960624,-0.05547489500796898,0.6444444444444444,-0.06713834827765773
0.0,1.5,0.0,0.25,0.0,20,5,0.0222551629358676,-0.09673954989372224,-0.1379921787917272,0.5056818181818182,-0.06441657708444748,-0.022348453267003632,-0.051299357508904575,0.5833333333333334,-0.060181863814329106,-0.03856886199090381,-0.03925681182146068,0.5833333333333334,0.016909321000394772,0.003524859597501706,-0.03829266794065922,0.5555555555555556,-0.05437651112793623
0.0,1.5,0.0,0.25,0.0,20,3,0.0007019410308974905,-0.11829277179869235,-0.1146960114373764,0.30795454545454537,-0.08000106161174825,-0.0379329377943044,-0.06500693599846907,0.4166666666666667,-0.06825086358320132,-0.04663786175977602,-0.046283531994475546,0.4166666666666667,-0.006033306712607378,-0.019417768115500444,-0.046836337779535,0.3777777777777777,-0.07262332623927914
0.0,1.5,0.0,0.25,0.0,10,5,0.08712152463618472,-0.03187318819340512,-0.19319046263687678,1.0,-0.046176974758471157,-0.004108850941027309,-0.05004410614143828,1.0,-0.057138936539042895,-0.0355259347156176,-0.05110839505499509,1.0,-0.03862390711481567,-0.052008368517708736,-0.06365222806088433,1.0,-0.028500292907288085
0.0,1.5,0.0,0.25,0.0,10,3,0.10108943032435103,-0.017905282505238818,-0.1424786156441603,0.6045454545454544,-0.0537360639123482,-0.01166794009490435,-0.04998912507577258,0.6666666666666666,-0.054840039591502965,-0.03322703776807767,-0.05144388804329669,0.6666666666666666,0.018141804938802242,0.004757343535909175,-0.052226867159045676,0.6444444444444444,-0.015244816285908831
0.0,1.5,0.0,0.25,0.5,20,5,0.07120978719088256,-0.04778492563870729,-0.10691802527521,0.5056818181818182,-0.015985536836596315,0.026082586980847533,-0.019661080338537307,0.5833333333333334,-0.0573471408385986,-0.035734139015173305,-0.04203134933999819,0.5833333333333334,-0.03347818516154466,-0.04686264656443773,-0.03798399751141435,0.5555555555555556,-0.02737208762914805
0.0,1.5,0.0,0.25,0.5,20,3,0.07239655781883614,-0.046598155010753706,-0.05951362084833134,0.30795454545454537,-0.027810474411765873,0.014257649405677975,-0.039632286628527025,0.4166666666666667,-0.05951727148376096,-0.037904269660335665,-0.04441408477196451,0.4166666666666667,-0.0352037874025134,-0.048588248805406464,-0.04342409610351794,0.3777777777777777,-0.030378635173280995
0.0,1.5,0.0,0.25,0.5,10,5,0.182281580162708,0.06328686733311817,-0.12307079093629425,1.0,-0.036991410312257944,0.005076713505185904,-0.035384694930887695,1.0,-0.06278569800690526,-0.04117269618347996,-0.047315193183014914,1.0,-0.06207586425587985,-0.07546032565877292,-0.07181571308967549,1.0,0.012253315399861723
0.0,1.5,0.0,0.25,0.5,10,3,0.11449073651281472,-0.004503976316775127,-0.09955556912971597,0.6045454545454544,-0.04670103795377922,-0.004632914136335375,-0.026221973721672565,0.6666666666666666,-0.059230277787094665,-0.03761727596366937,-0.0609969778309295,0.6666666666666666,-0.03482644421811054,-0.04821090562100361,-0.05703636416295155,0.6444444444444444,-0.016059245114333598
0.0,1.5,0.0,0.5,0.0,20,5,0.09296859872724461,-0.026026114102345232,-0.10045496329272208,0.5056818181818182,-0.052389622933593616,-0.010321499116149768,-0.0416452246867145,0.5833333333333334,-0.06112561524585047,-0.03951261342242518,-0.038990295636786465,0.5833333333333334,0.008878015623221325,-0.004506445779671742,-0.03635258085478088,0.5555555555555556,-0.020894985005407336
0.0,1.5,0.0,0.5,0.0,20,3,0.013751696883318454,-0.10524301594627139,-0.11548514278480082,0.30795454545454537,-0.04714996019756801,-0.005081836380124161,-0.04451506543451511,0.4166666666666667,-0.0670593396922946,-0.04544633786886931,-0.04506391620695804,0.4166666666666667,0.0019158028669932214,-0.011468658535899845,-0.032036340347533776,0.3777777777777777,-0.05716706573156854
0.0,1.5,0.0,0.5,0.0,10,5,0.07560969361075309,-0.04338501921883675,-0.13328854815742464,1.0,-0.03320564754167665,0.008862476275767195,-0.03572398097875484,1.0,-0.06158413945862107,-0.039971137635195775,-0.055563662977788586,1.0,-0.039738291368909606,-0.05312275277180267,-0.053918428135227736,1.0,-0.031271723140584504
0.0,1.5,0.0,0.5,0.0,10,3,0.09457845953992172,-0.02441625328966812,-0.10425857341683586,0.6045454545454544,-0.006994812440285547,0.0350733113771583,-0.030502967917615864,0.6666666666666666,-0.07073038443800073,-0.04911738261457543,-0.06041092621190236,0.6666666666666666,0.003040832291947737,-0.01034362911094533,-0.056385289797402205,0.6444444444444444,-0.011138137894889193
0.0,1.5,0.0,0.5,0.5,20,5,0.12572673680414614,0.0067320239745563,-0.07576057366856959,0.5056818181818182,-0.014494846401009398,0.02757327741643445,-0.02008656666576858,0.5833333333333334,-0.05068903987247986,-0.029076038049054564,-0.04010462637944623,0.5833333333333334,-0.02596891673932633,-0.0393533781422194,-0.02814002572892038,0.5555555555555556,-0.00034168228603214616
0.0,1.5,0.0,0.5,0.5,20,3,0.02557848247551031,-0.09341623035407953,-0.10421909148973862,0.30795454545454537,-0.025259332152530067,0.01680879166491378,-0.03335545392128214,0.4166666666666667,-0.05160470725373145,-0.02999170543030616,-0.04317962061628944,0.4166666666666667,-0.021333412165586596,-0.03471787356847966,-0.02775783240030294,0.3777777777777777,-0.04754154259292522
0.0,1.5,0.0,0.5,0.5,10,5,0.08288014082479789,-0.036114572004791956,-0.12093773370353689,1.0,-0.03296361110215795,0.009104512715285895,-0.01955634082561497,1.0,-0.06183348159114732,-0.04022047976772203,-0.046347257721189306,1.0,-0.0576516583001897,-0.07103611970308277,-0.06491983381980604,1.0,-0.030663919143955626
0.0,1.5,0.0,0.5,0.5,10,3,0.11855203545994941,-0.0004426773696404318,-0.08034717710479411,0.6045454545454544,-0.029330952079867245,0.012737171737576602,-0.019413706777340778,0.6666666666666666,-0.05395481976566541,-0.032341817942240114,-0.058032728677687495,0.6666666666666666,-0.02982080019652833,-0.043205261599421396,-0.04852302916005824,0.6444444444444444,-0.00834697381319327
0.0,1.5,0.0,0.75,0.0,20,5,0.13753884935548188,0.01854413652589204,-0.048035306562323354,0.5056818181818182,-0.04889524931225819,-0.006827125494814346,-0.051707280594499694,0.5833333333333334,-0.043144555830765374,-0.02153155400734008,-0.031797472630855306,0.5833333333333334,0.006943996336225,-0.006440465066668066,-0.03074405386152712,0.5555555555555556,0.0024422772018466102
0.0,1.5,0.0,0.75,0.0,20,3,0.05614287620014746,-0.06285183662944238,-0.07666838000188614,0.30795454545454537,-0.03918659313591377,0.0028815306815300756,-0.05215272129904902,0.4166666666666667,-0.038599107446566916,-0.016986105623141623,-0.04219952742454225,0.4166666666666667,-0.011075698849897009,-0.024460160252790075,-0.03770095131416129,0.3777777777777777,-0.03377988369425631
0.0,1.5,0.0,0.75,0.0,10,5,0.123025385872918,0.004030673043328159,-0.07063512026014307,1.0,-0.06113335923927876,-0.019065235421834914,-0.0481298767922933,1.0,-0.05276525157413259,-0.031152249750707295,-0.04441013540879968,1.0,-0.0526159455207007,-0.06600040692359377,-0.05799057988463174,1.0,-0.017525404487106214
0.0,1.5,0.0,0.75,0.0,10,3,-0.012737885646491476,-0.13173259847608132,-0.10380151824151074,0.6045454545454544,0.0017032337724038893,0.04377135758984774,-0.020883862265155373,0.6666666666666666,-0.03994861406618966,-0.018335612242764365,-0.051523831693019884,0.6666666666666666,-0.010310118482460884,-0.02369457988535395,-0.06193287180523621,0.6444444444444444,-0.05464135873599241
0.0,1.5,0.0,0.75,0.5,20,5,0.14088059652913976,0.021885883699549913,-0.048111296552179605,0.5056818181818182,-0.003835667669975895,0.03823245614746795,-0.015364809641241983,0.5833333333333334,-0.048626975097079916,-0.027013973273654623,-0.03786819015405174,0.5833333333333334,-0.03138843999401442,-0.04477290139690748,-0.036258309871475825,0.5555555555555556,0.008638730501080135
0.0,1.5,0.0,0.75,0.5,20,3,0.0656323861472492,-0.053362326682340644,-0.07807905103125956,0.30795454545454537,-0.0032899268570921736,0.038778196960351674,-0.030106189144169182,0.4166666666666667,-0.04273943581559103,-0.02112643399216574,-0.04063158815792023,0.4166666666666667,-0.02155543874136201,-0.034939900144255076,-0.02957302469861889,0.3777777777777777,-0.022728447887428494
0.0,1.5,0.0,0.75,0.5,10,5,0.08124005729751649,-0.037754655532073356,-0.07507189375673362,1.0,-0.02888753662886956,0.013180587188574289,-0.03110301855900044,1.0,-0.05505115135207583,-0.03343814952865054,-0.06168543889332678,1.0,-0.04766353236064369,-0.061047993763536756,-0.0453663632039456,1.0,-0.027867369686117534
0.0,1.5,0.0,0.75,0.5,10,3,-0.028045820123150933,-0.14704053295274078,-0.09684460011787566,0.6045454545454544,-0.024577610847404507,0.01749051297003934,-0.020883862265155373,0.6666666666666666,-0.03544346231810436,-0.013830460494679064,-0.06114207431974383,0.6666666666666666,-0.04439460843697052,-0.057779069839863584,-0.04807412747952455,0.6444444444444444,-0.07253704113640491
0.0,1.5,0.25,0.0,0.0,20,5,0.06089291660102747,-0.058101796228562375,-0.14527286472562062,0.5056818181818182,-0.07502054894399124,-0.03295242512654739,-0.056128127037851305,0.5833333333333334,-0.05176479394497602,-0.030151792121550725,-0.035334151917695955,0.5833333333333334,0.009030028574099402,-0.004354432828793664,-0.0412429855117834,0.5555555555555556,-0.039559848327041576
0.0,1.5,0.25,0.0,0.0,20,3,-0.041692778842983946,-0.1606874916725738,-0.14179582958355674,0.30795454545454537,-0.07619199645556807,-0.03412387263812422,-0.05395353748869236,0.4166666666666667,-0.05004018900830176,-0.028427187184876468,-0.0350237880253792,0.4166666666666667,0.028146541516910206,0.01476208011401714,-0.04597819361780808,0.3777777777777777,-0.08289010547281817
0.0,1.5,0.25,0.0,0.0,10,5,0.17115111253932258,0.05215639970973274,-0.1510837876224419,1.0,-0.061561435839040723,-0.019493312021596876,-0.054037482597119824,1.0,-0.07242042073351529,-0.050807418910089996,-0.049659045237226085,1.0,-0.06485140544690626,-0.07823586684979933,-0.07280684250003866,1.0,-0.0007594410000028879
0.0,1.5,0.25,0.0,0.0,10,3,0.010142271394399272,-0.10885244143519057,-0.16431731560237917,0.6045454545454544,-0.07511464565133674,-0.033046521833892895,-0.063530826250215,0.6666666666666666,-0.056392503605740996,-0.0347795017823157,-0.033451358920663865,0.6666666666666666,0.017160921972855236,0.00377646056996217,-0.07033040275896885,0.6444444444444444,-0.06189568528616201
0.0,1.5,0.25,0.0,0.5,20,5,0.0765348693065484,-0.04245984352304144,-0.10563712282783289,0.5056818181818182,-0.02865936747613662,0.013408756341307226,-0.02887372381132558,0.5833333333333334,-0.05405040941624095,-0.03243740759281566,-0.043602902302435576,0.5833333333333334,-0.02681591565465402,-0.04020037705754709,-0.03441911839878242,0.5555555555555556,-0.026650408197596252
0.0,1.5,0.25,0.0,0.5,20,3,0.026064221039526325,-0.09293049179006352,-0.09170887629849434,0.30795454545454537,-0.01947981389890785,0.022588309918535998,-0.0271679293715954,0.4166666666666667,-0.04824038191926516,-0.02662738009583987,-0.0386195252720033,0.4166666666666667,-0.02655540567197434,-0.03993986707486741,-0.040319237490019866,0.3777777777777777,-0.04615673090150068
0.0,1.5,0.25,0.0,0.5,10,5,0.190874360483424,0.07187964765383414,-0.1345888561401879,1.0,-0.04732272958782224,-0.0052546057703783955,-0.04262613366443069,1.0,-0.06874222715516276,-0.04712922533173747,-0.03886331612364624,1.0,-0.06584694654922152,-0.07923140795211459,-0.07933553650512448,1.0,0.012078095009052959
0.0,1.5,0.25,0.0,0.5,10,3,0.003956747662555715,-0.11503796516703413,-0.10780798330631003,0.6045454545454544,-0.05704408438818154,-0.01497596057073769,-0.036787212690336246,0.6666666666666666,-0.09342653969553893,-0.07181353787211364,-0.06433961172153291,0.6666666666666666,-0.04187755507393043,-0.055262016476823494,-0.06438169143192651,0.6444444444444444,-0.07457240762019035
0.0,1.5,0.25,0.25,0.0,20,5,0.014211390224204035,-0.10478332260538581,-0.1217485407168244,0.5056818181818182,-0.05460517697551592,-0.012537053158072076,-0.04588391384528279,0.5833333333333334,-0.05646976577800722,-0.034856763954581926,-0.03496180542707439,0.5833333333333334,0.012128832171158566,-0.0012556292317345008,-0.0394686390409017,0.5555555555555556,-0.055703617439889094
0.0,1.5,0.25,0.25,0.0,20,3,-0.007333663873712037,-0.12632837670330188,-0.10565126322888985,0.30795454545454537,-0.07187056264892422,-0.02980243883148037,-0.057875931355121146,0.4166666666666667,-0.0499681890140764,-0.02835518719065111,-0.031567776610851306,0.4166666666666667,-0.010235133790099216,-0.023619595192992282,-0.050230203558319086,0.3777777777777777,-0.07209459658190245
0.0,1.5,0.25,0.25,0.0,10,5,0.09579879170188943,-0.023195921127700414,-0.15534853771644364,1.0,-0.03676269328711157,0.005305430530332278,-0.03684331137466612,1.0,-0.0488815796453389,-0.02726857782191361,-0.04891520724714771,1.0,-0.04127280812338352,-0.054657269526276586,-0.05135125539230723,1.0,-0.021400683977110646
0.0,1.5,0.25,0.25,0.0,10,3,0.016305999761978995,-0.10268871306761085,-0.13989735233165868,0.6045454545454544,-0.04585056506350804,-0.0037824412460641943,-0.03944631520881792,0.6666666666666666,-0.02553027057398405,-0.0039172687505587556,-0.03267020789087782,0.6666666666666666,-0.03198159834933967,-0.045366059752232735,-0.07134440039648327,0.6444444444444444,-0.05454803046735965
0.0,1.5,0.25,0.25,0.5,20,5,0.0562154329842921,-0.06277927984529774,-0.09199825544080131,0.5056818181818182,-0.025034177285796044,0.017033946531647803,-0.020123323060696308,0.5833333333333334,-0.047751743422991155,-0.026138741599565862,-0.03488575712664388,0.5833333333333334,-0.028166607575343616,-0.04155106897823668,-0.03534494442879044,0.5555555555555556,-0.03414566088414241
0.0,1.5,0.25,0.25,0.5,20,3,0.011756273196789513,-0.10723843963280033,-0.08697389143068668,0.30795454545454537,-0.022902514431872967,0.01916560938557088,-0.03248849680433752,0.4166666666666667,-0.05576476635601746,-0.034151764532592166,-0.04484477614610538,0.4166666666666667,-0.02183260666552278,-0.03521706806841585,-0.032968354851830806,0.3777777777777777,-0.05387122037851863
0.0,1.5,0.25,0.25,0.5,10,5,0.15065803076745632,0.031663317937866475,-0.1264350441491241,1.0,-0.044467219394707214,-0.002399095577263366,-0.016148434453552296,1.0,-0.058951497081906834,-0.03733849525848154,-0.04341770057273808,1.0,-0.07430893268839012,-0.08769339409128318,-0.08268401201417297,1.0,-0.0051060642247406345
0.0,1.5,0.25,0.25,0.5,10,3,0.08126261955052794,-0.03773209327906191,-0.10081821394279966,0.6045454545454544,-0.04757418467665997,-0.005506060859216122,-0.01941370677734089,0.6666666666666666,-0.054168564905983985,-0.03255556308255869,-0.05815937094841228,0.6666666666666666,-0.03797062940552376,-0.051355090808416826,-0.05646004043894726,0.6444444444444444,-0.030942555274028217
0.0,1.5,0.25,0.5,0.0,20,5,0.07653415332284141,-0.04246055950674843,-0.0893772332341648,0.5056818181818182,-0.03717523691234492,0.004892886905098925,-0.037079080121758756,0.5833333333333334,-0.04709627391705562,-0.025483272093630327,-0.03366603342382268,0.5833333333333334,0.00014486216501707894,-0.013239599237875987,-0.04017465246608953,0.5555555555555556,-0.02369246075148801
0.0,1.5,0.25,0.5,0.0,20,3,0.0821363238892785,-0.03685838894031135,-0.1059348422580122,0.30795454545454537,-0.0351966379060481,0.006871485911395747,-0.044443471631303466,0.4166666666666667,-0.05163086612443857,-0.030017864301013275,-0.04276035068784423,0.4166666666666667,-0.012357698852582977,-0.025742160255476043,-0.037061751664015374,0.3777777777777777,-0.023232407228764566
0.0,1.5,0.25,0.5,0.0,10,5,0.05024631023503656,-0.06874840259455328,-0.11888549066945764,1.0,-0.03334210037907803,0.008726023438365815,-0.03586007837992289,1.0,-0.06870319565596739,-0.04709019383254209,-0.05881807444527032,1.0,-0.052181278724422686,-0.06556574012731575,-0.05801873842619798,1.0,-0.0456536654019362
0.0,1.5,0.25,0.5,0.0,10,3,0.0653247036159521,-0.05367000921363774,-0.09862858765666038,0.6045454545454544,-0.022892134944566545,0.019175988872877303,-0.02895151375323901,0.6666666666666666,-0.051746342742712725,-0.030133340919287432,-0.06041092621190247,0.6666666666666666,-0.004414741107338527,-0.017799202510231593,-0.054966706923579634,0.6444444444444444,-0.026547388442345513
0.0,1.5,0.25,0.5,0.5,20,5,0.10883365099326325,-0.01016106183632659,-0.0620268288864515,0.5056818181818182,-0.014444030617116521,0.027624093200327327,-0.01574152496606107,0.5833333333333334,-0.05003674886110032,-0.02842374703767503,-0.03912983853298968,0.5833333333333334,-0.03388644286419351,-0.04727090426708658,-0.040352917711448444,0.5555555555555556,-0.009020652221979375
0.0,1.5,0.25,0.5,0.5,20,3,0.04801470045057865,-0.07098001237901119,-0.09318436692399346,0.30795454545454537,-0.01765550661102966,0.02441261720641419,-0.031342527570653034,0.4166666666666667,-0.051899676698222263,-0.03028667487479697,-0.04314297851629567,0.4166666666666667,-0.02015060356716547,-0.03353506497005854,-0.027117673058501768,0.3777777777777777,-0.03541111224567981
0.0,1.5,0.25,0.5,0.5,10,5,0.12345777839241512,0.004463065562825275,-0.0856008580064559,1.0,-0.036965639021888874,0.0051024847955549735,-0.01955634082561497,1.0,-0.06235488371803932,-0.04074188189461403,-0.050619593108305105,1.0,-0.05881859192948935,-0.07220305333238242,-0.0572035266138512,1.0,-0.013657739581889348
0.0,1.5,0.25,0.5,0.5,10,3,-0.01656116593438406,-0.1355558787639739,-0.09765904270465997,0.6045454545454544,-0.029330954081151606,0.012737169736292242,-0.01941370677734089,0.6666666666666666,-0.05395482241906924,-0.032341820595643944,-0.058032728677687495,0.6666666666666666,-0.04295098215484017,-0.056335443557733234,-0.052347470811399566,0.6444444444444444,-0.07111744263272178
0.0,1.5,0.25,0.75,0.0,20,5,0.09150979160112382,-0.02748492122846602,-0.05048798902449747,0.5056818181818182,-0.05070268103563469,-0.008634557218190841,-0.05358888030515363,0.5833333333333334,-0.0385652066031239,-0.01695220477969861,-0.03361425122375983,0.5833333333333334,-0.0024345576232360777,-0.015819019026129144,-0.03851810162850966,0.5555555555555556,-0.01944253742823158
0.0,1.5,0.25,0.75,0.0,20,3,0.08324885321425368,-0.03574585961533616,-0.04996702956410404,0.30795454545454537,-0.03918659313591377,0.0028815306815300756,-0.05215272129904902,0.4166666666666667,-0.025714378879244104,-0.004101377055818811,-0.03046593219349636,0.4166666666666667,-0.019573162786046927,-0.03295762418893999,-0.044367898006033246,0.3777777777777777,-0.020924104343232573
0.0,1.5,0.25,0.75,0.0,10,5,0.07870055503342255,-0.040294157796167296,-0.0815072994492676,1.0,-0.06113335923927876,-0.019065235421834914,-0.0481298767922933,1.0,-0.057804936554959774,-0.03619193473153448,-0.051263913642448755,1.0,-0.02701770446803753,-0.040402165870930595,-0.044254828028178816,1.0,-0.034387794954103774
0.0,1.5,0.25,0.75,0.0,10,3,0.043269864841691374,-0.07572484798789847,-0.07784148763033183,0.6045454545454544,0.0017032356634434365,0.043771359480887284,-0.020883860416756272,0.6666666666666666,-0.024806016480751425,-0.003193014657326132,-0.04636802163785825,0.6666666666666666,-0.03324761518132846,-0.04663207658422153,-0.06972817342382664,0.6444444444444444,-0.03060710541056464
0.0,1.5,0.25,0.75,0.5,20,5,0.10853652669954994,-0.010458186130039904,-0.04479756499315335,0.5056818181818182,0.0035285913380846967,0.045596715155528544,-0.015364808709919409,0.5833333333333334,-0.05012923112024126,-0.028516229296815965,-0.04013133677448333,0.5833333333333334,-0.017614249674395954,-0.03099871107728902,-0.026365286149884648,0.5555555555555556,-0.002234246025751569
0.0,1.5,0.25,0.75,0.5,20,3,0.08043411373428877,-0.038560599095301074,-0.04873978222261899,0.30795454545454537,-0.013650687768788083,0.028417436048655764,-0.03355906888078375,0.4166666666666667,-0.04249529309372513,-0.020882291270299835,-0.03934095224262202,0.4166666666666667,-0.018919568582626112,-0.03230402998551918,-0.026128910649624748,0.3777777777777777,-0.018225858769094393
0.0,1.5,0.25,0.75,0.5,10,5,0.08192917850281778,-0.037065534326772065,-0.07067958978997457,1.0,-0.02460613288285518,0.017461990934588667,-0.01652971041374829,1.0,-0.043324237247658104,-0.02171123542423281,-0.049470304634167905,1.0,-0.031004655856126107,-0.04438911725901917,-0.031989197488323295,1.0,-0.02222904561588806
0.0,1.5,0.25,0.75,0.5,10,3,0.02401392234268851,-0.09498079048690133,-0.0723883593254333,0.6045454545454544,-0.024577609005978496,0.017490514811465352,-0.020883860416756272,0.6666666666666666,-0.03412222361729378,-0.012509221793868486,-0.05877671540214657,0.6666666666666666,-0.01993264589505417,-0.033317107297947235,-0.03840779087212287,0.6444444444444444,-0.04524267638001162
0.0,1.5,0.5,0.0,0.0,20,5,0.07106070990128788,-0.047934002928301966,-0.13293510745697512,0.5056818181818182,-0.07718060194593424,-0.03511247812849039,-0.05676822775105461,0.5833333333333334,-0.0376589000497074,-0.016045898226282107,-0.032430968840982066,0.5833333333333334,0.004742070806260212,-0.008642390596632854,-0.05148380882318926,0.5555555555555556,-0.03405166417329573
0.0,1.5,0.5,0.0,0.0,20,3,-0.016392145294292892,-0.13538685812388274,-0.13602906604006637,0.30795454545454537,-0.07374067672568352,-0.03167255290823967,-0.05579289602381432,0.4166666666666667,-0.04321201414109688,-0.021599012317671584,-0.033980047365427035,0.4166666666666667,0.022050767933392112,0.008666306530499046,-0.04134586712956945,0.3777777777777777,-0.07078213025088304
0.0,1.5,0.5,0.0,0.0,10,5,0.10104571710841914,-0.017948995721170702,-0.14309215127848818,1.0,-0.07129202216936481,-0.029223898351920963,-0.05344866714911645,1.0,-0.06434636071117072,-0.04273335888774543,-0.0521547501730959,1.0,-0.03783693296246826,-0.05122139436536133,-0.06253599044216662,1.0,-0.029476235650473075
0.0,1.5,0.5,0.0,0.0,10,3,0.011589152705574701,-0.10740556012401514,-0.1575230218176984,0.6045454545454544,-0.06259958785086783,-0.020531464033423985,-0.05167199107520104,0.6666666666666666,-0.04590845687248557,-0.024295455049060277,-0.037288217414252034,0.6666666666666666,0.028456056967151033,0.015071595564257967,-0.06523224290633911,0.6444444444444444,-0.05484894698688316
0.0,1.5,0.5,0.0,0.5,20,5,0.08040128722403073,-0.03859342560555912,-0.12312794740017752,0.5056818181818182,-0.03325279984521223,0.008815323972231615,-0.024831723553433105,0.5833333333333334,-0.04932761719888612,-0.027714615375460827,-0.03455831636558582,0.5833333333333334,-0.018224560836192616,-0.03160902223908568,-0.026406468389026383,0.5555555555555556,-0.024061756171625676
0.0,1.5,0.5,0.0,0.5,20,3,-0.006635639844672303,-0.12563035267426215,-0.10916795617896313,0.30795454545454537,-0.019101586749172506,0.022966537068271342,-0.023915840348005313,0.4166666666666667,-0.04758100719007319,-0.025968005366647895,-0.038022470070623204,0.4166666666666667,-0.01664193740825204,-0.030026398811145105,-0.037277913227951154,0.3777777777777777,-0.05919118506301908
0.0,1.5,0.5,0.0,0.5,10,5,0.12324829191265363,0.004253579083063785,-0.13182265470649268,1.0,-0.05689421195794264,-0.014826088140498794,-0.01744289081309469,1.0,-0.04161506757450506,-0.020002065751079767,-0.0370984384304085,1.0,-0.07033973023892659,-0.08372419164181966,-0.07705317198462147,1.0,-0.017351350056680908
0.0,1.5,0.5,0.0,0.5,10,3,0.04425339157337538,-0.07474132125621447,-0.10516665297755068,0.6045454545454544,-0.06866812989100868,-0.02660000607356483,-0.0403694316945471,0.6666666666666666,-0.06263967440587304,-0.04102667258244774,-0.05614134669998183,0.6666666666666666,-0.0397019206811684,-0.05308638208406147,-0.060387274914783906,0.6444444444444444,-0.054400554283664096
0.0,1.5,0.5,0.25,0.0,20,5,0.013362136721690954,-0.10563257610789889,-0.11918983044475884,0.5056818181818182,-0.05979169671010398,-0.017723572892660133,-0.0502321642874094,0.5833333333333334,-0.053683925908566854,-0.03207092408514156,-0.03328333117961879,0.5833333333333334,-0.0054683269705425586,-0.018852788373435625,-0.052113020937955334,0.5555555555555556,-0.05960410934050612
0.0,1.5,0.5,0.25,0.0,20,3,-0.04447272565396165,-0.1634674384835515,-0.11371184081654606,0.30795454545454537,-0.07932143889742005,-0.0372533150799762,-0.06665126547391542,0.4166666666666667,-0.05636813483968317,-0.03475513301625788,-0.040123353748781176,0.4166666666666667,-0.008431453736368666,-0.021815915139261732,-0.04493038584522868,0.3777777777777777,-0.09135933331092017
0.0,1.5,0.5,0.25,0.0,10,5,0.048651250163793014,-0.07034346266579683,-0.15761025964558673,1.0,-0.03654680696943402,0.005521316848009827,-0.03684330955594428,1.0,-0.06978559101692039,-0.0481725891934951,-0.056118501875418114,1.0,-0.06858772677928293,-0.081972188182176,-0.08126936374491334,1.0,-0.04979594559395678
0.0,1.5,0.5,0.25,0.0,10,3,0.07681607398625645,-0.042178638843333394,-0.11404116059811242,0.6045454545454544,-0.037990160929211925,0.004077962888231923,-0.0332947905657337,0.6666666666666666,-0.0648004292829718,-0.04318742745954651,-0.04960780207646864,0.6666666666666666,-0.02174766648254156,-0.03513212788543463,-0.07081390797829024,0.6444444444444444,-0.029708830059189215
0.0,1.5,0.5,0.25,0.5,20,5,0.08553608185608597,-0.03345863097350388,-0.09387952690073909,0.5056818181818182,-0.010782434879330949,0.0312856889381129,-0.016813787379860834,0.5833333333333334,-0.05119749481874758,-0.029584492995322287,-0.039395652930666936,0.5833333333333334,-0.02779867864216956,-0.04118314004506263,-0.03155093755045291,0.5555555555555556,-0.017850106659606256
0.0,1.5,0.5,0.25,0.5,20,3,-0.0056839563850553665,-0.12467866921464521,-0.10114475968804504,0.30795454545454537,-0.02670030238518617,0.015367821432257678,-0.03119997486374415,0.4166666666666667,-0.04914550282289021,-0.027532500999464915,-0.041122722236344944,0.4166666666666667,-0.014446702555922286,-0.027831163958815353,-0.0275371799679075,0.3777777777777777,-0.06056799553226796
0.0,1.5,0.5,0.25,0.5,10,5,0.18512855567317632,0.06613384284358648,-0.102794039929761,1.0,-0.04771158444031054,-0.005643460622866692,-0.016148434453552185,1.0,-0.06222840407100094,-0.04061540224757565,-0.05192221299636124,1.0,-0.0837824798312562,-0.09716694123414926,-0.08521963206587124,1.0,0.007682012601638507
0.0,1.5,0.5,0.25,0.5,10,3,0.031227405107065342,-0.0877673077225245,-0.08965753151439204,0.6045454545454544,-0.04857054039704023,-0.006502416579596382,-0.019413706777341,0.6666666666666666,-0.054168564905983985,-0.03255556308255869,-0.05815937094841228,0.6666666666666666,-0.04133784631199777,-0.05472230771489084,-0.050119727691103844,0.6444444444444444,-0.05421257323965255
0.0,1.5,0.5,0.5,0.0,20,5,0.1033332101246085,-0.015661502704981345,-0.0756652851012688,0.5056818181818182,-0.05338000822297151,-0.011311884405527661,-0.053691552600966586,0.5833333333333334,-0.037314647412579505,-0.01570164558915421,-0.03001505564908291,0.5833333333333334,-0.024457166946111664,-0.03784162834900473,-0.04785699459931614,0.5555555555555556,-0.01790713840934736
0.0,1.5,0.5,0.5,0.0,20,3,0.06787838971720905,-0.05111632311238079,-0.08266795695333673,0.30795454545454537,-0.0485144876173208,-0.006446363799876953,-0.052785313928377486,0.4166666666666667,-0.02377363322818804,-0.0021606314047627473,-0.03029810588615023,0.4166666666666667,-0.01926423505617414,-0.032648696459067206,-0.041192306151576985,0.3777777777777777,-0.029835335530115088
0.0,1.5,0.5,0.5,0.0,10,5,0.1193571871814656,0.0003624743518757523,-0.11783243796768528,1.0,-0.05006704132367912,-0.00799891750623527,-0.03586007837992289,1.0,-0.08092616144373144,-0.059313159620306144,-0.05881807400848149,1.0,-0.04029333459457485,-0.053677795997467914,-0.06400747846614652,1.0,-0.018785259260880836
0.0,1.5,0.5,0.5,0.0,10,3,0.07583820169065714,-0.04315651113893271,-0.075589684718126,0.6045454545454544,-0.06996073298897842,-0.027892609171534577,-0.046581686056516136,0.6666666666666666,-0.05626129557687243,-0.034648293753447135,-0.0574474593187253,0.6666666666666666,-0.030785977058316427,-0.044170438461209494,-0.06587552325071167,0.6444444444444444,-0.03821639213760186
0.0,1.5,0.5,0.5,0.5,20,5,0.09675256764613671,-0.022242145183453133,-0.0685740803600633,0.5056818181818182,-0.039236276889934474,0.002831846927509374,-0.03220734043940643,0.5833333333333334,-0.05457385181239527,-0.032960849988969976,-0.04303826022335533,0.5833333333333334,-0.03159731659121623,-0.044981777994109295,-0.034365814069543976,0.5555555555555556,-0.020992397798138458
0.0,1.5,0.5,0.5,0.5,20,3,0.018323838995249142,-0.1006708738343407,-0.07944265938630035,0.30795454545454537,-0.014564440424111313,0.027503683393332534,-0.025415239992780503,0.4166666666666667,-0.05020774751524448,-0.02859474569181919,-0.043130734218119526,0.4166666666666667,-0.023251836848928842,-0.03663629825182191,-0.025673877507691456,0.3777777777777777,-0.048210628968666354
0.0,1.5,0.5,0.5,0.5,10,5,0.1177766762177781,-0.0012180366118117458,-0.09530789205877388,1.0,-0.03299782291742914,0.009070300900014705,-0.01955634082561497,1.0,-0.06244824935868509,-0.0408352475352598,-0.0483119383471412,1.0,-0.06615258395384405,-0.07953704535673711,-0.06620290141492546,1.0,-0.016336385184111145
0.0,1.5,0.5,0.5,0.5,10,3,0.005853136216084298,-0.11314157661350555,-0.07483308354282092,0.6045454545454544,-0.02933095586291523,0.012737167954528616,-0.01941370677734089,0.6666666666666666,-0.05296745843136541,-0.03135445660794012,-0.05852042237969446,0.6666666666666666,-0.030120527050767953,-0.04350498845366102,-0.04196126069528694,0.6444444444444444,-0.05895833424668551
0.0,1.5,0.5,0.75,0.0,20,5,0.0703422903700972,-0.04865242245949264,-0.057504733471574476,0.5056818181818182,-0.0514063264166692,-0.009338202599225354,-0.05179337768135539,0.5833333333333334,-0.04583938711787083,-0.02422638529444554,-0.0366310707548585,0.5833333333333334,-0.02332211647339144,-0.03670657787628451,-0.044877522780943924,0.5555555555555556,-0.03336808523218753
0.0,1.5,0.5,0.75,0.0,20,3,0.09001503417277013,-0.02897967865681972,-0.04954216565918845,0.30795454545454537,-0.038311119789601444,0.0037570040278424033,-0.04398296482606212,0.4166666666666667,-0.025961304488327785,-0.0043483026649024925,-0.02752769160597779,0.4166666666666667,-0.020176971073694427,-0.033561432476587494,-0.04412423329890092,0.3777777777777777,-0.017788064659831772
0.0,1.5,0.5,0.75,0.0,10,5,0.07696798294100304,-0.0420267298885868,-0.08758028757463987,1.0,-0.059818789724786936,-0.01775066590734309,-0.0481298767922933,1.0,-0.04581168873386887,-0.02419868691044358,-0.03999551575649851,1.0,-0.027758610155706798,-0.041143071558599864,-0.050316341592134606,1.0,-0.033150958697056344
0.0,1.5,0.5,0.75,0.0,10,3,0.11876606958528102,-0.00022864324430882377,-0.045485901871570866,0.6045454545454544,0.015057484052751535,0.05712560787019538,-0.00783073283919078,0.6666666666666666,-0.024806016938014097,-0.003193015114588804,-0.04636802163785836,0.6666666666666666,-0.02179838562045666,-0.03518284702334973,-0.051604013817584726,0.6444444444444444,0.008422133186919095
0.0,1.5,0.5,0.75,0.5,20,5,0.04249140889246639,-0.07650330393712346,-0.06315816262863783,0.5056818181818182,-0.008733510108231757,0.03333461370921209,-0.014138129484508877,0.5833333333333334,-0.035101619409678264,-0.013488617586252971,-0.03515661538719639,0.5833333333333334,-0.023372434804346476,-0.03675689620723954,-0.030046312725292457,0.5555555555555556,-0.03362966041342641
0.0,1.5,0.5,0.75,0.5,20,3,0.07137219224706137,-0.04762252058252847,-0.048615545848910036,0.30795454545454537,-0.0003700582939843988,0.04169806552345945,-0.020311823689159736,0.4166666666666667,-0.03296044771172146,-0.01134744588829617,-0.03687996403958649,0.4166666666666667,-0.017009459122592663,-0.03039392052548573,-0.028855915094746165,0.3777777777777777,-0.017266822843340232
0.0,1.5,0.5,0.75,0.5,10,5,0.0518575056592101,-0.06713720717037974,-0.07098121032965155,1.0,-0.024406813912075442,0.017661309905368405,-0.016529710413748178,1.0,-0.03884990809341626,-0.01723690626999097,-0.04502472124202628,1.0,-0.03363159294459095,-0.047016054347484015,-0.035101890081176035,1.0,-0.03543435984295003
0.0,1.5,0.5,0.75,0.5,10,3,0.10514753074003291,-0.01384718208955693,-0.05164890635748609,0.6045454545454544,-0.01157372297714987,0.030494400840293978,-0.00783073283919078,0.6666666666666666,-0.034586299285543576,-0.012973297462118283,-0.05801037072681281,0.6666666666666666,-0.016924513070206593,-0.03030897447309966,-0.02291020881143424,0.6444444444444444,-0.005099972520509815
0.0,2.0,0.0,0.0,0.0,20,5,0.08736805243897838,-0.03162666039061146,-0.13314157454077025,0.5056818181818182,-0.06735733978276681,-0.025289215965322964,-0.05506017906674332,0.5833333333333334,-0.040361710053617106,-0.018748708230191813,-0.029458864340186075,0.5833333333333334,0.028693377670450104,0.015308916267557038,-0.033676109988799885,0.5555555555555556,-0.021070269961501114
0.0,2.0,0.0,0.0,0.0,20,3,0.006054009680389383,-0.11294070314920046,-0.1402077913317279,0.30795454545454537,-0.06142028090759866,-0.01935215709015481,-0.054289415259142104,0.4166666666666667,-0.06206274770479747,-0.04044974588137218,-0.0417148493627586,0.4166666666666667,0.018401209153757314,0.005016747750864248,-0.04458008166038652,0.3777777777777777,-0.060976305409255104
0.0,2.0,0.0,0.0,0.0,10,5,0.16403825989268705,0.04504354706309721,-0.16696499630810124,1.0,-0.05782005039592897,-0.01575192657848512,-0.054037482597119824,1.0,-0.05642910846396021,-0.034816106640534916,-0.03588783083940272,1.0,-0.04370430068161024,-0.05708876208450331,-0.0656441345588602,1.0,0.0025458842250167327
0.0,2.0,0.0,0.0,0.0,10,3,0.04280517663205896,-0.07618953619753088,-0.17190711043816653,0.6045454545454544,-0.06629030015041448,-0.024222176332970635,-0.054595959348845424,0.6666666666666666,-0.07128171857539778,-0.049668716751972486,-0.054821744457936306,0.6666666666666666,0.04527107965435562,0.03188661825146255,-0.05503989874645432,0.6444444444444444,-0.043008150147208046
0.0,2.0,0.0,0.0,0.5,20,5,0.06955039331399449,-0.04944431951559536,-0.11602414523588622,0.5056818181818182,-0.037899659059840274,0.004168464757603574,-0.02868138902459383,0.5833333333333334,-0.05229883735610097,-0.030685835532675676,-0.04018032922839365,0.5833333333333334,-0.031563208565851486,-0.04494766996874455,-0.039195314331731734,0.5555555555555556,-0.032552853417830055
0.0,2.0,0.0,0.0,0.5,20,3,-0.001125008896500579,-0.12011972172609042,-0.13360359551777634,0.30795454545454537,-0.02779762745942882,0.014270496358015028,-0.0335121569186847,0.4166666666666667,-0.057214511994391426,-0.03560151017096613,-0.04515886191245355,0.4166666666666667,-0.034767017106809406,-0.04815147850970247,-0.04353591395785228,0.3777777777777777,-0.06304919898933722
0.0,2.0,0.0,0.0,0.5,10,5,0.13169130365052717,0.012696590820937326,-0.15364668350357713,1.0,-0.05502157075053071,-0.012953446933086865,-0.050362924973002876,1.0,-0.06133100679034231,-0.03971800496691702,-0.03691127412260953,1.0,-0.04493212417823733,-0.0583165855811304,-0.053115365218214694,1.0,-0.012230084446057032
0.0,2.0,0.0,0.0,0.5,10,3,0.017758389786728834,-0.10123632304286101,-0.16982625797956663,0.6045454545454544,-0.05519489071485395,-0.013126766897410103,-0.034898294064479196,0.6666666666666666,-0.08984558376658303,-0.06823258194315773,-0.060643762723516015,0.6666666666666666,-0.04038503121406756,-0.053769492616960624,-0.05547489500796898,0.6444444444444444,-0.06713834827765773
0.0,2.0,0.0,0.25,0.0,20,5,0.029245856701995976,-0.08974885612759387,-0.1365479181517073,0.5056818181818182,-0.06441657620288943,-0.022348452385445583,-0.051299356614986746,0.5833333333333334,-0.05330072738210545,-0.03168772555868016,-0.035334155642986254,0.5833333333333334,0.021399270623741362,0.008014809220848296,-0.03404644807602353,0.5555555555555556,-0.049525035804453416
0.0,2.0,0.0,0.25,0.0,20,3,0.02159882813896785,-0.09739588469062199,-0.10807076598298482,0.30795454545454537,-0.08000106129057949,-0.03793293747313564,-0.06500693599846907,0.4166666666666667,-0.06825085822292232,-0.046637856399497024,-0.04628352832613769,0.4166666666666667,0.013785124670419036,0.00040066326752596915,-0.0471671127406611,0.3777777777777777,-0.060246961448859465
0.0,2.0,0.0,0.25,0.0,10,5,0.08637450794419244,-0.03262020488539741,-0.18242442320194407,1.0,-0.05384264741454503,-0.011774523597101183,-0.05004410614143828,1.0,-0.057138936539042895,-0.0355259347156176,-0.05110839505499509,1.0,-0.04419685260792705,-0.05758131401082012,-0.06908008832725798,1.0,-0.03158881040666978
0.0,2.0,0.0,0.25,0.0,10,3,0.08423447297354136,-0.03476023985604848,-0.16199636186954225,0.6045454545454544,-0.06174045625274005,-0.019672332435296203,-0.04998912507577247,0.6666666666666666,-0.05484003779426938,-0.03322703597084409,-0.051443886239605274,0.6666666666666666,0.018298315836998258,0.0049138544341051915,-0.07836806523030504,0.6444444444444444,-0.0248071682745567
0.0,2.0,0.0,0.25,0.5,20,5,0.11347427873336802,-0.005520434096221827,-0.09565386858704905,0.5056818181818182,-0.020896848693353176,0.02117127512409067,-0.023399631476549332,0.5833333333333334,-0.05861583045902519,-0.037002828635599894,-0.047377421478137616,0.5833333333333334,-0.02788146904622446,-0.04126593044911753,-0.033021436697372786,0.5555555555555556,-0.008931690424984767
0.0,2.0,0.0,0.25,0.5,20,3,0.007522399078398134,-0.11147231375119171,-0.09515069989365776,0.30795454545454537,-0.027810475306585092,0.014257648510858756,-0.039632286628526914,0.4166666666666667,-0.0606530148192298,-0.03904001299580451,-0.04943892610179068,0.4166666666666667,-0.04094557833174017,-0.05433003973463324,-0.044824060328845006,0.3777777777777777,-0.06060363696988725
0.0,2.0,0.0,0.25,0.5,10,5,0.121436085263249,0.0024413724336591613,-0.14798726500167803,1.0,-0.036991410312257944,0.005076713505185904,-0.035384694930887695,1.0,-0.06278569800690526,-0.04117269618347996,-0.047315193183014914,1.0,-0.06160073826436263,-0.0749851996672557,-0.07134552103168024,1.0,-0.015055888406167249
0.0,2.0,0.0,0.25,0.5,10,3,0.08708609743463436,-0.031908615394955486,-0.10041749838639424,0.6045454545454544,-0.04670103795377922,-0.004632914136335375,-0.026221973721672565,0.6666666666666666,-0.059230277787094665,-0.03761727596366937,-0.0609969778309295,0.6666666666666666,-0.03482644421811054,-0.04821090562100361,-0.05703636416295155,0.6444444444444444,-0.028391332699514757
0.0,2.0,0.0,0.5,0.0,20,5,0.0634467591188781,-0.05554795371071175,-0.11315615583280325,0.5056818181818182,-0.050963136942951404,-0.008895013125507556,-0.04003564260484116,0.5833333333333334,-0.05715790606538451,-0.03554490424195922,-0.03570446812510486,0.5833333333333334,0.021964907500791275,0.008580446097898209,-0.03574937742137341,0.5555555555555556,-0.031265001172806325
0.0,2.0,0.0,0.5,0.0,20,3,0.004701362419426314,-0.11429335041016353,-0.13688209389039252,0.30795454545454537,-0.05187401481440912,-0.009805890996965272,-0.047387069244672175,0.4166666666666667,-0.06705933894184446,-0.04544633711841917,-0.04506391543881494,0.4166666666666667,-0.0009762551383429852,-0.014360716541236052,-0.04333033950055909,0.3777777777777777,-0.06285453848276319
0.0,2.0,0.0,0.5,0.0,10,5,0.03032624836688047,-0.08866846446270937,-0.18472276621614347,1.0,-0.03193520864018651,0.01013291517725734,-0.03586008111269268,1.0,-0.06092072530128012,-0.03930772347785483,-0.053156833996580555,1.0,-0.028629923598639473,-0.04201438500153254,-0.05391842641195421,1.0,-0.04956589648581299
0.0,2.0,0.0,0.5,0.0,10,3,0.04876280924776211,-0.07023190358182774,-0.14641686306645552,0.6045454545454544,-0.0234626426625113,0.018605481154932546,-0.034282245989789906,0.6666666666666666,-0.06901993673694429,-0.047406934913518994,-0.06280755965415619,0.6666666666666666,0.0041321165408876315,-0.009252344862005435,-0.06626896671325755,0.6444444444444444,-0.03545187828941801
0.0,2.0,0.0,0.5,0.5,20,5,0.06856094887171382,-0.05043376395787602,-0.09837270843509427,0.5056818181818182,-0.010282272854544305,0.03178585096289954,-0.012769926087558225,0.5833333333333334,-0.053992560988821325,-0.03237955916539603,-0.04202297317179027,0.5833333333333334,-0.027568712966130837,-0.040953174369023904,-0.030113325666916713,0.5555555555555556,-0.025748641070482317
0.0,2.0,0.0,0.5,0.5,20,3,0.04848943875368761,-0.07050527407590224,-0.10985784547459332,0.30795454545454537,-0.02781047432492556,0.014257649492518287,-0.039632283902220844,0.4166666666666667,-0.051343057724546615,-0.02973005590112132,-0.04085008645526855,0.4166666666666667,-0.02960182948434187,-0.042986290887234935,-0.031818703181225705,0.3777777777777777,-0.03907041297927987
0.0,2.0,0.0,0.5,0.5,10,5,0.17454330488528425,0.0555485920556944,-0.11625674481577908,1.0,-0.030691626119429327,0.01137649769801452,-0.01955634082561508,1.0,-0.060613687254743365,-0.03900068543131807,-0.04510732835779574,1.0,-0.055107623139840745,-0.06849208454273381,-0.0649198334925708,1.0,0.011717075353458329
0.0,2.0,0.0,0.5,0.5,10,3,0.1276941930710791,0.008699480241489255,-0.11547941292445296,0.6045454545454544,-0.027050430630549238,0.01501769318689461,-0.01941370677734089,0.6666666666666666,-0.05702044344667434,-0.03540744162324905,-0.06099697783092928,0.6666666666666666,-0.03846433529864901,-0.05184879670154208,-0.051533662863932905,0.6444444444444444,-0.005419246343324851
0.0,2.0,0.0,0.75,0.0,20,5,0.11823357225224784,-0.000761140577342001,-0.06777851243538735,0.5056818181818182,-0.05303802479994735,-0.0109699009825035,-0.04164522333364851,0.5833333333333334,-0.06249028279714197,-0.04087728097371668,-0.04261109139665609,0.5833333333333334,0.0077218213270886515,-0.005662640075804415,-0.037719219398786086,0.5555555555555556,-0.01006597666285794
0.0,2.0,0.0,0.75,0.0,20,3,0.038351575539535165,-0.08064313729005468,-0.09087184258953462,0.30795454545454537,-0.03347669999125835,0.008591423826185496,-0.03972660216414903,0.4166666666666667,-0.062491101847406805,-0.04087810002398151,-0.04261192781426837,0.4166666666666667,-0.0007912841083786981,-0.014175745511271765,-0.034973455769996775,0.3777777777777777,-0.042399632654266224
0.0,2.0,0.0,0.75,0.0,10,5,0.09349866328899537,-0.02549604954059448,-0.11128335287138869,1.0,-0.04334279559132903,-0.0012746717738851832,-0.035723983247821,1.0,-0.06333263044452053,-0.04171962862109524,-0.05497595858234705,1.0,-0.04367827158813875,-0.05706273299103182,-0.057532458604051984,1.0,-0.02660924447855787
0.0,2.0,0.0,0.75,0.0,10,3,0.0439740932171393,-0.07502061961245055,-0.08227067848726177,0.6045454545454544,-0.005004970437908929,0.03706315337953492,-0.02088386041675616,0.6666666666666666,-0.06805928366233993,-0.04644628183891464,-0.06041092621190247,0.6666666666666666,0.00571954467334046,-0.007664916729552607,-0.05213794333780619,0.6444444444444444,-0.03261017026598911
0.0,2.0,0.0,0.75,0.5,20,5,0.13175885465491688,0.012764141825327036,-0.06493215282641418,0.5056818181818182,-0.014494846172033116,0.027573277645410732,-0.02008656666576858,0.5833333333333334,-0.0505628028626377,-0.02894980103921241,-0.039976982784688864,0.5833333333333334,-0.01882560636137698,-0.032210067764270045,-0.026086590442818802,0.5555555555555556,0.003463202912227483
0.0,2.0,0.0,0.75,0.5,20,3,0.052225233041941266,-0.06676947978764858,-0.07140071353566213,0.30795454545454537,-0.02609518199978056,0.01597294181766329,-0.035996033747140554,0.4166666666666667,-0.05160470658189753,-0.029991704758472237,-0.04317962083953131,0.4166666666666667,-0.01513213951533987,-0.028516600918232937,-0.027784105037410356,0.3777777777777777,-0.03482927630153181
0.0,2.0,0.0,0.75,0.5,10,5,0.1236987015924369,0.004703988762847056,-0.09382395788673015,1.0,-0.04177576867465038,0.00029235514279346564,-0.05012182976176316,1.0,-0.06183348159114732,-0.04022047976772203,-0.046347257721189306,1.0,-0.05713509575507869,-0.07051955715797176,-0.0644072563000303,1.0,-0.014421121809874527
0.0,2.0,0.0,0.75,0.5,10,3,0.006513857068559226,-0.11248085576103062,-0.08111855562995685,0.6045454545454544,0.0034718737244363584,0.045539997541880206,-0.02088386041675616,0.6666666666666666,-0.06140148919075916,-0.03978848736733387,-0.061539046953849486,0.6666666666666666,-0.028726608826278865,-0.04211107022917193,-0.04807412792843435,0.6444444444444444,-0.051516319346469594
0.0,2.0,0.25,0.0,0.0,20,5,0.037218395008130845,-0.081776317821459,-0.1490013339325892,0.5056818181818182,-0.07451317226857579,-0.03244504845113194,-0.056128127037851305,0.5833333333333334,-0.051764790542406125,-0.030151788718980832,-0.035334151917695955,0.5833333333333334,0.022434080711172255,0.009049619308279189,-0.036139247102064176,0.5555555555555556,-0.048075930544044784
0.0,2.0,0.25,0.0,0.0,20,3,-0.008579668047845934,-0.12757438087743578,-0.15049720147683976,0.30795454545454537,-0.07619199667116061,-0.034123872853716763,-0.05395353770947475,0.4166666666666667,-0.05810171290067645,-0.03648871107725116,-0.04171484891551125,0.4166666666666667,0.026933102924512786,0.01354864152161972,-0.047104145294499467,0.3777777777777777,-0.06938045004162001
0.0,2.0,0.25,0.0,0.0,10,5,0.15454297073362566,0.03554825790403582,-0.15985242931087928,1.0,-0.05782005039592897,-0.01575192657848512,-0.054037482597119824,1.0,-0.07499896801903694,-0.053385966195611645,-0.049659045237226085,1.0,-0.05654551067593583,-0.0699299720788289,-0.06457160711240606,1.0,-0.00643865632897124
0.0,2.0,0.25,0.0,0.0,10,3,0.008952668393849006,-0.11004204443574084,-0.17305244856462587,0.6045454545454544,-0.07511464565133674,-0.033046521833892895,-0.063530826250215,0.6666666666666666,-0.06789355347561121,-0.04628055165218592,-0.05221158944696602,0.6666666666666666,0.01472694639254013,0.0013424849896470636,-0.07255501938409181,0.6444444444444444,-0.06452126045393743
0.0,2.0,0.25,0.0,0.5,20,5,0.11354521329222211,-0.00544949953736773,-0.1048607506150041,0.5056818181818182,-0.03183279300421615,0.010235330813227694,-0.02887372381132547,0.5833333333333334,-0.05036973341943818,-0.028756731596012886,-0.03988157520853097,0.5833333333333334,-0.037018391577300136,-0.0504028529801932,-0.04133920360558907,0.5555555555555556,-0.011767379774939468
0.0,2.0,0.25,0.0,0.5,20,3,-0.01785892003567069,-0.13685363286526053,-0.10970528949647929,0.30795454545454537,-0.01947981389890785,0.022588309918535998,-0.0271679293715954,0.4166666666666667,-0.048240380570521046,-0.026627378747095753,-0.03861952345860509,0.4166666666666667,-0.04078625518951229,-0.054170716592405355,-0.04802498279475409,0.3777777777777777,-0.06805677161065841
0.0,2.0,0.25,0.0,0.5,10,5,0.18197648448646064,0.0629817716568708,-0.13589635941078182,1.0,-0.05361085286517697,-0.011542729047733125,-0.0489452532722886,1.0,-0.06874222715516276,-0.04712922533173747,-0.03886331612364624,1.0,-0.0498480724911472,-0.06323253389404027,-0.06356767711221534,1.0,0.00890185109979192
0.0,2.0,0.25,0.0,0.5,10,3,0.030393424636204536,-0.08860128819338531,-0.11178346084808088,0.6045454545454544,-0.05704408438818154,-0.01497596057073769,-0.036787212690336246,0.6666666666666666,-0.09342653969553893,-0.07181353787211364,-0.06433961172153291,0.6666666666666666,-0.03570907601504503,-0.04909353741793809,-0.05930498649835525,0.6444444444444444,-0.06175063112321557
0.0,2.0,0.25,0.25,0.0,20,5,0.021818323830449682,-0.09717638899914016,-0.13562033534885665,0.5056818181818182,-0.05932279817577957,-0.01725467435833572,-0.04613416196888365,0.5833333333333334,-0.053300729187044094,-0.0316877273636188,-0.035334155642986254,0.5833333333333334,0.020817478320266813,0.007433016917373747,-0.03603803607716416,0.5555555555555556,-0.05168125020613376
0.0,2.0,0.25,0.25,0.0,20,3,-0.04913129545592754,-0.16812600828551738,-0.14949238353368455,0.30795454545454537,-0.08080880775567956,-0.03874068393823571,-0.06582784666534847,0.4166666666666667,-0.06083147743737349,-0.0392184756139482,-0.040870280513926716,0.4166666666666667,-0.0058659969193100014,-0.019250458322203068,-0.050230207487463874,0.3777777777777777,-0.09411221480346443
0.0,2.0,0.25,0.25,0.0,10,5,0.0812705225367143,-0.03772419029287555,-0.17149528961146665,1.0,-0.04069463800768658,0.0013734858097572689,-0.03684331137466623,1.0,-0.051567763936693156,-0.029954762113267863,-0.04830478538978211,1.0,-0.04481460470333121,-0.05819906610622427,-0.05485581947236273,1.0,-0.029855588412278502
0.0,2.0,0.25,0.25,0.0,10,3,-0.027923447877356566,-0.1469181607069464,-0.172858648919072,0.6045454545454544,-0.06174045625274005,-0.019672332435296203,-0.04998912507577247,0.6666666666666666,-0.041305798273069017,-0.019692796449643724,-0.051443886239605274,0.6666666666666666,-0.04610229635106544,-0.05948675775395851,-0.08900869689073365,0.6444444444444444,-0.08290818855749027
0.0,2.0,0.25,0.25,0.5,20,5,0.09242070516631617,-0.02657400766327367,-0.10197768124970241,0.5056818181818182,-0.025034179476340457,0.01703394434110339,-0.02012332526227434,0.5833333333333334,-0.050486814021287074,-0.02887381219786178,-0.03591538912663317,0.5833333333333334,-0.03518759763231971,-0.04857205903521278,-0.044333495322995575,0.5555555555555556,-0.019316698048158484
0.0,2.0,0.25,0.25,0.5,20,3,-0.00799751898460943,-0.12699223181419927,-0.10385427542131787,0.30795454545454537,-0.0322372220803373,0.009830901737106545,-0.03836136329780593,0.4166666666666667,-0.0540327764510492,-0.03241977462762391,-0.041949222429963795,0.4166666666666667,-0.027467976999088095,-0.04085243840198116,-0.03905769455797359,0.3777777777777777,-0.0656796108365538
0.0,2.0,0.25,0.25,0.5,10,5,0.19907883978639296,0.08008412695680311,-0.1426222444245583,1.0,-0.03720693659924523,0.004861187218198615,-0.02359375249888962,1.0,-0.05864191011741238,-0.037028908293987084,-0.04327980843418622,1.0,-0.052017076059406864,-0.06540153746229993,-0.06186138011804543,1.0,0.021888587071668006
0.0,2.0,0.25,0.25,0.5,10,3,0.0202292400906825,-0.09876547273890735,-0.1322570081952794,0.6045454545454544,-0.04670104166603761,-0.004632917848593765,-0.026221973721672454,0.6666666666666666,-0.054383239140601836,-0.03277023731717654,-0.05815937094841228,0.6666666666666666,-0.05440947506497218,-0.06779393646786525,-0.06728796188020647,0.6444444444444444,-0.06068731826241301
0.0,2.0,0.25,0.5,0.0,20,5,0.10632636217507052,-0.012668350654519323,-0.11648809253100212,0.5056818181818182,-0.05116643512889818,-0.009098311311454332,-0.04171255018871556,0.5833333333333334,-0.05190037053733587,-0.03028736871391058,-0.03250728380594359,0.5833333333333334,0.011504237955179963,-0.001880223447713103,-0.03770450521216118,0.5555555555555556,-0.012800474446640833
0.0,2.0,0.25,0.5,0.0,20,3,0.014946350376666917,-0.10404836245292293,-0.10451501201792568,0.30795454545454537,-0.06797216639472936,-0.025904042577285513,-0.053918755154314546,0.4166666666666667,-0.058308615348522386,-0.03669561352509709,-0.041996438940411274,0.4166666666666667,-0.003384114307985242,-0.01676857571087831,-0.04611103530468108,0.3777777777777777,-0.061317402133533004
0.0,2.0,0.25,0.5,0.0,10,5,0.14138787146259135,0.02239315863300151,-0.15247759313127407,1.0,-0.027322388162312694,0.014745735655131154,-0.03126596261868997,1.0,-0.05001830636983673,-0.028405304546411436,-0.051724235063420276,1.0,-0.05486310319768928,-0.06824756460058234,-0.06043625323976187,1.0,-0.0007345750734155995
0.0,2.0,0.25,0.5,0.0,10,3,0.04496688001885496,-0.07402783281073488,-0.14392070825119818,0.6045454545454544,-0.02802876626400186,0.014039357553441989,-0.031269694972090534,0.6666666666666666,-0.06523262335119939,-0.0436196215277741,-0.06280755965415619,0.6666666666666666,-0.015744489461213984,-0.02912895086410705,-0.06585487026036241,0.6444444444444444,-0.040714971235252376
0.0,2.0,0.25,0.5,0.5,20,5,0.11245138884324035,-0.006543323986349492,-0.08751251568755825,0.5056818181818182,-0.010282272854544305,0.03178585096289954,-0.012769926087558225,0.5833333333333334,-0.046667857786720224,-0.02505485596329493,-0.03869195759695043,0.5833333333333334,-0.029621454551347237,-0.043005915954240304,-0.037386638890358204,0.5555555555555556,-0.005207148840762671
0.0,2.0,0.25,0.5,0.5,20,3,0.050427830491927894,-0.06856688233766195,-0.10714703365198097,0.30795454545454537,-0.024501660283870907,0.01756646353357294,-0.03248849592488745,0.4166666666666667,-0.05127084044143171,-0.029657838618006416,-0.04324364180212148,0.4166666666666667,-0.030567159166527524,-0.04395162056942059,-0.03545401620267996,0.3777777777777777,-0.0375049000466687
0.0,2.0,0.25,0.5,0.5,10,5,0.13429443541399722,0.015299722584407371,-0.10302081838958066,1.0,-0.03273624892529825,0.009331874892145597,-0.014884536078878186,1.0,-0.061863648904038726,-0.04025064708061343,-0.046942234891109935,1.0,-0.046414686376782366,-0.05979914777967543,-0.05631716830561029,1.0,-0.0057896253430236135
0.0,2.0,0.25,0.5,0.5,10,3,0.04788689472680896,-0.07110781810278088,-0.11930807192419812,0.6045454545454544,-0.029330954081151606,0.012737169736292242,-0.01941370677734089,0.6666666666666666,-0.05702044618802682,-0.035407444364601526,-0.06099697783092928,0.6666666666666666,-0.04389115217718553,-0.0572756135800786,-0.05677959759926943,0.6444444444444444,-0.04271668440388036
0.0,2.0,0.25,0.75,0.0,20,5,0.09805755428101315,-0.020937158548576695,-0.08503418260714635,0.5056818181818182,-0.03627533050241827,0.0057927933150255795,-0.034787404634915475,0.5833333333333334,-0.04452839534809583,-0.022915393524670535,-0.03106196130264749,0.5833333333333334,0.004116463288774241,-0.009267998114118825,-0.0364244101221044,0.5555555555555556,-0.01280103176392152
0.0,2.0,0.25,0.75,0.0,20,3,0.06322915642318572,-0.055765556406404126,-0.08415240133547386,0.30795454545454537,-0.03333119712701049,0.008736926690433355,-0.039205701060360254,0.4166666666666667,-0.04687089256690824,-0.025257890743482947,-0.04285478493959394,0.4166666666666667,-0.014127829418252413,-0.02751229082114548,-0.03928357339781863,0.3777777777777777,-0.03082579594496778
0.0,2.0,0.25,0.75,0.0,10,5,0.09315811505828608,-0.02583659777130376,-0.12736333975500602,1.0,-0.055650665687129064,-0.013582541869685216,-0.04812987314860029,1.0,-0.06333262683300456,-0.041719625009579264,-0.05497595493861018,1.0,-0.05168034213931072,-0.06506480354220379,-0.058050639039901264,1.0,-0.031039768747275452
0.0,2.0,0.25,0.75,0.0,10,3,0.050480126478230414,-0.06851458635135943,-0.08711544475316868,0.6045454545454544,-0.006354472582050241,0.035713651235393606,-0.022211826175854044,0.6666666666666666,-0.046716960858569356,-0.025103959035144063,-0.06041092621190247,0.6666666666666666,-0.009323521267546209,-0.022707982670439275,-0.06077337579462183,0.6444444444444444,-0.029074942305100843
0.0,2.0,0.25,0.75,0.5,20,5,0.12599967104443177,0.007004958214841928,-0.07047972051684825,0.5056818181818182,-0.01610825487278078,0.025959868944663067,-0.01574152496606107,0.5833333333333334,-0.0529155353973213,-0.03130253357389601,-0.042296815727638326,0.5833333333333334,-0.03473535056421839,-0.04811981196711146,-0.041196143429009346,0.5555555555555556,-0.0022711533983064847
0.0,2.0,0.25,0.75,0.5,20,3,0.01807013289137993,-0.10092457993820991,-0.08032635741625571,0.30795454545454537,-0.021364839752832987,0.02070328406461086,-0.031313781709354394,0.4166666666666667,-0.05234472299663184,-0.03073172117320655,-0.04314297851629567,0.4166666666666667,-0.022796591020545542,-0.03618105242343861,-0.029337293423637112,0.3777777777777777,-0.050277155995538524
0.0,2.0,0.25,0.75,0.5,10,5,0.09563570383904252,-0.023359008990547325,-0.11208756467188197,1.0,-0.04265667432499909,-0.0005885505075552411,-0.03204374132082877,1.0,-0.05630248021349116,-0.034689478390065864,-0.058524455909656825,1.0,-0.06547453902201283,-0.0788590004249059,-0.0645821345531602,1.0,-0.02769096349488087
0.0,2.0,0.25,0.75,0.5,10,3,0.06170419465121135,-0.05729051817837849,-0.05936375290925999,0.6045454545454544,-0.021587292030012084,0.020480831787431764,-0.015308672491334718,0.6666666666666666,-0.03535039920615468,-0.013737397382729388,-0.051552452480075006,0.6666666666666666,-0.05067089667124758,-0.06405535807414064,-0.058323264614505654,0.6444444444444444,-0.03232943855194289
0.0,2.0,0.5,0.0,0.0,20,5,0.09348671856986113,-0.025507994259728717,-0.14311336852755485,0.5056818181818182,-0.07366490242265589,-0.03159677860521204,-0.05474479097293461,0.5833333333333334,-0.04213197642182809,-0.020518974598402795,-0.03304057636260982,0.5833333333333334,0.013412207442236257,2.774603934319053e-05,-0.038835774633528275,0.5555555555555556,-0.02245147635203987
0.0,2.0,0.5,0.0,0.0,20,3,-0.028007244803804676,-0.14700195763339452,-0.13734893283810912,0.30795454545454537,-0.0765017257636641,-0.03443360194622025,-0.054270723767993245,0.4166666666666667,-0.03845526322100856,-0.01684226139758327,-0.031170083245039004,0.4166666666666667,0.028218613813187243,0.014834152410294177,-0.04671507209237313,0.3777777777777777,-0.07506049776967597
0.0,2.0,0.5,0.0,0.0,10,5,0.15015412444543008,0.031159411615840238,-0.15065270670536546,1.0,-0.08933044388682176,-0.04726232006937792,-0.07183366278474013,1.0,-0.07570810633083769,-0.054095104507412395,-0.05302740557994723,1.0,-0.055991844322945905,-0.06937630572583897,-0.06727858861661162,1.0,-0.016314556325204076
0.0,2.0,0.5,0.0,0.0,10,3,0.012891585039647158,-0.10610312778994269,-0.1524006417244106,0.6045454545454544,-0.07511464565133674,-0.033046521833892895,-0.063530826250215,0.6666666666666666,-0.056392503605740996,-0.0347795017823157,-0.033451358920663865,0.6666666666666666,-0.002394512065327925,-0.01577897346822099,-0.08565088385804553,0.6444444444444444,-0.06359180925152794
0.0,2.0,0.5,0.0,0.5,20,5,0.02220433287802792,-0.09679037995156192,-0.1403235535891617,0.5056818181818182,-0.030014443031591176,0.012053680785852672,-0.02646100668625606,0.5833333333333334,-0.05690976497983402,-0.03529676315640873,-0.04127578715423563,0.5833333333333334,-0.02116907215503505,-0.03455353355792812,-0.03163640162043779,0.5555555555555556,-0.051019795288890224
0.0,2.0,0.5,0.0,0.5,20,3,-0.0202469875682576,-0.13924170039784745,-0.09531994021900325,0.30795454545454537,-0.023056535946422763,0.019011587871021085,-0.024998456274867076,0.4166666666666667,-0.0512639262197262,-0.029650924396300904,-0.03989154435907605,0.4166666666666667,-0.03381533701653905,-0.047199798419432115,-0.04365546246873453,0.3777777777777777,-0.06943347663363603
0.0,2.0,0.5,0.0,0.5,10,5,0.12342997279470769,0.004435259965117844,-0.12398875805076015,1.0,-0.05289598383076055,-0.010827860013316704,-0.027829626358037984,1.0,-0.05166987156178193,-0.03005686973835664,-0.04364841688983345,1.0,-0.06983451598495383,-0.08321897738784689,-0.0755353431639948,1.0,-0.017702475087956675
0.0,2.0,0.5,0.0,0.5,10,3,0.055512919891363754,-0.06348179293822609,-0.10339859565855458,0.6045454545454544,-0.05948921032178578,-0.01742108650434193,-0.03170916739522234,0.6666666666666666,-0.061554783379576095,-0.0399417815561508,-0.05985467889121665,0.6666666666666666,-0.05266677272668374,-0.06605123412957681,-0.06711691611585247,0.6444444444444444,-0.048821030801146366
0.0,2.0,0.5,0.25,0.0,20,5,0.006419989293734885,-0.11257472353585496,-0.15278908928810853,0.5056818181818182,-0.06681596018281133,-0.02474783636536748,-0.0475088170077157,0.5833333333333334,-0.0564697639791103,-0.034856762155685006,-0.03496180542707439,0.5833333333333334,0.007272500161555229,-0.006111961241337838,-0.04906223675181809,0.5555555555555556,-0.06299089319203002
0.0,2.0,0.5,0.25,0.0,20,3,-0.031011710985852092,-0.15000642381544194,-0.12133115931252092,0.30795454545454537,-0.0908113673772426,-0.048743243559798755,-0.06817564923257291,0.4166666666666667,-0.044150282806659336,-0.022537280983234043,-0.030753633042573947,0.4166666666666667,-0.0029184954716386935,-0.01630295687453176,-0.0482755818455155,0.3777777777777777,-0.08551473728556343
0.0,2.0,0.5,0.25,0.0,10,5,0.03520046902029805,-0.08379424380929179,-0.18940769659761203,1.0,-0.03676269328711157,0.005305430530332278,-0.03684331137466612,1.0,-0.06478909496989982,-0.043176093146474526,-0.048915207247147596,1.0,-0.05488221434563145,-0.06826667574852452,-0.06988505797459688,1.0,-0.053097467415848094
0.0,2.0,0.5,0.25,0.0,10,3,0.02116246577601477,-0.09783224705357507,-0.1361222162274094,0.6045454545454544,-0.06108539610724384,-0.01901727228979999,-0.05736755855750131,0.6666666666666666,-0.04590845687248557,-0.024295455049060277,-0.037288217414252034,0.6666666666666666,-0.02498780589920524,-0.038372267302098306,-0.07081390533187182,0.6444444444444444,-0.058178987599232575
0.0,2.0,0.5,0.25,0.5,20,5,0.0743851417693393,-0.04460957106025054,-0.1097238987764726,0.5056818181818182,-0.02074175006502732,0.021326373752416528,-0.019088859105007017,0.5833333333333334,-0.053912822112769154,-0.03229982028934386,-0.040141781384966935,0.5833333333333334,-0.02607902926256589,-0.039463490665458956,-0.03452787389499168,0.5555555555555556,-0.025507210182229036
0.0,2.0,0.5,0.25,0.5,20,3,-0.00022469918286427415,-0.11921941201245412,-0.08781002178431752,0.30795454545454537,-0.026700303286509408,0.01536782053093444,-0.031199974863744262,0.4166666666666667,-0.055111562230686695,-0.0334985604072614,-0.04484477614610527,0.4166666666666667,-0.026714541032814343,-0.04009900243570741,-0.03926175468140658,0.3777777777777777,-0.06084641469931606
0.0,2.0,0.5,0.25,0.5,10,5,0.18499706663546522,0.06600235380587538,-0.1051861427484928,1.0,-0.045451572008800345,-0.0033834481913564973,-0.016148434453552296,1.0,-0.061191609551025095,-0.0395786077275998,-0.049928137854392096,1.0,-0.07447125553122469,-0.08785571693411776,-0.0750684650403487,1.0,0.009740048465547166
0.0,2.0,0.5,0.25,0.5,10,3,0.03596709347208993,-0.08302761935749992,-0.1113514164120798,0.6045454545454544,-0.04631256647729631,-0.004244442659852465,-0.019413706777340778,0.6666666666666666,-0.054168564905983985,-0.03255556308255869,-0.05815937094841228,0.6666666666666666,-0.05181655108829142,-0.06520101249118448,-0.06215488220987786,0.6444444444444444,-0.053087025711899556
0.0,2.0,0.5,0.5,0.0,20,5,0.0845755002602584,-0.03441921256933145,-0.08857045769861438,0.5056818181818182,-0.03945494635883928,0.0026131774586045653,-0.03707908312790398,0.5833333333333334,-0.05592076736547891,-0.034307765542053614,-0.03852283159728709,0.5833333333333334,-0.012616122732707402,-0.02600058413560047,-0.05385608771492767,0.5555555555555556,-0.023881603743196124
0.0,2.0,0.5,0.5,0.0,20,3,0.02777417389562631,-0.09122053893396354,-0.07765350488690859,0.30795454545454537,-0.0620971147861038,-0.020028990968659954,-0.05041224698577762,0.4166666666666667,-0.04857075400631161,-0.02695775218288632,-0.040478060957593875,0.4166666666666667,-0.012519552171291415,-0.02590401357418448,-0.04367645006425447,0.3777777777777777,-0.0539857551260092
0.0,2.0,0.5,0.5,0.0,10,5,0.16048394866327165,0.0414892358336818,-0.11833171263506392,1.0,-0.03437399994349255,0.007694123873951297,-0.03445481795259053,1.0,-0.05001830236394755,-0.02840530054052226,-0.05172423106472468,1.0,-0.046531612980937,-0.059916074383830065,-0.059205827660090526,1.0,0.007345480854991787
0.0,2.0,0.5,0.5,0.0,10,3,0.08515864426938324,-0.0338360685602066,-0.09744010251558322,0.6045454545454544,-0.025852242282945914,0.016215881534497933,-0.026582382450852426,0.6666666666666666,-0.04400989315657933,-0.022396891333154034,-0.06280755965415619,0.6666666666666666,-0.024567562193586134,-0.0379520235964792,-0.06784111009313953,0.6444444444444444,-0.020224597707913475
0.0,2.0,0.5,0.5,0.5,20,5,0.10249125495596911,-0.01650345787362073,-0.08739885289679905,0.5056818181818182,-0.01709386955926795,0.0249742542581759,-0.015244338409602598,0.5833333333333334,-0.05390362680896699,-0.032290624985541694,-0.04178324921118304,0.5833333333333334,-0.03741488770672807,-0.05079934910962114,-0.04502866336959033,0.5555555555555556,-0.013646488592859779
0.0,2.0,0.5,0.5,0.5,20,3,0.02640200820289773,-0.09259270462669211,-0.1021711884114741,0.30795454545454537,-0.019551756668148346,0.022516367149295502,-0.02617285824217841,0.4166666666666667,-0.049654713763429226,-0.028041711940003933,-0.0406086477236115,0.4166666666666667,-0.015672299346731422,-0.02905676074962449,-0.027475905563811742,0.3777777777777777,-0.04460239619813184
0.0,2.0,0.5,0.5,0.5,10,5,0.15105713878399785,0.032062425954408,-0.09915305947754705,1.0,-0.03237678941611255,0.009691334401331297,-0.014884536078878186,1.0,-0.05946009485896209,-0.037847093035536794,-0.050619589454043545,1.0,-0.07215002564042483,-0.0855344870433179,-0.07181972518535762,1.0,-0.0016563117320117764
0.0,2.0,0.5,0.5,0.5,10,3,0.07096907746019254,-0.0480256353693973,-0.09869720285289119,0.6045454545454544,-0.02933095586291523,0.012737167954528616,-0.01941370677734089,0.6666666666666666,-0.05416856424320671,-0.032555562419781414,-0.05815937094841228,0.6666666666666666,-0.04546834086751517,-0.05885280227040823,-0.054795283547196205,0.6444444444444444,-0.03213849863112508
0.0,2.0,0.5,0.75,0.0,20,5,0.08162565755081164,-0.03736905527877821,-0.07795591851904027,0.5056818181818182,-0.05272151033121997,-0.01065338651377612,-0.05397659527611309,0.5833333333333334,-0.0422979218649443,-0.020684920041519006,-0.03001505239184088,0.5833333333333334,-0.01862421853022589,-0.032008679933118955,-0.04371832776548357,0.5555555555555556,-0.02738346150008992
0.0,2.0,0.5,0.75,0.0,20,3,0.07450196202892223,-0.04449275080066761,-0.08177141297365542,0.30795454545454537,-0.027921216269516158,0.01414690754792769,-0.0423954588287323,0.4166666666666667,-0.02952566474581897,-0.007912662922393676,-0.030799555249272137,0.4166666666666667,-0.01917787556939321,-0.03256233697228628,-0.04513092466554236,0.3777777777777777,-0.022556260957520495
0.0,2.0,0.5,0.75,0.0,10,5,0.1091097467743245,-0.009884966055265343,-0.1004977795753702,1.0,-0.06229012981974569,-0.02022200600230184,-0.048265972371614896,1.0,-0.06870319565596739,-0.04709019383254209,-0.05881807444527032,1.0,-0.05108661067659581,-0.06447107207948888,-0.06875444789169083,1.0,-0.02623792611224951
0.0,2.0,0.5,0.75,0.0,10,3,0.06352677013489028,-0.05546794269469957,-0.10337899625468583,0.6045454545454544,-0.04058725589544465,0.001480867921999196,-0.022211826175854155,0.6666666666666666,-0.046716963545920365,-0.025103961722495072,-0.06041092621190247,0.6666666666666666,-0.010624675365773273,-0.02400913676866634,-0.05112146145496599,0.6444444444444444,-0.03195732200578922
0.0,2.0,0.5,0.75,0.5,20,5,0.1110039561933398,-0.00799075663625004,-0.05852705860907448,0.5056818181818182,-0.0050341314075796895,0.03703399240986416,-0.011893282392620996,0.5833333333333334,-0.054931280025148466,-0.03331827820172317,-0.04340004868501035,0.5833333333333334,-0.02349939804435408,-0.03688385944724715,-0.028281302699900923,0.5555555555555556,-0.004867663031192027
0.0,2.0,0.5,0.75,0.5,20,3,0.048782707526735525,-0.07021200530285432,-0.0758965980479287,0.30795454545454537,-0.009005616782834958,0.03306250703460889,-0.021351399782250757,0.4166666666666667,-0.05016988993043203,-0.02855688810700674,-0.04314297488187446,0.4166666666666667,-0.022719551997203102,-0.03610401340009617,-0.0337223094755581,0.3777777777777777,-0.033028910853697656
0.0,2.0,0.5,0.75,0.5,10,5,0.11692686585735812,-0.002067846972231724,-0.08200507805992319,1.0,-0.04645279085668008,-0.004384667039236234,-0.03204374132082888,1.0,-0.054930084274450564,-0.03331708245102527,-0.050619593108305216,1.0,-0.0548715985290803,-0.06825605993197337,-0.05746204647216713,1.0,-0.01726266925476313
0.0,2.0,0.5,0.75,0.5,10,3,0.017613277532689375,-0.10138143529690047,-0.07495976193611653,0.6045454545454544,-0.021587290234034162,0.020480833583409686,-0.015308672491334718,0.6666666666666666,-0.04317445733856884,-0.021561455515143546,-0.053016347243650896,0.6666666666666666,-0.037367167314539484,-0.05075162871743255,-0.06173504753046377,0.6444444444444444,-0.05134840012263921
0.25,0.5,0.0,0.0,0.0,20,5,0.060574552717165275,-0.05842016011242457,-0.1177177633101032,0.5056818181818182,-0.07746784963303832,-0.035399725815594474,-0.05814075277227693,0.5833333333333334,-0.04419538113033239,-0.022582379306907097,-0.031874698422993286,0.5833333333333334,-0.006426517831372602,-0.01981097923426567,-0.048869405238595065,0.5555555555555556,-0.04149800728566559
0.25,0.5,0.0,0.0,0.0,20,3,0.018671224525035335,-0.10032348830455451,-0.1365500151797303,0.30795454545454537,-0.07169479068918061,-0.029626666871736762,-0.05759948462109388,0.4166666666666667,-0.02752471759258468,-0.005911715769159387,-0.02513280554716324,0.4166666666666667,-0.00554570687603273,-0.018930168278925796,-0.0496817404016906,0.3777777777777777,-0.0562785190621965
0.25,0.5,0.0,0.0,0.0,10,5,0.08883203748837332,-0.030162675341216527,-0.10201439328184714,1.0,-0.07113085127831631,-0.02906272746087246,-0.06348281522865018,1.0,-0.05391498095834524,-0.032301979134919945,-0.04165626797480626,1.0,-0.0051722096512993865,-0.018556671054192453,-0.04795398843672716,1.0,-0.028467683297132413
0.25,0.5,0.0,0.0,0.0,10,3,0.019251568691188936,-0.09974314413840091,-0.13716302827024984,0.6045454545454544,-0.06286578309284407,-0.020797659275400227,-0.06287353962773279,0.6666666666666666,-0.029549441596248505,-0.007936439772823212,-0.02810170486678154,0.6666666666666666,-0.009660365187916686,-0.023044826590809753,-0.07375624525600166,0.6444444444444444,-0.054731019635675414
0.25,0.5,0.0,0.0,0.5,20,5,0.017112518920675113,-0.10188219390891473,-0.1019926765725907,0.5056818181818182,-0.016771794486655667,0.02529632933078818,-0.02029576213316464,0.5833333333333334,-0.044703863900537266,-0.023090862077111973,-0.032595016689130785,0.5833333333333334,-0.01734519354009645,-0.030729654942989515,-0.029722654449988894,0.5555555555555556,-0.04759598247932981
0.25,0.5,0.0,0.0,0.5,20,3,-0.015824773211773002,-0.13481948604136285,-0.11216822695458062,0.30795454545454537,-0.011240127688460388,0.03082799612898346,-0.024567015504241008,0.4166666666666667,-0.053085654136717064,-0.03147265231329177,-0.04112030438486025,0.4166666666666667,-0.019048561600728986,-0.03243302300362205,-0.0395539976901802,0.3777777777777777,-0.0625476209839045
0.25,0.5,0.0,0.0,0.5,10,5,0.0971651693568254,-0.021829543472764446,-0.12533844723550625,1.0,-0.02673687441862671,0.015331249398817137,-0.024615205889322422,1.0,-0.04519185755868971,-0.023578855735264415,-0.04438241891348349,1.0,-0.07909276827997547,-0.09247722968286853,-0.08296495617338706,1.0,-0.023398895025759658
0.25,0.5,0.0,0.0,0.5,10,3,-0.03928567507210057,-0.1582803879016904,-0.14147926147044643,0.6045454545454544,-0.027683447791606475,0.014384676025837373,-0.03422368073825377,0.6666666666666666,-0.0623179587265672,-0.04070495690314191,-0.06467355046841095,0.6666666666666666,-0.03673053809075766,-0.050114999493650725,-0.06321846861785696,0.6444444444444444,-0.08125299900882024
0.25,0.5,0.0,0.25,0.0,20,5,0.08000554457152531,-0.03898916825806453,-0.06738714512863786,0.5056818181818182,-0.032519392045980644,0.009548731771463204,-0.0354991568871077,0.5833333333333334,-0.02510762389614385,-0.003494622072718556,-0.03280415059989095,0.5833333333333334,-0.005591681451162955,-0.018976142854056022,-0.024995270520125068,0.5555555555555556,-0.01852855751227943
0.25,0.5,0.0,0.25,0.0,20,3,0.05823967314071088,-0.060755039688878965,-0.06254804379748624,0.30795454545454537,-0.03591957198313378,0.006148551834310068,-0.046586129801033604,0.4166666666666667,-0.02005220401955865,0.0015607978038666426,-0.03313859224571514,0.4166666666666667,-0.011997311256780385,-0.02538177265967345,-0.041376437427256385,0.3777777777777777,-0.02937577612978904
0.25,0.5,0.0,0.25,0.0,10,5,0.06336699504725685,-0.055627717782333,-0.09958375261545327,1.0,-0.03573127629537698,0.0063368475220668685,-0.04031122765812323,1.0,-0.031388936018060476,-0.009775934194635183,-0.04248671889121336,1.0,-0.021033124928597324,-0.03441758633149039,-0.026138702916016165,1.0,-0.030077289200451968
0.25,0.5,0.0,0.25,0.0,10,3,0.04318118455646491,-0.07581352827312493,-0.10765479383604537,0.6045454545454544,-0.0004579989016514352,0.04161012491579241,-0.032280822608803494,0.6666666666666666,-0.033401945706586944,-0.011788943883161651,-0.04762924309462713,0.6666666666666666,-0.006348125675256,-0.019732587078149066,-0.04249420592275854,0.6444444444444444,-0.028441786138154724
0.25,0.5,0.0,0.25,0.5,20,5,0.11491941773074998,-0.0040752950988398595,-0.06104346826039919,0.5056818181818182,-0.016892620325286378,0.02517550349215747,-0.02622003449805277,0.5833333333333334,-0.036656485243501735,-0.015043483420076442,-0.0387069513303272,0.5833333333333334,-0.02318885408678828,-0.036573315489681346,-0.02872082258971742,0.5555555555555556,-0.0032825267579022375
0.25,0.5,0.0,0.25,0.5,20,3,0.0712803915386877,-0.04771432129090214,-0.05501205620925553,0.30795454545454537,-0.009205537657332119,0.03286258616011173,-0.02783563244347209,0.4166666666666667,-0.035363289926140906,-0.013750288102715613,-0.03911997858416749,0.4166666666666667,-0.016402398429824272,-0.02978685983271734,-0.03169228114634304,0.3777777777777777,-0.019786370231192976
0.25,0.5,0.0,0.25,0.5,10,5,0.04637965845466807,-0.07261505437492177,-0.08722167986755414,1.0,-0.03265176899362876,0.009416354823815087,-0.029520440669993153,1.0,-0.043496014295494434,-0.02188301247206914,-0.045834119769298076,1.0,-0.04959352177894749,-0.06297798318184056,-0.05215276480902076,1.0,-0.04305183511084749
0.25,0.5,0.0,0.25,0.5,10,3,0.041926807021244406,-0.07706790580834544,-0.08100749166992482,0.6045454545454544,0.011906046725130848,0.053974170542574695,-0.008975909161865747,0.6666666666666666,-0.04502134062840368,-0.02340833880497839,-0.0566630482302658,0.6666666666666666,0.009220285962484809,-0.004164175440408258,-0.01694718429527231,0.6444444444444444,-0.025322892114919775
0.25,0.5,0.0,0.5,0.0,20,5,0.044813935250694215,-0.07418077757889563,-0.046870813255210475,0.5056818181818182,-0.003444287070327401,0.03862383674711645,-0.01805470020472999,0.5833333333333334,-0.02990431807762861,-0.008291316254203318,-0.03599138152631021,0.5833333333333334,0.0019131804191028223,-0.011471280983790244,-0.010950385941634222,0.5555555555555556,-0.026689780309422956
0.25,0.5,0.0,0.5,0.0,20,3,0.050904882953466624,-0.06808982987612322,-0.057188552237276036,0.30795454545454537,-0.008447449741817437,0.03362067407562641,-0.03215580823356501,0.4166666666666667,-0.04185250634717452,-0.02023950452374923,-0.04786459844875213,0.4166666666666667,0.01279807843012648,-0.0005863829727665859,-0.007894387010714876,0.3777777777777777,-0.02535913804982622
0.25,0.5,0.0,0.5,0.0,10,5,0.004357046962766287,-0.11463766586682356,-0.06945719922836469,1.0,-0.038683422672669665,0.0033847011447741826,-0.03090052122535858,1.0,-0.06055712467234864,-0.038944122848923346,-0.06063228853081959,1.0,-0.013562460879029237,-0.026946922281922303,-0.024078355574519428,1.0,-0.06062443112350391
0.25,0.5,0.0,0.5,0.0,10,3,0.03399631023221206,-0.08499840259737779,-0.046615405804875665,0.6045454545454544,-0.006936538399962333,0.035131585417481515,-0.02161800817621462,0.6666666666666666,-0.06778062246653438,-0.046167620643109086,-0.0678552083803744,0.6666666666666666,0.003989036663011314,-0.009395424739881753,-0.012474742294468766,0.6444444444444444,-0.03780084162189825
0.25,0.5,0.0,0.5,0.5,20,5,0.045840235907020466,-0.07315447692256938,-0.046870813255210475,0.5056818181818182,0.0077698525744887,0.04983797639193255,-0.018833945253491358,0.5833333333333334,-0.01931039894881481,0.002302602874610482,-0.02653673865822459,0.5833333333333334,-0.00041324092046024496,-0.013797702323353311,-0.01051782605620677,0.5555555555555556,-0.02218428543448451
0.25,0.5,0.0,0.5,0.5,20,3,0.051486767176830206,-0.06750794565275964,-0.057188552237276036,0.30795454545454537,-0.008030037759250264,0.034038086058193584,-0.03215580823356501,0.4166666666666667,-0.03654660620289918,-0.014933604379473886,-0.043946625218888924,0.4166666666666667,0.0043875344929869,-0.008996926909906167,-0.008425866222470879,0.3777777777777777,-0.02545863372260045
0.25,0.5,0.0,0.5,0.5,10,5,0.00663060831287221,-0.11236410451671763,-0.06945719922836469,1.0,-0.0039050715194817176,0.03816305229796213,-0.026103935632109665,1.0,-0.03703893056243324,-0.015425928739007944,-0.039132123381381834,1.0,-0.03021395275024008,-0.04359841415313315,-0.029435479197202463,1.0,-0.04987673539185357
0.25,0.5,0.0,0.5,0.5,10,3,0.03792247027513551,-0.08107224255445433,-0.046615405804875665,0.6045454545454544,0.002526460542319642,0.04459458435976349,-0.021618008176214842,0.6666666666666666,-0.05771197366353531,-0.03609897184011002,-0.05778736515961291,0.6666666666666666,-0.008640557129875326,-0.022025018532768392,-0.017208244776411696,0.6444444444444444,-0.03405246161549534
0.25,0.5,0.0,0.75,0.0,20,5,0.053635141560188115,-0.06535957126940173,-0.054743409986665714,0.5056818181818182,0.0001350234326042976,0.042203147250048145,-0.02012507126629348,0.5833333333333334,-0.03824493866113465,-0.01663193683770936,-0.04257933298319161,0.5833333333333334,0.007614926777438358,-0.005769534625454709,-0.009596936188883354,0.5555555555555556,-0.022221240978193352
0.25,0.5,0.0,0.75,0.0,20,3,0.009941908178851877,-0.10905280465073797,-0.05826576377016057,0.30795454545454537,-0.020292698509444262,0.021775425307999585,-0.030588648458528045,0.4166666666666667,-0.03579369580074865,-0.014180693977323355,-0.0401391372735439,0.4166666666666667,0.010651637211096965,-0.0027328241917961016,-0.008565394160225837,0.3777777777777777,-0.046166933491200116
0.25,0.5,0.0,0.75,0.0,10,5,-0.10720087698184544,-0.22619558981143528,-0.11205412304376106,1.0,-0.02222777284264177,0.01984035097480208,-0.03135733442306521,1.0,-0.04495324366467701,-0.02334024184125172,-0.05039020995575927,1.0,0.005414603083582881,-0.007969858319310186,-0.012985684786666396,1.0,-0.10152444269552964
0.25,0.5,0.0,0.75,0.0,10,3,-0.04454440853420516,-0.163539121363795,-0.06749258899400512,0.6045454545454544,-0.011120688378140842,0.030947435439303006,-0.027868203889131582,0.6666666666666666,-0.03384093898901752,-0.012227937165592229,-0.03934116629380091,0.6666666666666666,0.006930381911457673,-0.006454079491435394,-0.01240685402124242,0.6444444444444444,-0.06865804825243614
0.25,0.5,0.0,0.75,0.5,20,5,0.053635141560188115,-0.06535957126940173,-0.054743409986665714,0.5056818181818182,-0.0034984239896129754,0.03856969982783087,-0.02012507126629348,0.5833333333333334,-0.03240803941364201,-0.010795037590216716,-0.03676873920990298,0.5833333333333334,0.002240495776472118,-0.011143965626420949,-0.009598823140269941,0.5555555555555556,-0.02306023259676871
0.25,0.5,0.0,0.75,0.5,20,3,0.009941908178851877,-0.10905280465073797,-0.05826576377016057,0.30795454545454537,-0.020292698509444262,0.021775425307999585,-0.030588648458528045,0.4166666666666667,-0.02911772647886346,-0.007504724655438166,-0.03349325490902055,0.4166666666666667,0.002064651020757813,-0.011319810382135254,-0.008345634690340664,0.3777777777777777,-0.04645358602146821
0.25,0.5,0.0,0.75,0.5,10,5,-0.10720087698184544,-0.22619558981143528,-0.11205412304376106,1.0,-0.02222777284264177,0.01984035097480208,-0.03135733442306521,1.0,-0.03641467189160341,-0.014801670068178119,-0.04190024724459407,1.0,-0.0021653291398980867,-0.015549790542791153,-0.012985684786666507,1.0,-0.10138064676309075
0.25,0.5,0.0,0.75,0.5,10,3,-0.04454440853420516,-0.163539121363795,-0.06749258899400512,0.6045454545454544,-0.011120688378140842,0.030947435439303006,-0.027868203889131582,0.6666666666666666,-0.02892444803869565,-0.007311446215270356,-0.03445266433500227,0.6666666666666666,-0.0012703059517071846,-0.014654767354600251,-0.013141986809324768,0.6444444444444444,-0.0691506777893626
0.25,0.5,0.25,0.0,0.0,20,5,0.07178031185086131,-0.04721440097872853,-0.1319115705091205,0.5056818181818182,-0.07827810887003117,-0.036209985052587323,-0.05979455238452669,0.5833333333333334,-0.020610712380378038,0.001002289443047255,-0.01835249285793239,0.5833333333333334,0.021583656693550113,0.008199195290657046,-0.020582915553479908,0.5555555555555556,-0.028918753993519026
0.25,0.5,0.25,0.0,0.0,20,3,0.06697509983979244,-0.052019612989797404,-0.13014384537356072,0.30795454545454537,-0.08052439031616465,-0.038456266498720804,-0.06596582092831393,0.4166666666666667,-0.03173929238705897,-0.010126290563633678,-0.019196461905726436,0.4166666666666667,0.0034894422036682027,-0.009895019199224864,-0.03340961548017629,0.3777777777777777,-0.036026088934517815
0.25,0.5,0.25,0.0,0.0,10,5,0.01289658826122686,-0.10609812456836298,-0.1618375995082969,1.0,-0.09560264762827919,-0.053534523810835344,-0.07683777683250348,1.0,-0.04300560936753528,-0.021392607544109987,-0.04104240017577265,1.0,0.020831916857486865,0.007447455454593799,-0.02540166207447081,1.0,-0.0632195598218996
0.25,0.5,0.25,0.0,0.0,10,3,0.06727732569098888,-0.05171738713860097,-0.1315855051756989,0.6045454545454544,-0.051171230179447136,-0.009103106362003288,-0.05114579719060541,0.6666666666666666,-0.05747077828448277,-0.03585777646105748,-0.05200492236964305,0.6666666666666666,0.020693669925774483,0.007309208522881416,-0.02250096242649502,0.6444444444444444,-0.029830885993597667
0.25,0.5,0.25,0.0,0.5,20,5,0.02060753523280945,-0.0983871775967804,-0.10886975219326589,0.5056818181818182,-0.05597322346089817,-0.013905099643454322,-0.04016574392863115,0.5833333333333334,-0.045673116499842514,-0.02406011467641722,-0.04009340876217238,0.5833333333333334,-0.0008275412223128775,-0.014212002625205944,-0.023783376954914393,0.5555555555555556,-0.05349132242465823
0.25,0.5,0.25,0.0,0.5,20,3,-0.0027503202923788717,-0.12174503312196872,-0.11626019275253618,0.30795454545454537,-0.05239369146837669,-0.010325567650932843,-0.034809017853346336,0.4166666666666667,-0.032320833637873636,-0.010707831814448343,-0.025058303066609944,0.4166666666666667,0.004223548898496965,-0.009160912504396101,-0.029740814536789006,0.3777777777777777,-0.0603469684654458
0.25,0.5,0.25,0.0,0.5,10,5,0.09058155493172437,-0.02841315789786547,-0.12114913712128417,1.0,-0.04257321192488228,-0.0005050881074384339,-0.019753134136124895,1.0,-0.07000822028896658,-0.04839521846554129,-0.06410929642575758,1.0,-0.0011883636572735945,-0.014572825060166661,-0.02640045177424033,1.0,-0.022357399609755264
0.25,0.5,0.25,0.0,0.5,10,3,0.05597825708902393,-0.06301645574056591,-0.0985420793475913,0.6045454545454544,-0.041497098494392426,0.0005710253230514217,-0.029743845390714285,0.6666666666666666,-0.04126499861860433,-0.01965199679517904,-0.034224065662509684,0.6666666666666666,0.011044575019352632,-0.002339886383540435,-0.02001546034345414,0.6444444444444444,-0.031513431229299727
0.25,0.5,0.25,0.25,0.0,20,5,0.06062465593543798,-0.05837005689415187,-0.06884060077825438,0.5056818181818182,-0.05570089652311705,-0.013632772705673202,-0.05055843499466761,0.5833333333333334,-0.04420578107008144,-0.022592779246656147,-0.04378684570665825,0.5833333333333334,0.003832722490514584,-0.009551738912378482,-0.017233858824112325,0.5555555555555556,-0.034496396502641836
0.25,0.5,0.25,0.25,0.0,20,3,0.03583091683166373,-0.08316379599792612,-0.07500064911276205,0.30795454545454537,-0.04881590784104972,-0.006747784023605874,-0.03768714097772263,0.4166666666666667,-0.03639229432445523,-0.01477929250102994,-0.03715804465770234,0.4166666666666667,0.0023582270384094883,-0.011026234364483578,-0.01890295445753931,0.3777777777777777,-0.04298148323479525
0.25,0.5,0.25,0.25,0.0,10,5,0.03791473513567767,-0.08107997769391218,-0.08868075821449639,1.0,-0.058575164963325155,-0.016507041145881307,-0.050397993321975476,1.0,-0.06916101850475931,-0.047548016681334015,-0.0653348194577511,1.0,0.005192213189242789,-0.008192248213650277,-0.02354318514455478,1.0,-0.04897378998297845
0.25,0.5,0.25,0.25,0.0,10,3,0.08396139590632945,-0.035033316923260394,-0.10019129378985792,0.6045454545454544,0.03843862111429441,0.08050674493173826,0.0,0.6666666666666666,-0.0492757866538287,-0.02766278483040341,-0.05157121356459571,0.6666666666666666,0.0014128284829995064,-0.01197163291989356,-0.021100637204630512,0.6444444444444444,-0.0015834690450771591
0.25,0.5,0.25,0.25,0.5,20,5,0.04465433483520509,-0.07434037799438475,-0.0660876672182581,0.5056818181818182,-0.026727457940017296,0.015340665877426551,-0.029970500100898634,0.5833333333333334,-0.03561911183833544,-0.014006110014910145,-0.036979690623966555,0.5833333333333334,0.0014049341060249354,-0.011979527296868131,-0.01589186746418292,0.5555555555555556,-0.033515849224883244
0.25,0.5,0.25,0.25,0.5,20,3,0.052396037141379415,-0.06659867568821043,-0.05976260311934267,0.30795454545454537,-0.024900575186554197,0.01716754863088965,-0.024003220359563482,0.4166666666666667,-0.02907341806317265,-0.007460416239747358,-0.026595955767817814,0.4166666666666667,-0.004205963916772637,-0.017590425319665703,-0.01573615759403524,0.3777777777777777,-0.029435143135884242
0.25,0.5,0.25,0.25,0.5,10,5,-0.0007083014001489918,-0.11970301422973884,-0.07531048941067198,1.0,-0.03872933782283594,0.003338785994607907,-0.02626430259294399,1.0,-0.062001554670022,-0.040388552846596704,-0.06393503456082827,1.0,-0.010500116137191817,-0.023884577540084884,-0.023828434723122016,1.0,-0.06267262946273273
0.25,0.5,0.25,0.25,0.5,10,3,0.02195734699937879,-0.09703736583021105,-0.06047706715385248,0.6045454545454544,0.015036050585335525,0.05710417440277937,0.0,0.6666666666666666,-0.04141755301291605,-0.01980455118949076,-0.04099339912439692,0.6666666666666666,-0.018499306524891734,-0.0318837679277848,-0.027435678785511675,0.6444444444444444,-0.03714401889049146
0.25,0.5,0.25,0.5,0.0,20,5,0.0845721440657985,-0.03442256876379135,-0.046954031761157866,0.5056818181818182,-0.037649884986595605,0.004418238830848242,-0.03026800620273773,0.5833333333333334,-0.030518933696003336,-0.008905931872578043,-0.03190488210461051,0.5833333333333334,0.005035161208080341,-0.008349300194812725,-0.011003253607693164,0.5555555555555556,-0.016973881046102663
0.25,0.5,0.25,0.5,0.0,20,3,0.08326644598218746,-0.03572826684740238,-0.04510786661844535,0.30795454545454537,-0.026616931271611466,0.015451192545832382,-0.03466018021790285,0.4166666666666667,-0.035040273185282356,-0.013427271361857063,-0.03641975798826824,0.4166666666666667,0.007910522763795669,-0.005473938639097398,-0.009685098219463395,0.3777777777777777,-0.015050103445016144
0.25,0.5,0.25,0.5,0.0,10,5,0.026813749321838998,-0.09218096350775085,-0.06450016964638439,1.0,-0.04554485164270239,-0.003476727825258541,-0.031988194634344214,1.0,-0.05192457679853679,-0.0303115749751115,-0.05660667946628917,1.0,0.0012474624806990686,-0.012136998922193998,-0.023384856067242277,1.0,-0.04871790161939834
0.25,0.5,0.25,0.5,0.0,10,3,0.06568183896986945,-0.05331287385972039,-0.04580153031071077,0.6045454545454544,-0.007540951287330455,0.03452717253011339,-0.026487020716705056,0.6666666666666666,-0.05459713203336902,-0.03298413020994373,-0.05926603619635218,0.6666666666666666,-0.00039874576960019503,-0.013783207172493261,-0.023376061733976217,0.6444444444444444,-0.022374100711711378
0.25,0.5,0.25,0.5,0.5,20,5,0.0737701001349158,-0.04522461269467404,-0.046954031761157866,0.5056818181818182,-0.019245246497799573,0.022822877319644275,-0.02729918041550483,0.5833333333333334,-0.02263077484056364,-0.001017773017138346,-0.025776449641457533,0.5833333333333334,-0.0018996495113455802,-0.015284110914238647,-0.010571302233235547,0.5555555555555556,-0.017090638972398795
0.25,0.5,0.25,0.5,0.5,20,3,0.07224245390054551,-0.04675225892904433,-0.05712560471041905,0.30795454545454537,-0.016219789720242184,0.025848334097201664,-0.03325039853512901,0.4166666666666667,-0.029675029992061397,-0.008062028168636104,-0.03106218482649392,0.4166666666666667,0.001262806687681639,-0.012121654715211427,-0.008294687977792092,0.3777777777777777,-0.017603985426346665
0.25,0.5,0.25,0.5,0.5,10,5,0.03012869406439367,-0.08886601876519618,-0.06434842032056065,1.0,-0.028648880240695118,0.01341924357674873,-0.0319881946343441,1.0,-0.03612829068839307,-0.01451528886496778,-0.040888403851436106,1.0,-0.01489160936438505,-0.028276070767278116,-0.023282444676193004,1.0,-0.04305360149498798
0.25,0.5,0.25,0.5,0.5,10,3,0.06124436184993609,-0.05775035097965375,-0.04697570730768863,0.6045454545454544,0.0018476653600814075,0.043915789177525255,-0.026487020716705167,0.6666666666666666,-0.03787506075382785,-0.016262058930402556,-0.042626547433594175,0.6666666666666666,-0.013788704069535695,-0.027173165472428762,-0.019586940795564334,0.6444444444444444,-0.021523994306887572
0.25,0.5,0.25,0.75,0.0,20,5,0.03844309779953292,-0.08055161503005692,-0.05168870340439258,0.5056818181818182,-0.00397896742833681,0.03808915638910704,-0.017539866948127703,0.5833333333333334,-0.01703821892071855,0.004574782902706742,-0.01827129171923958,0.5833333333333334,0.007023575646557978,-0.0063608857563350885,-0.010826964305407638,0.5555555555555556,-0.02699385309429311
0.25,0.5,0.25,0.75,0.0,20,3,0.03621888512500848,-0.08277582770458136,-0.053984206167661974,0.30795454545454537,-0.028300796469916345,0.013767327347527503,-0.02601833778120821,0.4166666666666667,-0.014230947745691003,0.00738205407773429,-0.015467542115234045,0.4166666666666667,0.008741366136453044,-0.004643095266440023,-0.008779787963253849,0.3777777777777777,-0.0333964468084856
0.25,0.5,0.25,0.75,0.0,10,5,0.014655307619138913,-0.10433940521045093,-0.05898697581122103,1.0,-0.02620721689561123,0.015860906921832618,-0.0276750998231029,1.0,-0.019882640582355005,0.0017303612410702884,-0.025416844697446095,1.0,-0.0038352805016225178,-0.017219741904515584,-0.013585238891476892,1.0,-0.045310912713761566
0.25,0.5,0.25,0.75,0.0,10,3,0.0368846095503641,-0.08211010327922574,-0.037870030011990186,0.6045454545454544,-0.01708402591018232,0.024984097907261527,-0.01808330423712734,0.6666666666666666,-0.014185618310076031,0.007427383513349262,-0.019751990495449845,0.6666666666666666,-0.016650312962495528,-0.030034774365388595,-0.02187986132375863,0.6444444444444444,-0.03409463062664211
0.25,0.5,0.25,0.75,0.5,20,5,0.03235817556278753,-0.08663653726680232,-0.05168870340439258,0.5056818181818182,-0.00397896742833681,0.03808915638910704,-0.017539866948127703,0.5833333333333334,-0.01703821892071855,0.004574782902706742,-0.01827129171923958,0.5833333333333334,0.001762359780703271,-0.011622101622189795,-0.010826964305407527,0.5555555555555556,-0.030521250480706745
0.25,0.5,0.25,0.75,0.5,20,3,0.03509873637093408,-0.08389597645865576,-0.053984206167661974,0.30795454545454537,-0.028300796469916345,0.013767327347527503,-0.02601833778120821,0.4166666666666667,-0.014230947745691003,0.00738205407773429,-0.015467542115234045,0.4166666666666667,0.002506615118699651,-0.010877846284193415,-0.008779787963253738,0.3777777777777777,-0.034835726400482096
0.25,0.5,0.25,0.75,0.5,10,5,0.01665486105998326,-0.10233985176960658,-0.05898697581122103,1.0,-0.02620721689561123,0.015860906921832618,-0.0276750998231029,1.0,-0.019882640582355005,0.0017303612410702884,-0.025416844697446095,1.0,-0.010362253595111337,-0.023746714998004403,-0.015625242461815958,1.0,-0.04539015962940493
0.25,0.5,0.25,0.75,0.5,10,3,0.0368846095503641,-0.08211010327922574,-0.037870030011990186,0.6045454545454544,-0.01708402591018232,0.024984097907261527,-0.01808330423712734,0.6666666666666666,-0.014185618310076031,0.007427383513349262,-0.019751990495449845,0.6666666666666666,-0.016650312962495528,-0.030034774365388595,-0.02187986132375863,0.6444444444444444,-0.03409463062664211
0.25,0.5,0.5,0.0,0.0,20,5,0.09874319364791595,-0.020251519181673894,-0.13158591934202712,0.5056818181818182,-0.0764181610045025,-0.034350037187058646,-0.058032567860050954,0.5833333333333334,-0.030357147443637822,-0.008744145620212529,-0.028505710982717036,0.5833333333333334,0.029401088135943887,0.01601662673305082,-0.014012243362972354,0.5555555555555556,-0.01660982076159217
0.25,0.5,0.5,0.0,0.0,20,3,0.04762499497770256,-0.07136971785188728,-0.13463614998561446,0.30795454545454537,-0.08229712980719528,-0.04022900598975143,-0.06532153403755758,0.4166666666666667,-0.024819711174208003,-0.0032067093507827105,-0.029149437652684518,0.4166666666666667,0.016250417354487956,0.0028659559515948896,-0.02062229239949287,0.3777777777777777,-0.04222473754066531
0.25,0.5,0.5,0.0,0.0,10,5,0.07734085266732316,-0.04165386016226669,-0.13269767507679775,1.0,-0.09733116495920768,-0.055263041141763836,-0.06942760986277041,1.0,-0.04996563720605396,-0.028352635382628666,-0.045918037761300434,1.0,0.03422884908374679,0.020844387680853727,-0.014044410668077378,1.0,-0.03368623451372721
0.25,0.5,0.5,0.0,0.0,10,3,0.08153752133016656,-0.03745719149942328,-0.14810623765508646,0.6045454545454544,-0.08774946486227186,-0.04568134104482802,-0.06284881201358306,0.6666666666666666,-0.02940568141082378,-0.007792679587398488,-0.03928707879111537,0.6666666666666666,0.02420000377739817,0.010815542374505105,-0.026984055668165752,0.6444444444444444,-0.02782264201788149
0.25,0.5,0.5,0.0,0.5,20,5,0.018844249034695615,-0.10015046379489423,-0.09505917495021377,0.5056818181818182,-0.046476130396327475,-0.004408006578883628,-0.030671231477503613,0.5833333333333334,-0.02251872685259615,-0.0009057250291708563,-0.01908423510137902,0.5833333333333334,0.01027805118878966,-0.0031064102141034056,-0.020962593139327357,0.5555555555555556,-0.04677153063891445
0.25,0.5,0.5,0.0,0.5,20,3,0.047659150999554756,-0.07133556183003509,-0.09235879689034554,0.30795454545454537,-0.06130160337319068,-0.019233479555746835,-0.04138326564919004,0.4166666666666667,-0.015711331619463142,0.0059016702039621505,-0.01225292130999045,0.4166666666666667,0.013132785451905882,-0.00025167595098718465,-0.022240581907500778,0.3777777777777777,-0.036061873574506256
0.25,0.5,0.5,0.0,0.5,10,5,0.0014178011537269164,-0.11757691167586293,-0.12734780034505644,1.0,-0.02400360981017391,0.01806451400726994,-0.022832693028450035,1.0,-0.03254671921654473,-0.010933717393119435,-0.027782620431519356,1.0,0.016812295822254963,0.003427834419361897,-0.022136663060437156,1.0,-0.049519364198384465
0.25,0.5,0.5,0.0,0.5,10,3,0.08631080955026604,-0.0326839032793238,-0.10211841280334988,0.6045454545454544,-0.029020605059873805,0.013047518757570042,-0.028360328773525012,0.6666666666666666,-0.0389118587895767,-0.01729885696615141,-0.034179104312652475,0.6666666666666666,0.0342596409122109,0.02087517950931783,-0.020600857247753845,0.6444444444444444,-0.010909428404828237
0.25,0.5,0.5,0.25,0.0,20,5,0.019906593316781462,-0.09908811951280838,-0.10466651121031001,0.5056818181818182,-0.06825175205560563,-0.026183628238161782,-0.04555288564768056,0.5833333333333334,-0.03171238116092834,-0.010099379337503045,-0.02778008750880434,0.5833333333333334,0.007379188753684929,-0.006005272649208138,-0.02267162348153573,0.5555555555555556,-0.0535512586383109
0.25,0.5,0.5,0.25,0.0,20,3,0.04138502256620402,-0.07760969026338582,-0.08461369817659325,0.30795454545454537,-0.0450395911212359,-0.0029714673037920525,-0.026302780561841543,0.4166666666666667,-0.029336857744094336,-0.007723855920669043,-0.025394916900918107,0.4166666666666667,0.013412126700350413,2.7665297457346583e-05,-0.019401739312032373,0.3777777777777777,-0.03682165603795339
0.25,0.5,0.5,0.25,0.0,10,5,0.0452717014442916,-0.07372301138529824,-0.12569762541823704,1.0,-0.06758697854277129,-0.025518854725327444,-0.04777971173766293,1.0,-0.047626011540812474,-0.02601300971738718,-0.04331654165940435,1.0,0.016640915756215513,0.0032564543533224466,-0.027734111101154868,1.0,-0.04296855210932578
0.25,0.5,0.5,0.25,0.0,10,3,-0.007082321408776959,-0.1260770342383668,-0.12580231162182842,0.6045454545454544,-0.049347301722236,-0.007279177904792156,-0.037501970735543066,0.6666666666666666,-0.043424071114824714,-0.02181106929139942,-0.039095587551891575,0.6666666666666666,0.014838774398172161,0.0014543129952790945,-0.0267290472796593,0.6444444444444444,-0.061607973327881156
0.25,0.5,0.5,0.25,0.5,20,5,0.0017465020757108096,-0.11724821075387903,-0.08157763395655127,0.5056818181818182,-0.03267346443680019,0.009394659380643655,-0.02157867788706691,0.5833333333333334,-0.033941353801874574,-0.012328351978449281,-0.02944129487338165,0.5833333333333334,-0.006064784907914067,-0.019449246310807133,-0.020944573594882887,0.5555555555555556,-0.05517966973747311
0.25,0.5,0.5,0.25,0.5,20,3,0.03723348540732596,-0.08176122742226388,-0.07469118650838547,0.30795454545454537,-0.04144351998228002,0.0006246038351638283,-0.020452643129379444,0.4166666666666667,-0.020972871444803864,0.0006401303786214285,-0.01641240320777726,0.4166666666666667,0.0011372999199061873,-0.012247161482986879,-0.019921498642655577,0.3777777777777777,-0.03837745604688261
0.25,0.5,0.5,0.25,0.5,10,5,0.020786945792545586,-0.09820776703704426,-0.08259601111446235,1.0,-0.0526047461387642,-0.010536622321320355,-0.03282014501363628,1.0,-0.042235637786348645,-0.020622635962923352,-0.03917553019248843,1.0,-0.001423118015613789,-0.014807579418506855,-0.02542391171881997,1.0,-0.05214218305421454
0.25,0.5,0.5,0.25,0.5,10,3,0.0225566319247148,-0.09643808090487505,-0.08539782561871212,0.6045454545454544,-0.04077581662767149,0.001292307189772357,-0.034797605069742166,0.6666666666666666,-0.025127466321176017,-0.0035144644977507244,-0.022012697218198207,0.6666666666666666,-0.0026948974584315444,-0.01607935886132461,-0.02716152398985472,0.6444444444444444,-0.046013133113611986
0.25,0.5,0.5,0.5,0.0,20,5,0.069960818278338,-0.049033894551251844,-0.048098407820585054,0.5056818181818182,-0.052114311329655494,-0.010046187512211646,-0.03540626402269198,0.5833333333333334,-0.02426910918494163,-0.0026561073615163355,-0.025047235730510153,0.5833333333333334,-0.00106031315750299,-0.014444774560396056,-0.016580820207155345,0.5555555555555556,-0.027141931714403104
0.25,0.5,0.5,0.5,0.0,20,3,0.07742498756825844,-0.0415697252613314,-0.04333277106385858,0.30795454545454537,-0.0202125246257413,0.021855599191702546,-0.021673499447138367,0.4166666666666667,-0.020287740490538275,0.0013252613328870178,-0.021069042100766544,0.4166666666666667,-0.0007900319468621131,-0.01417449334975518,-0.015271886860357853,0.3777777777777777,-0.015169861372203719
0.25,0.5,0.5,0.5,0.0,10,5,0.04966794799299179,-0.06932676483659805,-0.063515672701975,1.0,-0.04678761494042405,-0.004719491122980202,-0.028348609243078693,1.0,-0.011901114524504486,0.009711887298920807,-0.01425177109761,1.0,-0.019200041769271814,-0.03258450317216488,-0.037490766418715515,1.0,-0.03580780933820079
0.25,0.5,0.5,0.5,0.0,10,3,0.0033973662423267825,-0.11559734658726306,-0.07777086234417063,0.6045454545454544,-0.043834377570642236,-0.001766253753198388,-0.026415953707897177,0.6666666666666666,-0.015751775296051318,0.005861226527373975,-0.018093271266724664,0.6666666666666666,-0.02340976826152985,-0.03679422966442292,-0.027889759440408723,0.6444444444444444,-0.057100319873125326
0.25,0.5,0.5,0.5,0.5,20,5,0.0627463948898308,-0.05624831793975904,-0.0502482118507257,0.5056818181818182,-0.041793628243388614,0.0002744955740552335,-0.030250683823270785,0.5833333333333334,-0.018068535732207014,0.003544466091218279,-0.018851607115380586,0.5833333333333334,-0.0001405746379611328,-0.0135250360408542,-0.012973027163063144,0.5555555555555556,-0.02674020467182315
0.25,0.5,0.5,0.5,0.5,20,3,0.08280928060176085,-0.036185432227828995,-0.04054953535226058,0.30795454545454537,-0.0202125246257413,0.021855599191702546,-0.021673499447138367,0.4166666666666667,-0.020287740490538275,0.0013252613328870178,-0.021069042100766544,0.4166666666666667,-0.005354084187943031,-0.018738545590836098,-0.013498413113873675,0.3777777777777777,-0.013431537343289774
0.25,0.5,0.5,0.5,0.5,10,5,0.04112710547829024,-0.0778676073512996,-0.06476679294321652,1.0,-0.04678761494042405,-0.004719491122980202,-0.028348609243078693,1.0,-0.011901114524504486,0.009711887298920807,-0.01425177109761,1.0,-0.029106687107576357,-0.04249114851046942,-0.03478469707952336,1.0,-0.04113718527056217
0.25,0.5,0.5,0.5,0.5,10,3,0.033979867705604905,-0.08501484512398494,-0.05255470589366307,0.6045454545454544,-0.043834377570642236,-0.001766253753198388,-0.026415953707897177,0.6666666666666666,-0.015751775296051318,0.005861226527373975,-0.018093271266724664,0.6666666666666666,-0.022679311662701873,-0.03606377306559494,-0.027162653724082886,0.6444444444444444,-0.04322862572482597
0.25,0.5,0.5,0.75,0.0,20,5,0.025163766184706615,-0.09383094664488323,-0.057686164041046206,0.5056818181818182,-0.01396343256911814,0.02810469124832571,-0.012620927514135794,0.5833333333333334,-0.0127221484284048,0.008890853395020493,-0.013673222279183439,0.5833333333333334,0.003375261111589589,-0.010009200291303477,-0.008362320318998528,0.5555555555555556,-0.035365505212558476
0.25,0.5,0.5,0.75,0.0,20,3,0.06492370610156728,-0.054071006728022564,-0.045179227814734935,0.30795454545454537,-0.0077521827023734335,0.034315941115070414,-0.009452989360094088,0.4166666666666667,-0.011683056224696009,0.009929945598729284,-0.01263513106361791,0.4166666666666667,0.0011835501764372314,-0.012200911226455835,-0.010888234285123866,0.3777777777777777,-0.016093612593001533
0.25,0.5,0.5,0.75,0.0,10,5,-0.010389071235215264,-0.1293837840648051,-0.07059578168516112,1.0,-0.03472590405843412,0.007342219759009727,-0.023500253545105432,1.0,-0.019921069504460154,0.0016919323189651392,-0.02306055511256211,1.0,-0.010186719890872609,-0.023571181293765675,-0.017465969972234263,1.0,-0.05966903523562995
0.25,0.5,0.5,0.75,0.0,10,3,0.04098839947842814,-0.0780063133511617,-0.04578486253516234,0.6045454545454544,-0.03952154022070242,0.002546583596741425,-0.02835166053534166,0.6666666666666666,-0.017652334476486287,0.003960667346939006,-0.02079908752065618,0.6666666666666666,-0.016697547705460836,-0.030082009108353902,-0.02066361667318184,0.6444444444444444,-0.03838439637304965
0.25,0.5,0.5,0.75,0.5,20,5,0.02630123906617965,-0.0926934737634102,-0.057686164041046206,0.5056818181818182,-0.01396343256911814,0.02810469124832571,-0.012620927514135794,0.5833333333333334,-0.0127221484284048,0.008890853395020493,-0.013673222279183439,0.5833333333333334,0.003375261111589589,-0.010009200291303477,-0.008362320318998528,0.5555555555555556,-0.034853642415895614
0.25,0.5,0.5,0.75,0.5,20,3,0.06537556284346802,-0.05361914998612183,-0.045179227814734935,0.30795454545454537,-0.0077521827023734335,0.034315941115070414,-0.009452989360094088,0.4166666666666667,-0.011683056224696009,0.009929945598729284,-0.01263513106361791,0.4166666666666667,0.0011835501764372314,-0.012200911226455835,-0.010888234285123866,0.3777777777777777,-0.015890277059146203
0.25,0.5,0.5,0.75,0.5,10,5,-0.010032711336493971,-0.12902742416608382,-0.07059578168516112,1.0,-0.03472590405843412,0.007342219759009727,-0.023500253545105432,1.0,-0.019921069504460154,0.0016919323189651392,-0.02306055511256211,1.0,-0.010186719890872609,-0.023571181293765675,-0.017465969972234263,1.0,-0.05950867328120536
0.25,0.5,0.5,0.75,0.5,10,3,0.04245879223477256,-0.07653592059481729,-0.04578486253516234,0.6045454545454544,-0.03952154022070242,0.002546583596741425,-0.02835166053534166,0.6666666666666666,-0.017652334476486287,0.003960667346939006,-0.02079908752065618,0.6666666666666666,-0.016697547705460836,-0.030082009108353902,-0.02066361667318184,0.6444444444444444,-0.03772271963269466
0.25,1.0,0.0,0.0,0.0,20,5,0.03862621684977152,-0.08036849597981832,-0.13313878277265567,0.5056818181818182,-0.06366532748961495,-0.021597203672171106,-0.05167134235297077,0.5833333333333334,-0.043234539791837334,-0.02162153796841204,-0.03401074998974807,0.5833333333333334,0.004494594384373718,-0.008889867018519348,-0.04445946365904074,0.5555555555555556,-0.046141834857000734
0.25,1.0,0.0,0.0,0.0,20,3,-0.056527923869977625,-0.17552263669956747,-0.1616317763209385,0.30795454545454537,-0.07925483513186393,-0.037186711314420084,-0.06203809228205903,0.4166666666666667,-0.046454133034459444,-0.02484113121103415,-0.037844829354145904,0.4166666666666667,-0.010158056991063313,-0.02354251839395638,-0.05002301108051688,0.3777777777777777,-0.09553941178415896
0.25,1.0,0.0,0.0,0.0,10,5,0.07761396265359277,-0.04138075017599707,-0.1577737232683133,1.0,-0.0753143402582902,-0.033246216440846355,-0.057548266419401584,1.0,-0.06676540520812313,-0.04515240338469784,-0.040665621948626995,1.0,-0.04678936936087419,-0.060173830763767255,-0.054898462626474576,1.0,-0.042731826811680036
0.25,1.0,0.0,0.0,0.0,10,3,0.02143674626342862,-0.09755796656616122,-0.15331969395698297,0.6045454545454544,-0.07090285787019668,-0.02883473405275283,-0.059266287510501336,0.6666666666666666,-0.05867731255151343,-0.037064310728088135,-0.04601854272389605,0.6666666666666666,-0.035075774284678674,-0.04846023568757174,-0.07243686387029002,0.6444444444444444,-0.06393845043030974
0.25,1.0,0.0,0.0,0.5,20,5,0.11935563400451543,0.00036092117492558806,-0.10874218858418838,0.5056818181818182,-0.02661914752180583,0.015448976295638017,-0.02303973250540381,0.5833333333333334,-0.06292389001225063,-0.041310888188825334,-0.04755458017874836,0.5833333333333334,-0.032730492456796156,-0.04611495385968922,-0.037086877354477576,0.5555555555555556,-0.009089217704651164
0.25,1.0,0.0,0.0,0.5,20,3,0.054508673610507596,-0.06448603921908225,-0.09688678698985764,0.30795454545454537,-0.012163594517939358,0.02990452929950449,-0.024998456274867076,0.4166666666666667,-0.05330815921289833,-0.03169515738947304,-0.04048956550361671,0.4166666666666667,-0.023673307109606356,-0.03705776851249942,-0.030634054335762828,0.3777777777777777,-0.03185552420900676
0.25,1.0,0.0,0.0,0.5,10,5,0.1792593404425331,0.06026462761294327,-0.11881638657786309,1.0,-0.04280117317871501,-0.0007330493612711653,-0.03808228647117462,1.0,-0.050585729711273286,-0.028972727887847993,-0.0340785146082947,1.0,-0.07504197702749882,-0.08842643843039188,-0.0807977422618813,1.0,0.009325945137770702
0.25,1.0,0.0,0.0,0.5,10,3,0.12183369031165747,0.0028389774820676283,-0.09443291392066822,0.6045454545454544,-0.05704408438818154,-0.01497596057073769,-0.036787212690336246,0.6666666666666666,-0.06592934620154134,-0.044316344378116046,-0.06382211828077,0.6666666666666666,-0.04337298972131842,-0.05675745112421149,-0.05921714192807048,0.6444444444444444,-0.01762751960110312
0.25,1.0,0.0,0.25,0.0,20,5,0.05718812011726726,-0.06180659271232258,-0.11991291940850668,0.5056818181818182,-0.04986586011241945,-0.007797736294975599,-0.04167488411619902,0.5833333333333334,-0.04600101854001626,-0.024388016716590966,-0.03476411868204221,0.5833333333333334,-0.006448596350473679,-0.019833057753366745,-0.04915558431767231,0.5555555555555556,-0.03639556196478272
0.25,1.0,0.0,0.25,0.0,20,3,0.019827552993460174,-0.09916715983612967,-0.1021787195050119,0.30795454545454537,-0.046281364029433725,-0.004213240211989877,-0.04910732388319328,0.4166666666666667,-0.04406499935866104,-0.022451997535235746,-0.040720882281251036,0.4166666666666667,-0.014052919273351505,-0.02743738067624457,-0.04622641996916044,0.3777777777777777,-0.05316193871097787
0.25,1.0,0.0,0.25,0.0,10,5,0.12821713897409448,0.009222426144504636,-0.14453582071469884,1.0,-0.03308322768697314,0.00898489613047071,-0.03445481795259053,1.0,-0.06366444909346547,-0.042051447270040176,-0.05791162435824482,1.0,-0.06090357787428369,-0.07428803927717675,-0.07077566020492332,1.0,-0.011054607184437775
0.25,1.0,0.0,0.25,0.0,10,3,0.08673012906561572,-0.03226458376397412,-0.1177799798943776,0.6045454545454544,-0.028028762537014362,0.014039361280429485,-0.031269694972090645,0.6666666666666666,-0.05150191557140571,-0.029888913747980417,-0.06041092621190247,0.6666666666666666,-0.020331151149418414,-0.03371561255231148,-0.06003251704299761,0.6444444444444444,-0.020549901318724768
0.25,1.0,0.0,0.25,0.5,20,5,0.0708741579414407,-0.04812055488814915,-0.09163149850924046,0.5056818181818182,-0.010643269087335261,0.03142485473010859,-0.008902930402755693,0.5833333333333334,-0.045365023485926526,-0.023752021662501233,-0.03482970343291458,0.5833333333333334,-0.029286073805751545,-0.04267053520864461,-0.035589472669946165,0.5555555555555556,-0.023761419547811843
0.25,1.0,0.0,0.25,0.5,20,3,0.030522603501800027,-0.08847210932778982,-0.08868157935920395,0.30795454545454537,-0.016167198746652178,0.02590092507079167,-0.03056033153162252,0.4166666666666667,-0.05249002956208004,-0.03087702773865475,-0.04427241476082555,0.4166666666666667,-0.011573097239753527,-0.024957558642646593,-0.025234823590207123,0.3777777777777777,-0.0417124058870027
0.25,1.0,0.0,0.25,0.5,10,5,0.1386084663710776,0.019613753541487755,-0.09593000551898834,1.0,-0.026526325687412755,0.015541798130031093,-0.018206478078963695,1.0,-0.06445963785664233,-0.042846636033217034,-0.04753087392378241,1.0,-0.06727775411657233,-0.0806622155194654,-0.0669457189082554,1.0,-0.0058146891067251
0.25,1.0,0.0,0.25,0.5,10,3,0.05517953879444937,-0.06381517403514048,-0.09895085146626259,0.6045454545454544,-0.04192120808246236,0.0001469157349814898,-0.026221972302716723,0.6666666666666666,-0.05896762015598922,-0.03735461833256393,-0.060842135387311314,0.6666666666666666,-0.050172418812357455,-0.06355688021525052,-0.059453396591395924,0.6444444444444444,-0.043816824164240015
0.25,1.0,0.0,0.5,0.0,20,5,0.0805111452873426,-0.03848356754224724,-0.06457733651180175,0.5056818181818182,-0.056750580384550386,-0.014682456567106539,-0.05366589802361277,0.5833333333333334,-0.033051257650556165,-0.011438255827130872,-0.02672439927728132,0.5833333333333334,-0.024391612243081506,-0.03777607364597457,-0.03880763627686046,0.5555555555555556,-0.02837036895675371
0.25,1.0,0.0,0.5,0.0,20,3,0.07007096673207691,-0.04892374609751293,-0.07438624692592022,0.30795454545454537,-0.042498081383559594,-0.0004299575661157462,-0.052152724911020854,0.4166666666666667,-0.02574820618019702,-0.004135204356771727,-0.03422387707349095,0.4166666666666667,-0.022601774386416862,-0.03598623578930993,-0.04731991504298527,0.3777777777777777,-0.028141391157322008
0.25,1.0,0.0,0.5,0.0,10,5,0.020776635173738622,-0.09821807765585122,-0.11117836148345484,1.0,-0.04665247336363343,-0.004584349546189581,-0.0481298767922933,1.0,-0.06617842543745212,-0.04456542361402682,-0.05429446034950747,1.0,-0.031139604278317412,-0.04452406568121048,-0.048309044215287145,1.0,-0.05870764572596604
0.25,1.0,0.0,0.5,0.0,10,3,0.006092102358963736,-0.11290261047062611,-0.10396673959822678,0.6045454545454544,0.01752916981525332,0.05959729363269717,-0.020883862265155373,0.6666666666666666,-0.03398174276127153,-0.012368740937846234,-0.048764986455879566,0.6666666666666666,-0.03624871207156799,-0.049633173474461056,-0.07368966760796103,0.6444444444444444,-0.045207138465453545
0.25,1.0,0.0,0.5,0.5,20,5,0.08484800214278332,-0.034146710686806525,-0.0588078880289693,0.5056818181818182,-0.0015384385399729306,0.04052968527747092,-0.016449847006797746,0.5833333333333334,-0.041495779300200875,-0.01988277747677558,-0.03615224022748731,0.5833333333333334,-0.030849990558234675,-0.04423445196112774,-0.037321748086504125,0.5555555555555556,-0.014851182905380705
0.25,1.0,0.0,0.5,0.5,20,3,0.06192156691338946,-0.057073145916200385,-0.06019486846439015,0.30795454545454537,-0.008681905712717652,0.033386218104726195,-0.032847420870598665,0.4166666666666667,-0.03528327824348165,-0.01367027642005636,-0.039587683223960335,0.4166666666666667,-0.028688564102846037,-0.0420730255057391,-0.03517475513242929,0.3777777777777777,-0.025697856424977947
0.25,1.0,0.0,0.5,0.5,10,5,0.018779714674074244,-0.1002149981555156,-0.08658764035187294,1.0,-0.030799093192519278,0.01126903062492457,-0.03110301855900044,1.0,-0.04219298343836997,-0.020579981614944676,-0.04783957084453849,1.0,-0.055890536512052225,-0.06927499791494529,-0.05103593571032483,1.0,-0.05575773844323437
0.25,1.0,0.0,0.5,0.5,10,3,-0.027905294319427565,-0.1469000071490174,-0.07648088400795372,0.6045454545454544,0.002751618993698468,0.044819742811142316,-0.020883862265155373,0.6666666666666666,-0.025991959721078706,-0.004378957897653413,-0.049827081568939224,0.6666666666666666,-0.025316047998579116,-0.03870050940147218,-0.03993204173041032,0.6444444444444444,-0.0613619876091411
0.25,1.0,0.0,0.75,0.0,20,5,0.09410182171012171,-0.02489289111946813,-0.05009354644814534,0.5056818181818182,-0.03106724095660518,0.011000882860838668,-0.042632655229043914,0.5833333333333334,-0.0065949258080151285,0.015018076015410164,-0.021909838319214114,0.5833333333333334,-0.01650591566387649,-0.029890377066769558,-0.028788525246696728,0.5555555555555556,-0.010682425446254902
0.25,1.0,0.0,0.75,0.0,20,3,0.07363447572540816,-0.04536023710418169,-0.04946565275961623,0.30795454545454537,-0.025948962681712096,0.016119161135731752,-0.046995954020107145,0.4166666666666667,-0.019387696848958913,0.00222530497446638,-0.03196324961618369,0.4166666666666667,-0.016411454669889025,-0.02979591607278209,-0.03434231762141471,0.3777777777777777,-0.020517908077696177
0.25,1.0,0.0,0.75,0.0,10,5,-0.021958876391994564,-0.1409535892215844,-0.07937714748941782,1.0,-0.045334665381398964,-0.0032665415639551165,-0.04031123133174552,1.0,-0.03605556989949865,-0.014442568076073359,-0.05461380834428109,1.0,-0.024575989791810415,-0.03796045119470348,-0.03364732419182659,1.0,-0.0721062034313183
0.25,1.0,0.0,0.75,0.0,10,3,0.04786194954861611,-0.07113276328097373,-0.06033474460927668,0.6045454545454544,0.0017742422133431024,0.04384236603078695,-0.029529619372823057,0.6666666666666666,-0.05694548348783146,-0.03533248166440617,-0.07276495448589326,0.6666666666666666,-0.019186621405644422,-0.03257108280853749,-0.03833958921013547,0.6444444444444444,-0.03123468663968299
0.25,1.0,0.0,0.75,0.5,20,5,0.09897857713976821,-0.020016135689821635,-0.04348291733523413,0.5056818181818182,0.010737374601752503,0.05280549841919635,-0.016905336388945535,0.5833333333333334,-0.016451315105980857,0.005161686717444436,-0.027328923762744095,0.5833333333333334,-0.022628972348914256,-0.03601343375180732,-0.02506432418067195,0.5555555555555556,-0.0004336485107750811
0.25,1.0,0.0,0.75,0.5,20,3,0.07895168181434609,-0.04004303101524376,-0.04946565275961623,0.30795454545454537,-0.010169625973992624,0.03189849784345122,-0.03897513247384876,0.4166666666666667,-0.022942609042074458,-0.0013296072186491648,-0.03421881603077981,0.4166666666666667,-0.012355018904296577,-0.025739480307189644,-0.025325005078812524,0.3777777777777777,-0.014105102624872707
0.25,1.0,0.0,0.75,0.5,10,5,-0.010753737928518747,-0.1297484507581086,-0.07111344007203957,1.0,-0.030565642253705283,0.011502481563738565,-0.040661264665327934,1.0,-0.01724063989900504,0.004372361924420254,-0.038978416314875086,1.0,-0.05144841150562263,-0.06483287290851569,-0.06026983538369857,1.0,-0.06458025909782855
0.25,1.0,0.0,0.75,0.5,10,3,0.048066675457570485,-0.07092803737201936,-0.06033474460927668,0.6045454545454544,0.009280179679421963,0.05134830349686581,-0.02020064402743671,0.6666666666666666,-0.04189869020528236,-0.02028568838185707,-0.055921008106005976,0.6666666666666666,0.012074541498083402,-0.0013099199048096644,-0.016120894141312014,0.6444444444444444,-0.022319882186192273
0.25,1.0,0.25,0.0,0.0,20,5,0.09184237797641948,-0.027152334853170368,-0.11700685989045756,0.5056818181818182,-0.07481747940313865,-0.032749355585694806,-0.05512965497506361,0.5833333333333334,-0.060192105214342595,-0.0385791033909173,-0.0453293734707092,0.5833333333333334,0.006819053739216763,-0.006565407663676304,-0.040846493504432035,0.5555555555555556,-0.02717756623853941
0.25,1.0,0.25,0.0,0.0,20,3,0.014849466488979557,-0.10414524634061029,-0.13214058085304758,0.30795454545454537,-0.08296885639218132,-0.040900732574737475,-0.060530510739476795,0.4166666666666667,-0.03232123217855054,-0.010708230355125248,-0.030230885406732577,0.4166666666666667,0.01044140479812028,-0.002943056604772787,-0.032484732346685696,0.3777777777777777,-0.05913823704094371
0.25,1.0,0.25,0.0,0.0,10,5,0.09293430009273274,-0.026060412736857108,-0.12825406871316825,1.0,-0.08106956606504101,-0.03900144224759716,-0.06341406792889526,1.0,-0.06272451483927666,-0.041111513015851364,-0.038959392881353416,1.0,-0.03210952573008152,-0.04549398713297459,-0.04727564025352027,1.0,-0.034468371315808884
0.25,1.0,0.25,0.0,0.0,10,3,0.028494561222339287,-0.09050015160725056,-0.13352411501836148,0.6045454545454544,-0.06621791909020147,-0.024149795272757624,-0.0544724661425946,0.6666666666666666,-0.048036844682446844,-0.02642384285902155,-0.026040144335031545,0.6666666666666666,0.013917690274586336,0.0005332288716932698,-0.05237847682275687,0.6444444444444444,-0.0506461091395514
0.25,1.0,0.25,0.0,0.5,20,5,0.04468744754755227,-0.07430726528203757,-0.114901434106914,0.5056818181818182,-0.022438220290952327,0.01962990352649152,-0.019560291180014566,0.5833333333333334,-0.03026370695378844,-0.008650705130363145,-0.0273297428067637,0.5833333333333334,-0.03435084651000109,-0.047735307912894154,-0.04038153654766341,0.5555555555555556,-0.03698869545178262
0.25,1.0,0.25,0.0,0.5,20,3,0.032769659437325016,-0.08622505339226483,-0.10030010325940375,0.30795454545454537,-0.020269983688350868,0.02179814012909298,-0.021191464772224444,0.4166666666666667,-0.04897517174327992,-0.02736216991985463,-0.03322094572152934,0.4166666666666667,-0.006139054915052067,-0.019523516317945133,-0.026138317359457708,0.3777777777777777,-0.04038459192991589
0.25,1.0,0.25,0.0,0.5,10,5,0.09516764421879098,-0.023827068610798863,-0.13117726155136666,1.0,-0.033194016440502794,0.008874107376941054,-0.023215552153363905,1.0,-0.019823489137143824,0.0017895126862814692,-0.019456522934465426,1.0,-0.0772028896578153,-0.09058735106070837,-0.08312584661375366,1.0,-0.021823329786788262
0.25,1.0,0.25,0.0,0.5,10,3,0.05855183522800922,-0.060442877601580625,-0.105923350917145,0.6045454545454544,-0.051512722966209123,-0.009444599148765276,-0.03170916554937131,0.6666666666666666,-0.0485533729789831,-0.026940371155557807,-0.04766407479027679,0.6666666666666666,-0.03446666182720792,-0.04785112323010099,-0.043570794179833006,0.6444444444444444,-0.04077916886575142
0.25,1.0,0.25,0.25,0.0,20,5,0.06654273669660937,-0.05245197613298047,-0.1075771545627271,0.5056818181818182,-0.04667479430663346,-0.004606670489189613,-0.03752802771715302,0.5833333333333334,-0.04311363981384886,-0.021500637990423566,-0.040043995070384364,0.5833333333333334,-0.012479286292967129,-0.025863747695860195,-0.037054561873012704,0.5555555555555556,-0.03185971473508118
0.25,1.0,0.25,0.25,0.0,20,3,-0.006291622751485537,-0.12528633558107538,-0.11363740225671992,0.30795454545454537,-0.052587302637696176,-0.010519178820252328,-0.04379508762315876,0.4166666666666667,-0.027859956152464727,-0.006246954329039434,-0.03595726598346227,0.4166666666666667,-0.010372571090470961,-0.023757032493364028,-0.044855677168930796,0.3777777777777777,-0.06350924373990753
0.25,1.0,0.25,0.25,0.0,10,5,0.05527059972160986,-0.06372411310797998,-0.12272321508840844,1.0,-0.03527147397538555,0.0067966498420583,-0.034446491346130204,1.0,-0.0728108903021204,-0.05119788847869511,-0.048791826570575236,1.0,-0.026785544467035183,-0.04017000586992825,-0.04404625491062952,1.0,-0.04068187259036993
0.25,1.0,0.25,0.25,0.0,10,3,0.040947699169221474,-0.07804701366036837,-0.12049517309713942,0.6045454545454544,-0.031030286400301366,0.011037837417142482,-0.022653585988971714,0.6666666666666666,-0.012134357444952726,0.009478644378472567,-0.025652119966895648,0.6666666666666666,0.01903585698999888,0.005651395587105812,-0.048740267273754356,0.6444444444444444,-0.03009219079804339
0.25,1.0,0.25,0.25,0.5,20,5,0.006391959825272409,-0.11260275300431744,-0.07799910821756173,0.5056818181818182,-0.0027315891336225917,0.039336534683821256,-0.015244338409602598,0.5833333333333334,-0.043358184468087146,-0.021745182644661853,-0.03369687031277646,0.5833333333333334,-0.03214104503056081,-0.04552550643345388,-0.03619911172138979,0.5555555555555556,-0.0509277085427049
0.25,1.0,0.25,0.25,0.5,20,3,-0.04629580063001315,-0.165290513459603,-0.10458806553085664,0.30795454545454537,-0.008594654829024106,0.03347346898841974,-0.024321862529430804,0.4166666666666667,-0.05644566389660399,-0.0348326620731787,-0.041717064349036215,0.4166666666666667,-0.00737656951632748,-0.020761030919220547,-0.021206320410013135,0.3777777777777777,-0.0743514177585763
0.25,1.0,0.25,0.25,0.5,10,5,0.09936359165440223,-0.019631121175187616,-0.09623221479140676,1.0,-0.01850391404413665,0.0235642097733072,-0.01393933101232192,1.0,-0.04154374788007609,-0.019930746056650794,-0.042973737974359216,1.0,-0.05078132940112956,-0.06416579080402263,-0.05589141752883309,1.0,-0.01555743261460864
0.25,1.0,0.25,0.25,0.5,10,3,-0.02098450418744291,-0.13997921701703275,-0.12829418460042175,0.6045454545454544,-0.021132839921879754,0.020935283895564094,-0.0024651699471474053,0.6666666666666666,-0.06384178637511873,-0.04222878455169343,-0.05852042237969446,0.6666666666666666,-0.027298126296380287,-0.040682587699273354,-0.035717442013710854,0.6444444444444444,-0.07019353252141873
0.25,1.0,0.25,0.5,0.0,20,5,0.11676243411251797,-0.0022322787170718783,-0.06447276592287343,0.5056818181818182,-0.05470635015120795,-0.012638226333764102,-0.05056277716894275,0.5833333333333334,-0.03480697335034699,-0.0131939715269217,-0.03531432734533968,0.5833333333333334,-0.002669789221729335,-0.0160542506246224,-0.029288133769409197,0.5555555555555556,-0.008551315328854985
0.25,1.0,0.25,0.5,0.0,20,3,0.10222239216551876,-0.016772320664071083,-0.055378278140623016,0.30795454545454537,-0.02576008405406094,0.01630803976338291,-0.030677464847568725,0.4166666666666667,-0.019825705960840767,0.0017872958625845259,-0.025888438683301818,0.4166666666666667,0.0036851402735869065,-0.00969932112930616,-0.026140237396812593,0.3777777777777777,-0.004657338147994506
0.25,1.0,0.25,0.5,0.0,10,5,0.06351122210336402,-0.055483490726225826,-0.08763516546129357,1.0,-0.035731282273505194,0.006336841543938654,-0.04031122765812323,1.0,-0.030359848564279424,-0.00874684674085413,-0.045585001311485907,1.0,-0.026606933810264022,-0.03999139521315709,-0.03133407264797916,1.0,-0.03069409673391864
0.25,1.0,0.25,0.5,0.0,10,3,0.09917254443060997,-0.019822168398979878,-0.06246551315814153,0.6045454545454544,0.028366147779325557,0.0704342715967694,-0.00862951583743099,0.6666666666666666,-0.030659720466455043,-0.00904671864302975,-0.047059106037393605,0.6666666666666666,0.020929897906061257,0.00754543650316819,-0.021437880320436253,0.6444444444444444,0.008463399798672172
0.25,1.0,0.25,0.5,0.5,20,5,0.10185682994964096,-0.017137882879948885,-0.06659004649897737,0.5056818181818182,-0.009239839211179768,0.03282828460626408,-0.02084214245252969,0.5833333333333334,-0.037478231541313356,-0.015865229717888063,-0.03934484332130617,0.5833333333333334,-0.021712859431703646,-0.03509732083459671,-0.02718164940711776,0.5555555555555556,-0.007149358727283695
0.25,1.0,0.25,0.5,0.5,20,3,0.12228799285680703,0.0032932800272171825,-0.044172561753890505,0.30795454545454537,0.009489153437456599,0.05155727725490045,-0.018694958523122862,0.4166666666666667,-0.03434057680307345,-0.01272757497964816,-0.037091620411310866,0.4166666666666667,-0.013108797960514118,-0.026493259363407184,-0.024532542676113045,0.3777777777777777,0.008488170174514541
0.25,1.0,0.25,0.5,0.5,10,5,0.058130468779817646,-0.0608642440497722,-0.07044246025252987,1.0,-0.03763446627088973,0.004433657546554115,-0.028419379841960635,1.0,-0.033182866019575985,-0.011569864196150692,-0.044967839942563925,1.0,-0.03116241803925346,-0.044546879442146525,-0.03377129212179031,1.0,-0.03469800698150354
0.25,1.0,0.25,0.5,0.5,10,3,0.1332248836211336,0.014230170791543761,-0.055361155529155326,0.6045454545454544,-0.008864358130107886,0.03320376568733596,-0.009699638071954286,0.6666666666666666,-0.0452907661154317,-0.02367776429200641,-0.05417075856881981,0.6666666666666666,-0.010778677309062012,-0.02416313871195508,-0.021046444314972157,0.6444444444444444,0.00752838282743446
0.25,1.0,0.25,0.75,0.0,20,5,0.11214627805532262,-0.00684843477426722,-0.04977907852417163,0.5056818181818182,0.008286537061312771,0.05035466087875662,-0.017484752723192165,0.5833333333333334,-0.029595654492733936,-0.007982652669308643,-0.026521721260277964,0.5833333333333334,-0.0042153491741970806,-0.017599810577090147,-0.01474906349894034,0.5555555555555556,0.005669500084309087
0.25,1.0,0.25,0.75,0.0,20,3,0.08475318790470854,-0.034241524924881306,-0.047949435539791585,0.30795454545454537,-0.0065945942285158266,0.03547352958892802,-0.03222715507094287,0.4166666666666667,-0.025592680937939982,-0.003979679114514689,-0.029771798584585007,0.4166666666666667,0.012656513584668794,-0.0007279478182242727,-0.014191816421145864,0.3777777777777777,-0.007246447858875427
0.25,1.0,0.25,0.75,0.0,10,5,0.08213239984907639,-0.036862312980513456,-0.06371393119862578,1.0,-0.05267966073013086,-0.010611536912687014,-0.034883910501355975,1.0,-0.04374252239516463,-0.022129520571739336,-0.05460065971508965,1.0,0.0044835520288089015,-0.008900909374084165,-0.022183662389864245,1.0,-0.023895489561276333
0.25,1.0,0.25,0.75,0.0,10,3,0.0719808974815841,-0.04701381534800575,-0.049679839959751115,0.6045454545454544,0.020763023218828724,0.06283114703627257,-0.002343251207396535,0.6666666666666666,-0.06354835183900653,-0.04193535001558124,-0.06879869085715595,0.6666666666666666,0.02902379287900092,0.015639331476107854,-0.011932715500375335,0.6444444444444444,-0.009392832928455452
0.25,1.0,0.25,0.75,0.5,20,5,0.09690336662132082,-0.022091346208269025,-0.04717972945792226,0.5056818181818182,-0.010966773806601493,0.031101350010842355,-0.021337904025354626,0.5833333333333334,-0.020665820200804652,0.0009471816226206409,-0.028937501511171693,0.5833333333333334,-0.013447775060698164,-0.02683223646359123,-0.022992175113509372,0.5555555555555556,-0.006048526517156061
0.25,1.0,0.25,0.75,0.5,20,3,0.06537028629597952,-0.053624426533610325,-0.05628105728197441,0.30795454545454537,-0.01225661625715957,0.02981150756028428,-0.0277146221969643,0.4166666666666667,-0.025464992024494926,-0.0038519902010696327,-0.03621778586697233,0.4166666666666667,0.003538559721691037,-0.00984590168120203,-0.010460862415527794,0.3777777777777777,-0.018732798832394326
0.25,1.0,0.25,0.75,0.5,10,5,0.05543816713598315,-0.06355654569360669,-0.06371393119862567,1.0,-0.0304225175394911,0.011645606277952747,-0.035631300846115876,1.0,-0.012485624527933226,0.009127377295492067,-0.029570151464385908,1.0,-0.051708974030996946,-0.06509343543389001,-0.06052797557349021,1.0,-0.03408395271339452
0.25,1.0,0.25,0.75,0.5,10,3,0.03897414138070965,-0.0800205714488802,-0.05549567614450468,0.6045454545454544,0.02652782995893932,0.06859595377638317,-0.002852382040838486,0.6666666666666666,-0.036110534985160925,-0.014497533161735632,-0.05591045455481913,0.6666666666666666,-0.014034353492343166,-0.027418814895236232,-0.02416681044065272,0.6444444444444444,-0.025147720916446077
0.25,1.0,0.5,0.0,0.0,20,5,0.044719828910181114,-0.07427488391940873,-0.12819577230451662,0.5056818181818182,-0.090546980465679,-0.04847885664823515,-0.06999471539980406,0.5833333333333334,-0.03720437940916432,-0.01559137758573903,-0.024862548099805593,0.5833333333333334,0.01119566385393167,-0.0021887975489613964,-0.03391411280418677,0.5555555555555556,-0.04821043819599779
0.25,1.0,0.5,0.0,0.0,20,3,0.017186582160395147,-0.1018081306691947,-0.1326707664683333,0.30795454545454537,-0.09200024928626827,-0.04993212546882442,-0.07395082791278096,0.4166666666666667,-0.025558429881116562,-0.003945428057691269,-0.02402212920126301,0.4166666666666667,0.00417016150611671,-0.009214299896776357,-0.04611126366352536,0.3777777777777777,-0.06027064936151386
0.25,1.0,0.5,0.0,0.0,10,5,0.06466033109662694,-0.0543343817329629,-0.14702120177591693,1.0,-0.08350297381802885,-0.041434850000585,-0.05763075493304892,1.0,-0.03714704400855284,-0.01553404218512755,-0.02991108327010339,1.0,0.0465358814405028,0.033151420037609736,-0.023140102212725666,1.0,-0.03216657760210723
0.25,1.0,0.5,0.0,0.0,10,3,0.04044001705154088,-0.07855469577804897,-0.12187823450435586,0.6045454545454544,-0.056324500841527736,-0.014256377024083888,-0.0510220262085298,0.6666666666666666,-0.01260318560997653,0.009009816213448762,-0.018968543108105695,0.6666666666666666,0.03767230161034507,0.024287840207452005,-0.03143516590759876,0.6444444444444444,-0.03391905889300789
0.25,1.0,0.5,0.0,0.5,20,5,0.03610530958665792,-0.08288940324293192,-0.10013552123824265,0.5056818181818182,-0.05705402353787736,-0.014985899720433515,-0.03350616859750466,0.5833333333333334,-0.030362038593146456,-0.008749036769721164,-0.028894107083807907,0.5833333333333334,-0.004298504196616704,-0.01768296559950977,-0.02477545517828139,0.5555555555555556,-0.04501150674481239
0.25,1.0,0.5,0.0,0.5,20,3,0.0020002029718044767,-0.11699450985778537,-0.09369595226099892,0.30795454545454537,-0.050077177132786366,-0.008009053315342518,-0.027664372253662806,0.4166666666666667,-0.037617020699615256,-0.016004018876189963,-0.03266558351318005,0.4166666666666667,-0.006350293914027194,-0.01973475531692026,-0.03108793509055041,0.3777777777777777,-0.060010608893805585
0.25,1.0,0.5,0.0,0.5,10,5,0.10788075223716365,-0.011113960592426197,-0.10574935769311133,1.0,-0.037080786218981365,0.004987337598462482,-0.028344213311190636,1.0,-0.029396526218562036,-0.007783524395136743,-0.02450501402367955,1.0,-0.031130713452590553,-0.04451517485548362,-0.044184850174768364,1.0,-0.011599252754569222
0.25,1.0,0.5,0.0,0.5,10,3,0.05813607498276174,-0.0608586378468281,-0.08160384323024683,0.6045454545454544,-0.03632136859496449,0.0057467552224793605,-0.026200097018055923,0.6666666666666666,-0.046813319881230386,-0.025200318057805093,-0.04482833937631325,0.6666666666666666,-0.0047702006374900074,-0.018154662040383074,-0.038926992506880365,0.6444444444444444,-0.03245294524018103
0.25,1.0,0.5,0.25,0.0,20,5,0.005455431271721656,-0.11353928155786819,-0.10850250092371916,0.5056818181818182,-0.07230280064123173,-0.030234676823787887,-0.06081461743434158,0.5833333333333334,-0.029565761398623103,-0.00795275957519781,-0.026403607883065616,0.5833333333333334,0.019087149496847422,0.005702688093954356,-0.02535337167146734,0.5555555555555556,-0.05898885662917418
0.25,1.0,0.5,0.25,0.0,20,3,-0.034743518694645426,-0.15373823152423527,-0.11789165204996677,0.30795454545454537,-0.05540458998077258,-0.01333646616332873,-0.041313700865582725,0.4166666666666667,-0.021290787259949706,0.00032221456347558686,-0.02270032140887568,0.4166666666666667,0.004400402677710691,-0.008984058725182376,-0.03124906997888688,0.3777777777777777,-0.07381559735099406
0.25,1.0,0.5,0.25,0.0,10,5,0.030206453149296708,-0.08878825968029314,-0.12939310607841992,1.0,-0.059950927015639754,-0.017882803198195907,-0.04958980319839845,1.0,-0.030642797092061635,-0.009029795268636343,-0.04334179158114293,1.0,0.002104571765117802,-0.011279889637775264,-0.028511453342321746,1.0,-0.04747187039164263
0.25,1.0,0.5,0.25,0.0,10,3,0.014237518911897729,-0.10475719391769212,-0.1288618126442055,0.6045454545454544,-0.030675531143495305,0.011392592673948543,-0.032263923879490064,0.6666666666666666,-0.016634578602388927,0.0049784232210363655,-0.03307417270126212,0.6666666666666666,0.01575510181043982,0.0023706404075467535,-0.02396224187429785,0.6444444444444444,-0.043190229550186844
0.25,1.0,0.5,0.25,0.5,20,5,0.02436248849859557,-0.09463222433099427,-0.08798587675480884,0.5056818181818182,-0.032935342341884444,0.009132781475559404,-0.030430380330998097,0.5833333333333334,-0.018087518146437276,0.003525483676988017,-0.02385156517965692,0.5833333333333334,-0.006549090016426895,-0.01993355141931996,-0.02373532546085355,0.5555555555555556,-0.04276251574140737
0.25,1.0,0.5,0.25,0.5,20,3,0.017035315579924992,-0.10195939724966485,-0.09676371059817468,0.30795454545454537,-0.03123960943097248,0.010828514386471366,-0.03312197978234155,0.4166666666666667,-0.02849169632415849,-0.006878694500733196,-0.030721583129564967,0.4166666666666667,-0.011978278075511328,-0.025362739478404395,-0.024981617260257938,0.3777777777777777,-0.04801081526260199
0.25,1.0,0.5,0.25,0.5,10,5,0.04346023631495366,-0.07553447651463618,-0.09269565950865999,1.0,-0.02234752587802258,0.01972059793942127,-0.02306452739663556,1.0,-0.026739738167468885,-0.005126736344043592,-0.03711791635900408,1.0,-0.03387664242680666,-0.047261103829699724,-0.04270468028393004,1.0,-0.036918540972792464
0.25,1.0,0.5,0.25,0.5,10,3,0.006359828219932417,-0.11263488460965743,-0.10491097275525652,0.6045454545454544,-0.024550970808628336,0.01751715300881551,-0.011816009949445871,0.6666666666666666,-0.03171975761941237,-0.010106755795987077,-0.04555676235916972,0.6666666666666666,-0.006085403067031869,-0.019469864469924936,-0.01765637756335947,0.6444444444444444,-0.05074290286202877
0.25,1.0,0.5,0.5,0.0,20,5,0.07406630423135518,-0.04492840859823466,-0.07177818347097675,0.5056818181818182,-0.06740884570286665,-0.0253407218854228,-0.05586961201352081,0.5833333333333334,-0.023209514203673787,-0.0015965123802484937,-0.032165327713763237,0.5833333333333334,0.0006880605196457612,-0.012696400883247305,-0.020980605224300675,0.5555555555555556,-0.028696901330085664
0.25,1.0,0.5,0.5,0.0,20,3,0.09178203075740798,-0.02721268207218186,-0.05457335337701519,0.30795454545454537,-0.049549907829390616,-0.007481784011946768,-0.034412310735586815,0.4166666666666667,0.0012345277793848197,0.022847529602810113,-0.021387490989258406,0.4166666666666667,0.005904485702809659,-0.007479975700083408,-0.020887618576814537,0.3777777777777777,-0.011811019850059523
0.25,1.0,0.5,0.5,0.0,10,5,0.06464287475050323,-0.05435183807908661,-0.09813763783898732,1.0,-0.05447657867455391,-0.012408454857110063,-0.044331339930910985,1.0,-0.037125392496319964,-0.015512390672894671,-0.03961139258617952,1.0,0.0029785089725855585,-0.010405952430307508,-0.025021896269205146,1.0,-0.03144819231534682
0.25,1.0,0.5,0.5,0.0,10,3,0.08465454377828552,-0.034340169051304326,-0.055075878962860925,0.6045454545454544,0.020690107354195186,0.06275823117163903,-0.005426522414684332,0.6666666666666666,-0.005543207367313063,0.01606979445611223,-0.025217309664487875,0.6666666666666666,0.0055526223842436995,-0.007831839018649367,-0.023472292927626204,0.6444444444444444,0.0014721750354422403
0.25,1.0,0.5,0.5,0.5,20,5,0.06059669982846794,-0.05839801300112191,-0.07098387106776649,0.5056818181818182,-0.011421945649050302,0.030646178168393545,-0.02276330804199156,0.5833333333333334,-0.013390607466418736,0.008222394357006557,-0.02693028169249867,0.5833333333333334,-0.00877220792642841,-0.022156669329321477,-0.021178949185160723,0.5555555555555556,-0.02070770255425371
0.25,1.0,0.5,0.5,0.5,20,3,0.09051418421508428,-0.028480528614505563,-0.05611987794071438,0.30795454545454537,-0.004658487732176475,0.03740963608526737,-0.023148272560143845,0.4166666666666667,-0.02409132928238633,-0.0024783274589610382,-0.032007517561748355,0.4166666666666667,-0.009319203645659968,-0.022703665048553034,-0.02455814488170971,0.3777777777777777,-0.00724112773133777
0.25,1.0,0.5,0.5,0.5,10,5,0.03913467105960211,-0.07986004176998773,-0.0901740700327377,1.0,-0.03392738679481466,0.008140737022629185,-0.01492332876058211,1.0,-0.02585354661045358,-0.004240544787028289,-0.04450829981447746,1.0,-0.021636138888082468,-0.035020600290975534,-0.028054046362923635,1.0,-0.03979100630253776
0.25,1.0,0.5,0.5,0.5,10,3,0.1242417706066461,0.005247057777056252,-0.05127338445851548,0.6045454545454544,0.013300299106156155,0.0553684229236,0.0,0.6666666666666666,-0.03669692910207911,-0.01508392727865382,-0.052897372403700293,0.6666666666666666,-0.028014864561677233,-0.0413993259645703,-0.03774518494963819,0.6444444444444444,0.007730793744091698
0.25,1.0,0.5,0.75,0.0,20,5,0.08893668298547786,-0.03005802984411199,-0.04450568133972632,0.5056818181818182,-0.004721866162618826,0.03734625765482502,-0.03182951273336099,0.5833333333333334,-0.03997888514395331,-0.01836588332052802,-0.04272131772166654,0.5833333333333334,-0.005661226755862447,-0.019045688158755514,-0.012590058400471893,0.5555555555555556,-0.00980128473803667
0.25,1.0,0.5,0.75,0.0,20,3,0.07460850314801104,-0.0443862096815788,-0.05571039495390162,0.30795454545454537,-0.013684788414548343,0.028383335402895504,-0.03259499711328173,0.4166666666666667,-0.028632962974895815,-0.007019961151470522,-0.037826240887523066,0.4166666666666667,0.0026280862637249047,-0.010756375139168162,-0.011822507684486672,0.3777777777777777,-0.01554441094958239
0.25,1.0,0.5,0.75,0.0,10,5,0.01652699605540664,-0.1024677167741832,-0.07490436790864896,1.0,-0.07508218437997283,-0.03301406056252898,-0.046172116142830344,1.0,-0.05559511945160667,-0.033982117628181374,-0.05955173578580819,1.0,-0.02180854242477781,-0.03519300382767088,-0.02459832096739012,1.0,-0.06474025590739252
0.25,1.0,0.5,0.75,0.0,10,3,0.08596138955505639,-0.033033323274533455,-0.0506545747252648,0.6045454545454544,0.014028537339944025,0.05609666115738787,-0.004823807205035391,0.6666666666666666,-0.0527817401399594,-0.031168738316534106,-0.05414663377766138,0.6666666666666666,-0.003532131732927768,-0.016916593135820834,-0.0169784508453108,0.6444444444444444,-0.008053629902046328
0.25,1.0,0.5,0.75,0.5,20,5,0.10704844950562764,-0.011946263323962203,-0.044585967821185846,0.5056818181818182,-0.004826419597177334,0.037241704220266514,-0.0257354505464632,0.5833333333333334,-0.02012205902565467,0.0014909427977706224,-0.026051443617235992,0.5833333333333334,-0.004205743763615155,-0.01759020516650822,-0.01086520377319189,0.5555555555555556,0.0015197182039729975
0.25,1.0,0.5,0.75,0.5,20,3,0.0418185805831619,-0.07717613224642794,-0.07159419298449132,0.30795454545454537,0.005196725617159448,0.047264849434603295,-0.011070593040045207,0.4166666666666667,-0.02380468840311345,-0.002191686579688157,-0.03100318004131042,0.4166666666666667,-0.004761080681855434,-0.0181455420847485,-0.012684083932126167,0.3777777777777777,-0.02596363145190725
0.25,1.0,0.5,0.75,0.5,10,5,0.0020858748757657253,-0.11690883795382412,-0.07466315356722786,1.0,-0.023611677488721283,0.018456446328722564,-0.031410650045182176,1.0,-0.03139742699025261,-0.009784425166827315,-0.033061482499229466,1.0,-0.020675225630131244,-0.03405968703302431,-0.023347422042101607,1.0,-0.05457148232701795
0.25,1.0,0.5,0.75,0.5,10,3,0.0879167286057414,-0.031077984223848443,-0.04575995004702116,0.6045454545454544,0.00458848748571361,0.04665661130315746,-0.008339845645725763,0.6666666666666666,-0.031872621403210566,-0.010259619579785273,-0.03510444390658918,0.6666666666666666,-0.007952584078558478,-0.021337045481451544,-0.013895793142050805,0.6444444444444444,-0.007060439834127958
0.25,1.5,0.0,0.0,0.0,20,5,0.08572296048993744,-0.033271752339652405,-0.13632133257273593,0.5056818181818182,-0.06772902838216932,-0.025660904564725473,-0.057094566080536424,0.5833333333333334,-0.042718710251419045,-0.021105708427993752,-0.03401074998974796,0.5833333333333334,0.020081750800648113,0.006697289397755046,-0.04189655451206342,0.5555555555555556,-0.02354877754856076
0.25,1.5,0.0,0.0,0.0,20,3,0.012525461641578861,-0.10646925118801098,-0.13515436026660044,0.30795454545454537,-0.07797809457895699,-0.035909970761513144,-0.06203809228205892,0.4166666666666667,-0.04668952152540651,-0.025076519701981215,-0.03989308880904063,0.4166666666666667,0.014178420677392722,0.000793959274499656,-0.05166689339017971,0.3777777777777777,-0.06053103978910546
0.25,1.5,0.0,0.0,0.0,10,5,0.1878981813321714,0.06890346850258156,-0.15370543407519022,1.0,-0.061561435839040723,-0.019493312021596876,-0.054037482597119824,1.0,-0.0749989697971728,-0.053385967973747506,-0.04965904706407309,1.0,-0.056878845094359476,-0.07026330649725254,-0.06490210408238284,1.0,0.007585841650112475
0.25,1.5,0.0,0.0,0.0,10,3,0.04483415245848077,-0.07416056037110907,-0.15387685443856514,0.6045454545454544,-0.07090285787019668,-0.02883473405275283,-0.059266287510501336,0.6666666666666666,-0.06789355170282652,-0.04628054987940122,-0.05221158944696602,0.6666666666666666,-0.01394808364544664,-0.027332545048339707,-0.09149357666445457,0.6444444444444444,-0.05162289991934843
0.25,1.5,0.0,0.0,0.5,20,5,0.10018468289166016,-0.018810029937929684,-0.10956717045459663,0.5056818181818182,-0.030582139540248354,0.011485984277195493,-0.025537190404170462,0.5833333333333334,-0.05070303958874922,-0.02909003776532393,-0.0390671541320865,0.5833333333333334,-0.034904374437234376,-0.04828883584012744,-0.035863760961747704,0.5555555555555556,-0.01719984844358719
0.25,1.5,0.0,0.0,0.5,20,3,0.03383592431894522,-0.08515878851064462,-0.09226918469509982,0.30795454545454537,-0.012163592620368369,0.02990453119707548,-0.024998456274866965,0.4166666666666667,-0.06055089228274135,-0.03893789045931606,-0.050219636795409084,0.4166666666666667,-0.0340120602816949,-0.04739652168458797,-0.0342091778147956,0.3777777777777777,-0.04379548385210681
0.25,1.5,0.0,0.0,0.5,10,5,0.1708851175774846,0.05189040474789475,-0.11631091363363844,1.0,-0.060439452250148795,-0.018371328432704948,-0.05580751947971596,1.0,-0.0640957375503397,-0.04248273572691441,-0.04864685742107144,1.0,-0.06609959314770131,-0.07948405455059437,-0.07711594441953318,1.0,0.00046283148675008504
0.25,1.5,0.0,0.0,0.5,10,3,0.08468272053022563,-0.03431199229936421,-0.11662879392664405,0.6045454545454544,-0.05704408438818154,-0.01497596057073769,-0.036787212690336246,0.6666666666666666,-0.06155478117505875,-0.039941779351633455,-0.05985467889121665,0.6666666666666666,-0.04130765003563708,-0.054692111438530144,-0.061447112604374965,0.6444444444444444,-0.03337947029592286
0.25,1.5,0.0,0.25,0.0,20,5,0.018795617573416523,-0.10019909525617332,-0.14546177615899902,0.5056818181818182,-0.059322802217232296,-0.017254678399788448,-0.04613416562333883,0.5833333333333334,-0.0506996402503489,-0.029086638426923606,-0.03173543580770488,0.5833333333333334,0.0028668839416117198,-0.010517577461281347,-0.04269691595822267,0.5555555555555556,-0.05534389484845585
0.25,1.5,0.0,0.25,0.0,20,3,-0.0011740489826068679,-0.12016876181219671,-0.11659401311067763,0.30795454545454537,-0.06620671600434136,-0.024138592186897512,-0.048323508522690295,0.4166666666666667,-0.062445700623543265,-0.04083269880011797,-0.04045229587545662,0.4166666666666667,-0.005991834293866183,-0.01937629569675925,-0.04264524090633348,0.3777777777777777,-0.06914194003674448
0.25,1.5,0.0,0.25,0.0,10,5,0.11475020108575862,-0.004244511743831225,-0.170364929852861,1.0,-0.032922441488624776,0.009145682328819071,-0.03684331137466634,1.0,-0.06790933354600825,-0.04629633172258296,-0.0549329153858219,1.0,-0.06476881342163165,-0.07815327482452472,-0.07460026315837398,1.0,-0.018291050684585437
0.25,1.5,0.0,0.25,0.0,10,3,0.03958291377035428,-0.07941179905923557,-0.14102818547718865,0.6045454545454544,-0.04585056506350804,-0.0037824412460641943,-0.03944631520881792,0.6666666666666666,-0.04599298444408573,-0.024379982620660434,-0.04902287445980513,0.6666666666666666,-0.041269984271903315,-0.05465444567479638,-0.0802550863380379,0.6444444444444444,-0.048536084132490574
0.25,1.5,0.0,0.25,0.5,20,5,0.04855769223674966,-0.07043702059284018,-0.09834175183253957,0.5056818181818182,-0.02109737267056233,0.020970751146881517,-0.02012332526227445,0.5833333333333334,-0.04712333357932608,-0.025510331755900784,-0.03488575667433702,0.5833333333333334,-0.03621036948626255,-0.04959483088915562,-0.039117886927098944,0.5555555555555556,-0.03771974587681616
0.25,1.5,0.0,0.25,0.5,20,3,0.007336928110210472,-0.11165778471937937,-0.0903561904437028,0.30795454545454537,-0.020578751447067556,0.021489372370376292,-0.03248849865119352,0.4166666666666667,-0.05597369907505734,-0.034360697251632044,-0.04484477614610538,0.4166666666666667,-0.025805933951759785,-0.03919039535465285,-0.03343561890752711,0.3777777777777777,-0.05590632392206938
0.25,1.5,0.0,0.25,0.5,10,5,0.13412960630519577,0.015134893475605926,-0.13202363888444546,1.0,-0.03547985278175414,0.006588271035689708,-0.021842252798567885,1.0,-0.056934903679162985,-0.03532190185573769,-0.04327980798623099,1.0,-0.05967239364092469,-0.07305685504381776,-0.06817989702484728,1.0,-0.007799043711988222
0.25,1.5,0.0,0.25,0.5,10,3,0.0790429696150059,-0.039951743214583946,-0.10672566232246505,0.6045454545454544,-0.04670103795377922,-0.004632914136335375,-0.026221973721672565,0.6666666666666666,-0.05296849266975168,-0.031355490846326384,-0.05815937094841228,0.6666666666666666,-0.038160520544890275,-0.05154498194778334,-0.05677959759926943,0.6444444444444444,-0.03157158389976308
0.25,1.5,0.0,0.5,0.0,20,5,0.09985141199314218,-0.019143300836447663,-0.08675418692973713,0.5056818181818182,-0.049217771780862174,-0.007149647963418326,-0.04003564260484105,0.5833333333333334,-0.04931314507926654,-0.027700143255841247,-0.03439772276218156,0.5833333333333334,0.0008035515421727091,-0.012580909860720357,-0.03780058302389799,0.5555555555555556,-0.01644405533474027
0.25,1.5,0.0,0.5,0.0,20,3,0.05577577300580949,-0.06321893982378035,-0.11142209519039958,0.30795454545454537,-0.04633889194110352,-0.004270768123659674,-0.04910732388319339,0.4166666666666667,-0.04584549839279417,-0.024232496569368878,-0.039635247518306826,0.4166666666666667,-0.012176002021532684,-0.02556046342442575,-0.03780293736991969,0.3777777777777777,-0.03698515895068527
0.25,1.5,0.0,0.5,0.0,10,5,0.09169626111158258,-0.027298451718007266,-0.11733262245362452,1.0,-0.03334210220568257,0.008726021611761281,-0.03586008020176945,1.0,-0.06391514142677612,-0.04230213960335083,-0.055563662977788475,1.0,-0.04153061802599334,-0.054915079428886404,-0.04975542717434711,1.0,-0.024685380724998533
0.25,1.5,0.0,0.5,0.0,10,3,0.08887776293399696,-0.03011694989559288,-0.11264239617155403,0.6045454545454544,-0.010024790099127379,0.03204333371831647,-0.033461214646157145,0.6666666666666666,-0.046716963545920365,-0.025103961722495072,-0.06041092621190247,0.6666666666666666,-0.03596155927513811,-0.04934602067803118,-0.07359295252591513,0.6444444444444444,-0.016709291383516615
0.25,1.5,0.0,0.5,0.5,20,5,0.08834012007095615,-0.030654592758633692,-0.07417661489906335,0.5056818181818182,-0.00827048889402393,0.03379763492341992,-0.012634721332788423,0.5833333333333334,-0.04793528007708059,-0.026322278253655296,-0.03951262490716834,0.5833333333333334,-0.028291428599705792,-0.04167589000259886,-0.031078707279264872,0.5555555555555556,-0.015544883248968307
0.25,1.5,0.0,0.5,0.5,20,3,0.028757660878967695,-0.09023705195062215,-0.09229907650083535,0.30795454545454537,-0.018877798793800693,0.023190325023643155,-0.034612865141960936,0.4166666666666667,-0.04912116164745339,-0.0275081598240281,-0.040610102128667,0.4166666666666667,-0.02723660452907195,-0.04062106593196502,-0.030026908898358573,0.3777777777777777,-0.04502847598526815
0.25,1.5,0.0,0.5,0.5,10,5,0.052249037934594345,-0.0667456748949955,-0.11947748757714027,1.0,-0.029740490026223698,0.01232763379122015,-0.01701264372207756,1.0,-0.06002276486409719,-0.038409763040671896,-0.04753087459056049,1.0,-0.05444549389770004,-0.0678299553005931,-0.05382762245550998,1.0,-0.04288960300613269
0.25,1.5,0.0,0.5,0.5,10,3,0.05610901539992308,-0.06288569742966676,-0.0857822015487032,0.6045454545454544,-0.02705043241649896,0.015017691400944888,-0.019413706777340778,0.6666666666666666,-0.053012183157833626,-0.03139918133440833,-0.058997091514798594,0.6666666666666666,-0.04822790970086954,-0.06161237110376261,-0.058323265051975604,0.6444444444444444,-0.038495873858839465
0.25,1.5,0.0,0.75,0.0,20,5,0.10953341058066779,-0.009461302248922054,-0.058810437855560393,0.5056818181818182,-0.04714195254965359,-0.00507382873220974,-0.05087215524632227,0.5833333333333334,-0.035084648812427344,-0.01347164698900205,-0.026724399277281208,0.5833333333333334,-0.0091640015569735,-0.022548462959866566,-0.04233153397908851,0.5555555555555556,-0.010929059687397652
0.25,1.5,0.0,0.75,0.0,20,3,0.08673479768492509,-0.03225991514466475,-0.057018720558349556,0.30795454545454537,-0.039186591303673635,0.002881532513770213,-0.05215272129904902,0.4166666666666667,-0.031877127382877846,-0.010264125559452553,-0.03484258024576836,0.4166666666666667,-0.02066053955867464,-0.034045000961567706,-0.044437608105637905,0.3777777777777777,-0.020442947664809624
0.25,1.5,0.0,0.75,0.0,10,5,0.06358470561887186,-0.05541000721071798,-0.083602912157408,1.0,-0.04665247336363343,-0.004584349546189581,-0.0481298767922933,1.0,-0.06617842456063716,-0.04456542273721187,-0.05429446034950747,1.0,-0.04883704502629638,-0.062221506429189444,-0.05362186139607805,1.0,-0.042098630006330684
0.25,1.5,0.0,0.75,0.0,10,3,-0.003302708686302891,-0.12229742151589273,-0.09739963444934296,0.6045454545454544,0.01752916981525332,0.05959729363269717,-0.020883862265155373,0.6666666666666666,-0.03640775390604456,-0.014794752082619267,-0.05150302614894142,0.6666666666666666,-0.03824296558776541,-0.051627426990658476,-0.06972817342382687,0.6444444444444444,-0.050097843134969094
0.25,1.5,0.0,0.75,0.5,20,5,0.1205243399939191,0.0015296271643292503,-0.058660848228831775,0.5056818181818182,-0.003835665764783669,0.03823245805266018,-0.015364809641241983,0.5833333333333334,-0.04428794924113166,-0.02267494741770637,-0.04094119390495787,0.5833333333333334,-0.016217958623510387,-0.029602420026403453,-0.024719716800468694,0.5555555555555556,0.0024048416204967334
0.25,1.5,0.0,0.75,0.5,20,3,0.060921242467004255,-0.05807347036258559,-0.04539586036896659,0.30795454545454537,-0.01027178523407013,0.03179633858337372,-0.032847420870598776,0.4166666666666667,-0.0327366246660058,-0.011123622842580505,-0.03840566958099789,0.4166666666666667,-0.025059024963683174,-0.03844348636657624,-0.03201453560149914,0.3777777777777777,-0.0256190433986936
0.25,1.5,0.0,0.75,0.5,10,5,0.017366089075093516,-0.10162862375449633,-0.0818265956082852,1.0,-0.033493863989169426,0.008574259828274422,-0.03110301855900044,1.0,-0.045697087660132585,-0.024084085836707292,-0.05182791090740424,1.0,-0.037146844140820034,-0.0505313055437131,-0.03478468344473984,1.0,-0.054781624439517805
0.25,1.5,0.0,0.75,0.5,10,3,-0.020070019347037782,-0.13906473217662763,-0.0709196390135236,0.6045454545454544,0.0069802625397910045,0.04904838635723485,-0.020883862265155373,0.6666666666666666,-0.03412222434901668,-0.01250922252559139,-0.058776716115191974,0.6666666666666666,-0.041303410623579784,-0.05468787202647285,-0.055150404736102,0.6444444444444444,-0.06039659707298336
0.25,1.5,0.25,0.0,0.0,20,5,0.05617720034415408,-0.06281751248543577,-0.13116880187422053,0.5056818181818182,-0.07070566525066047,-0.028637541433216618,-0.05880186336680193,0.5833333333333334,-0.04310942690088271,-0.021496425077457415,-0.033805054360628084,0.5833333333333334,0.006973766442543106,-0.006410694960349961,-0.04164703725930341,0.5555555555555556,-0.03961333398242135
0.25,1.5,0.25,0.0,0.0,20,3,0.006080653085174248,-0.1129140597444156,-0.1363905506227363,0.30795454545454537,-0.08207330646201105,-0.040005182644567205,-0.0649092662372297,0.4166666666666667,-0.03556082004151051,-0.013947818218085217,-0.028262102294142055,0.4166666666666667,0.02275181694987527,0.009367355546982203,-0.04571031224615929,0.3777777777777777,-0.06149969194679427
0.25,1.5,0.25,0.0,0.0,10,5,0.1210181797474732,0.002023466917883354,-0.13856159305952143,1.0,-0.0753143402582902,-0.033246216440846355,-0.057548266419401584,1.0,-0.0656446722402656,-0.04403167041684031,-0.04589568804714905,1.0,-0.03770747068738922,-0.05109193209028229,-0.05729436349886763,1.0,-0.021669534373232466
0.25,1.5,0.25,0.0,0.0,10,3,0.04771868207922281,-0.07127603075036704,-0.1500585778708683,0.6045454545454544,-0.07511464565133674,-0.033046521833892895,-0.063530826250215,0.6666666666666666,-0.04714602089438602,-0.025533019070960727,-0.02722094796172181,0.6666666666666666,0.012037366373352842,-0.001347095029540224,-0.07635681471884848,0.6444444444444444,-0.04436786141121354
0.25,1.5,0.25,0.0,0.5,20,5,0.06450180428725272,-0.054492908542337126,-0.11956018695659298,0.5056818181818182,-0.03559270413713422,0.006475419680309624,-0.026903566592734518,0.5833333333333334,-0.05991819483437022,-0.03830519301094493,-0.044499588457715955,0.5833333333333334,-0.016666677107437522,-0.03005113851033059,-0.026078908634441178,0.5555555555555556,-0.03315640365216563
0.25,1.5,0.25,0.0,0.5,20,3,0.024609953520345007,-0.09438475930924484,-0.08625151084398774,0.30795454545454537,-0.023056540605687736,0.01901158321175611,-0.024998456274866965,0.4166666666666667,-0.05352477016424617,-0.03191176834082088,-0.0403817857948261,0.4166666666666667,-0.014846778170808483,-0.02823123957370155,-0.037560258739942065,0.3777777777777777,-0.04674169707339952
0.25,1.5,0.25,0.0,0.5,10,5,0.11917986183817253,0.00018514900858268568,-0.12892966053927002,1.0,-0.04256147528580345,-0.0004933514683596041,-0.029024003924132846,1.0,-0.048845522816106435,-0.027232520992681142,-0.03420309458195003,1.0,-0.0698327353656909,-0.08321719676858397,-0.07654983832038609,1.0,-0.016607478477417458
0.25,1.5,0.25,0.0,0.5,10,3,0.0694802292903427,-0.049514483539247145,-0.10705394641128696,0.6045454545454544,-0.057044088060163034,-0.014975964242719186,-0.03678721269033636,0.6666666666666666,-0.06477002291140421,-0.04315702108797892,-0.06258259588528481,0.6666666666666666,-0.039587094789086175,-0.05297155619197924,-0.06215488220987797,0.6444444444444444,-0.04044479524533473
0.25,1.5,0.25,0.25,0.0,20,5,0.02444034859081734,-0.0945543642387725,-0.12677643149799045,0.5056818181818182,-0.058169891895813675,-0.016101768078369827,-0.04542643326421958,0.5833333333333334,-0.05049481390894017,-0.02888181208551488,-0.03580865782934217,0.5833333333333334,-0.009924195333156027,-0.023308656736049094,-0.046458270951197145,0.5555555555555556,-0.05440347625027468
0.25,1.5,0.25,0.25,0.0,20,3,0.0002008939085227368,-0.11879381892106711,-0.11164468757168433,0.30795454545454537,-0.07838366720594059,-0.03631554338849674,-0.06434436999703641,0.4166666666666667,-0.03959260710491086,-0.017979605281485567,-0.02985334684887475,0.4166666666666667,-0.0053668126487015355,-0.018751274051594602,-0.050984784019367124,0.3777777777777777,-0.06804573626156642
0.25,1.5,0.25,0.25,0.0,10,5,0.07723850606175597,-0.04175620676783387,-0.15553629778551947,1.0,-0.03654680878871586,0.005521315028727991,-0.03684331137466623,1.0,-0.07442290705664767,-0.052809905233222376,-0.05791162159655139,1.0,-0.043958766069271626,-0.05734322747216469,-0.05679565277600873,1.0,-0.033932934194151304
0.25,1.5,0.25,0.25,0.0,10,3,0.06953629712291365,-0.049458415706676195,-0.12483554165579092,0.6045454545454544,-0.04585056506350804,-0.0037824412460641943,-0.03944631520881792,0.6666666666666666,-0.04277144335110228,-0.021158441527676985,-0.02722094796172192,0.6666666666666666,-0.029351870806746505,-0.04273633220963957,-0.07207023368402521,0.6444444444444444,-0.03278611344011782
0.25,1.5,0.25,0.25,0.5,20,5,0.03566345921038927,-0.08333125361920057,-0.09433015000186051,0.5056818181818182,-0.0107824357941525,0.03128568802329135,-0.016813787379860945,0.5833333333333334,-0.05594076737968956,-0.03432776555626427,-0.041721493299821,0.5833333333333334,-0.031363813662236395,-0.04474827506512946,-0.039211643309022604,0.5555555555555556,-0.04153904821602648
0.25,1.5,0.25,0.25,0.5,20,3,-0.017628812070983546,-0.1366235249005734,-0.09480648223162091,0.30795454545454537,-0.026700303286509408,0.01536782053093444,-0.031199974863744262,0.4166666666666667,-0.053659678766760366,-0.03204667694333507,-0.04215526540671655,0.4166666666666667,-0.01709484212396062,-0.030479303526853685,-0.032434461537505066,0.3777777777777777,-0.06701752814305273
0.25,1.5,0.25,0.25,0.5,10,5,0.20430033088722177,0.08530561805763193,-0.09504776054902275,1.0,-0.045451572008800345,-0.0033834481913564973,-0.016148434453552296,1.0,-0.06642754780473936,-0.04481454598131407,-0.048837731762199854,1.0,-0.07952752672365737,-0.09291198812655044,-0.08012147371478195,1.0,0.016882685961915573
0.25,1.5,0.25,0.25,0.5,10,3,0.05232328103163919,-0.06667143179795065,-0.07096370324207835,0.6045454545454544,-0.04631256647729631,-0.004244442659852465,-0.019413706777340778,0.6666666666666666,-0.06016009110381648,-0.03854708928039119,-0.060842135387311314,0.6666666666666666,-0.04884642653003379,-0.06223088793292686,-0.05921714192807048,0.6444444444444444,-0.046179951556038615
0.25,1.5,0.25,0.5,0.0,20,5,0.11666087993915131,-0.0023338328904385364,-0.07731785547153303,0.5056818181818182,-0.032682378287755776,0.009385745529688072,-0.030235987356729832,0.5833333333333334,-0.0366679787220735,-0.015054976898648209,-0.03114480418943233,0.5833333333333334,-0.029226107696906034,-0.0426105690997991,-0.047920764283838735,0.5555555555555556,-0.00735362031804242
0.25,1.5,0.25,0.5,0.0,20,3,0.060361472727706644,-0.0586332401018832,-0.10906881753353537,0.30795454545454537,-0.04322014387562578,-0.001152020058181935,-0.04316365376617315,0.4166666666666667,-0.02821896804150059,-0.006605966218075299,-0.03955113666868337,0.4166666666666667,-0.014577010368423626,-0.027961471771316693,-0.04275191220142849,0.3777777777777777,-0.03185807875880173
0.25,1.5,0.25,0.5,0.0,10,5,0.1180672144818844,-0.0009274983477054466,-0.13312293417002374,1.0,-0.04691400498223941,-0.004845881164795562,-0.048265972371614785,1.0,-0.06870319925389012,-0.04709019743046483,-0.05881807808138273,1.0,-0.0474370282549299,-0.06082148965782297,-0.05392426284735796,1.0,-0.017815597610909513
0.25,1.5,0.25,0.5,0.0,10,3,0.06331842632212825,-0.05567628650746159,-0.11056574838127153,0.6045454545454544,-0.022892135848202155,0.019175987969241692,-0.02895151375323901,0.6666666666666666,-0.046716963545920365,-0.025103961722495072,-0.06041092621190247,0.6666666666666666,-0.024660407870601753,-0.03804486927349482,-0.06587552412819642,0.6444444444444444,-0.02973265658544578
0.25,1.5,0.25,0.5,0.5,20,5,0.09734790641520541,-0.021646806414384434,-0.07111847427928175,0.5056818181818182,-0.0074495156080059965,0.03461860820943785,-0.010517931291460947,0.5833333333333334,-0.05598675680008369,-0.0343737549766584,-0.04441320708745433,0.5833333333333334,-0.023995736515943,-0.03738019791883607,-0.03337273607687852,0.5555555555555556,-0.011849503768437703
0.25,1.5,0.25,0.5,0.5,20,3,0.036864900760746,-0.08212981206884384,-0.08913726893936713,0.30795454545454537,-0.013115120656747359,0.02895300316069649,-0.027423863720344333,0.4166666666666667,-0.049405430472913126,-0.027792428649487833,-0.04226711740718003,0.4166666666666667,-0.011310661199517291,-0.024695122602410358,-0.028379796545572322,0.3777777777777777,-0.03759329732859034
0.25,1.5,0.25,0.5,0.5,10,5,0.09426596489204053,-0.02472874793754931,-0.0778022845378844,1.0,-0.045526071745071506,-0.003457947927627658,-0.03110301855900044,1.0,-0.06276249343404039,-0.041149491610615097,-0.04863092056306284,1.0,-0.04587963885553448,-0.05926410025842754,-0.04714554307563612,1.0,-0.0270544623341605
0.25,1.5,0.25,0.5,0.5,10,3,0.060090281948084634,-0.05890443088150521,-0.07443290557347959,0.6045454545454544,-0.029330954081151606,0.012737169736292242,-0.01941370677734089,0.6666666666666666,-0.05296745843136541,-0.03135445660794012,-0.05852042237969446,0.6666666666666666,-0.029554959514840107,-0.04293942091773317,-0.05729962299103941,0.6444444444444444,-0.034466783091455275
0.25,1.5,0.25,0.75,0.0,20,5,0.06679578356108684,-0.052198929268503,-0.07186393139242642,0.5056818181818182,-0.052600999932350345,-0.010532876114906498,-0.05296600220426817,0.5833333333333334,-0.04994731571989741,-0.02833431389647212,-0.03834628434921905,0.5833333333333334,-0.02355838433240065,-0.03694284573529372,-0.041640407837112536,0.5555555555555556,-0.035914311144317854
0.25,1.5,0.25,0.75,0.0,20,3,0.09349328998003203,-0.02550142284955781,-0.052583475745855424,0.30795454545454537,-0.04600748575531066,-0.003939361937866814,-0.0516339391937195,0.4166666666666667,-0.030106328747547595,-0.008493326924122302,-0.027342600956746232,0.4166666666666667,-0.014416686760961861,-0.027801148163854927,-0.04378746686324664,0.3777777777777777,-0.017904652029964302
0.25,1.5,0.25,0.75,0.0,10,5,0.09335445074098025,-0.02564026208860959,-0.08391517272504967,1.0,-0.045801282899982976,-0.003733159082539128,-0.04812987314860029,1.0,-0.049831163622053976,-0.028218161798628683,-0.044039491008974196,1.0,-0.032454469508236494,-0.04583893091112956,-0.03392655759867025,1.0,-0.023579971616972836
0.25,1.5,0.25,0.75,0.0,10,3,0.09476849817917077,-0.024226214650419076,-0.051385327147828286,0.6045454545454544,0.021374784008732606,0.06344290782617645,-0.019821921813606758,0.6666666666666666,-0.024806020678812768,-0.003193018855387475,-0.04636802529594608,0.6666666666666666,-0.021798383771662766,-0.03518284517455583,-0.051604013817584726,0.6444444444444444,-0.0007974492406359664
0.25,1.5,0.25,0.75,0.5,20,5,0.0712478350685517,-0.04774687776103814,-0.0671949350600205,0.5056818181818182,-0.01702976445567106,0.02503835936177279,-0.025262056268948396,0.5833333333333334,-0.039692363735669534,-0.01807936191224424,-0.04097377986365547,0.5833333333333334,-0.03113245304270862,-0.044516914445601685,-0.03431386222737787,0.5555555555555556,-0.024615946605700857
0.25,1.5,0.25,0.75,0.5,20,3,0.08940411563353567,-0.02959059719605417,-0.04884727527603416,0.30795454545454537,-0.004236040892624859,0.03783208292481899,-0.02332852603352953,0.4166666666666667,-0.0331279316687072,-0.011514929845281907,-0.038308478046136574,0.4166666666666667,-0.01892824708926688,-0.03231270849215995,-0.029467919473883608,0.3777777777777777,-0.010431893757635907
0.25,1.5,0.25,0.75,0.5,10,5,0.07744070833575334,-0.041554004493836505,-0.07385375425673169,1.0,-0.036470605112291166,0.005597518705152682,-0.03110301855900033,1.0,-0.04219441958512482,-0.020581417761699528,-0.048347746252374035,1.0,-0.041100891778553805,-0.05448535318144687,-0.042559824627349974,1.0,-0.028559937987410217
0.25,1.5,0.25,0.75,0.5,10,3,0.09622386241641201,-0.022770850413177834,-0.048318966332457025,0.6045454545454544,-0.029310345932732296,0.012757777884711552,-0.020883862265155373,0.6666666666666666,-0.03265456882660267,-0.011041567003177377,-0.058776717206749485,0.6666666666666666,-0.016508760093354335,-0.029893221496247402,-0.03860276515012995,0.6444444444444444,-0.013197656489665853
0.25,1.5,0.5,0.0,0.0,20,5,0.0678296889687473,-0.05116502386084254,-0.12196206346392624,0.5056818181818182,-0.07481747754958412,-0.032749353732140274,-0.055129653191982375,0.5833333333333334,-0.05009092896185385,-0.02847792713842856,-0.03879892147888242,0.5833333333333334,0.009453359386325966,-0.003931102016567101,-0.041610628759888746,0.5555555555555556,-0.03607295354366356
0.25,1.5,0.5,0.0,0.0,20,3,0.030870375347231693,-0.08812433748235815,-0.13345060829544997,0.30795454545454537,-0.09342665675992645,-0.051358532942482604,-0.07124419744331212,0.4166666666666667,-0.03243345698345301,-0.01082045516002772,-0.02976080037820017,0.4166666666666667,0.0011641739947847451,-0.012220287408108321,-0.04300547814245581,0.3777777777777777,-0.05595169648790223
0.25,1.5,0.5,0.0,0.0,10,5,0.11906846444744357,7.375161785372342e-05,-0.12825407044424675,1.0,-0.07986405488074988,-0.03779593106330603,-0.06218539514315824,1.0,-0.051526665768155344,-0.02991366394473005,-0.039175021479246674,1.0,-0.03083731768216269,-0.04422177908505576,-0.046506194934259004,1.0,-0.020536110992260204
0.25,1.5,0.5,0.0,0.0,10,3,0.02558164523634332,-0.09341306759324652,-0.13054820097753628,0.6045454545454544,-0.06621792078748934,-0.02414979697004549,-0.05447246614259482,0.6666666666666666,-0.04340315864102351,-0.021790156817598216,-0.025858856807947195,0.6666666666666666,0.01888533259231151,0.005500871189418444,-0.05237847682275687,0.6444444444444444,-0.05051672250369928
0.25,1.5,0.5,0.0,0.5,20,5,0.06355514714069455,-0.0554395656888953,-0.10968712210709353,0.5056818181818182,-0.026070002087096644,0.015998121730347203,-0.019560291180014566,0.5833333333333334,-0.051018402587161504,-0.02940540076373621,-0.03604019731630881,0.5833333333333334,-0.0365631038608456,-0.04994756526373867,-0.04196063410831663,0.5555555555555556,-0.032851219031537315
0.25,1.5,0.5,0.0,0.5,20,3,0.023594961763145017,-0.09539975106644483,-0.09423318586594709,0.30795454545454537,-0.035020368493959064,0.007047755323484783,-0.02915280850287738,0.4166666666666667,-0.05481123200075977,-0.033198230177334476,-0.03930886456280336,0.4166666666666667,-0.006356551744716943,-0.01974101314761001,-0.026685751512325218,0.3777777777777777,-0.04910883564777065
0.25,1.5,0.5,0.0,0.5,10,5,0.07798739507523678,-0.04100731775435307,-0.13640369300827482,1.0,-0.039746842409242866,0.0023212814082009814,-0.023215552153363905,1.0,-0.04573965716836648,-0.024126655344941184,-0.035241629945489183,1.0,-0.07647190004909721,-0.08985636145199027,-0.08239954884892964,1.0,-0.034970425156948357
0.25,1.5,0.5,0.0,0.5,10,3,0.08634607042114872,-0.03264864240844112,-0.1072185777415704,0.6045454545454544,-0.047214433546229895,-0.005146309728786047,-0.02197746764935682,0.6666666666666666,-0.04618446132805476,-0.024571459504629467,-0.0476640747902769,0.6666666666666666,-0.03446666227979811,-0.04785112368269118,-0.043570794179832895,0.6444444444444444,-0.026841853994093112
0.25,1.5,0.5,0.25,0.0,20,5,-0.0019102340055595635,-0.12090494683514941,-0.12945565738579,0.5056818181818182,-0.05564299739770384,-0.013574873580259994,-0.04465216957316964,0.5833333333333334,-0.04595933053229506,-0.02434632870886977,-0.04228494410380368,0.5833333333333334,-0.0055305158779147545,-0.01891497728080782,-0.035904623197304586,0.5555555555555556,-0.06429014036933386
0.25,1.5,0.5,0.25,0.0,20,3,-0.030381082355515066,-0.1493757951851049,-0.11306825957415723,0.30795454545454537,-0.0489020785808566,-0.006833954763412753,-0.04182491279374145,0.4166666666666667,-0.02094696072790081,0.0006660410955244833,-0.030894782790189312,0.4166666666666667,0.0027922764795533794,-0.010592184923339687,-0.04543991030107475,0.3777777777777777,-0.07041651809832268
0.25,1.5,0.5,0.25,0.0,10,5,0.03589987652042126,-0.08309483630916858,-0.15468987126447575,1.0,-0.06606240431360832,-0.023994280496164477,-0.055768640568101824,1.0,-0.07360970816264034,-0.05199670633921505,-0.05496988081335541,1.0,-0.008492273555753549,-0.021876734958646615,-0.04486702968038303,1.0,-0.054472262657846236
0.25,1.5,0.5,0.25,0.0,10,3,0.05857658173645852,-0.06041813109313132,-0.12048346791342701,0.6045454545454544,-0.031030286400301366,0.011037837417142482,-0.022653585988971714,0.6666666666666666,-0.03814964941279064,-0.01653664758936535,-0.038816009431883125,0.6666666666666666,0.022304318064287454,0.008919856661394387,-0.04445810684693874,0.6444444444444444,-0.025571218276819123
0.25,1.5,0.5,0.25,0.5,20,5,-0.004939207981588312,-0.12393392081117816,-0.10808208121843943,0.5056818181818182,-0.0139053137678109,0.028162810049632947,-0.016813787379860834,0.5833333333333334,-0.041188067547459406,-0.019575065724034113,-0.03369686711361797,0.5833333333333334,-0.028817371367487965,-0.04220183277038103,-0.035280505098810644,0.5555555555555556,-0.057996096626784205
0.25,1.5,0.5,0.25,0.5,20,3,-0.03422062285339855,-0.1532153356829884,-0.10074907992914495,0.30795454545454537,-0.014754894646302419,0.02731322917114143,-0.01968959911499024,0.4166666666666667,-0.05400766033591098,-0.032394658512485686,-0.039463186597134214,0.4166666666666667,-0.006746910959005703,-0.02013137236189877,-0.022035550033089435,0.3777777777777777,-0.0699974983957171
0.25,1.5,0.5,0.25,0.5,10,5,0.10960218354148021,-0.00939252928810963,-0.09872430669033838,1.0,-0.04084778805887068,0.0012203357585731656,-0.01775281807597695,1.0,-0.04832117915556933,-0.026708177332144034,-0.04638621625057071,1.0,-0.05938994500587724,-0.07277440640877031,-0.06636775233368764,1.0,-0.018843941801143193
0.25,1.5,0.5,0.25,0.5,10,3,-0.007516409306131178,-0.12651112213572102,-0.09527157877659675,0.6045454545454544,-0.008282302482838788,0.03378582133460506,0.0,0.6666666666666666,-0.06158319152035485,-0.03997018969692956,-0.06190776864512715,0.6666666666666666,-0.0314152727709065,-0.044799734173799566,-0.040704871442043156,0.6444444444444444,-0.06119903820803257
0.25,1.5,0.5,0.5,0.0,20,5,0.05027403175275902,-0.06872068107683083,-0.09673352977731586,0.5056818181818182,-0.03342493342212938,0.00864319039531447,-0.02664680984392409,0.5833333333333334,-0.019539911117824382,0.0020730907056009107,-0.027086533025476922,0.5833333333333334,-0.0167094695244272,-0.030093930927320267,-0.03741540235617302,0.5555555555555556,-0.03296663491900316
0.25,1.5,0.5,0.5,0.0,20,3,0.04870571478658503,-0.07028899804300481,-0.07123140716135423,0.30795454545454537,-0.04692690627218554,-0.004858782454741695,-0.04053621494822046,0.4166666666666667,-0.020876718445981823,0.0007362833774434696,-0.025442747917021613,0.4166666666666667,-0.01440045720932237,-0.027784918612215437,-0.03818718284937428,0.3777777777777777,-0.03690204001825338
0.25,1.5,0.5,0.5,0.0,10,5,0.08060048945862186,-0.038394223370967984,-0.10938688506751204,1.0,-0.03596481617575931,0.006103307641684541,-0.040448444797906435,1.0,-0.04406627604957225,-0.022453274226146958,-0.044298672130659744,1.0,-0.014471634572515768,-0.027856095975408834,-0.02894907456359741,1.0,-0.023297979136747828
0.25,1.5,0.5,0.5,0.0,10,3,0.03986100021802197,-0.07913371261156787,-0.09031096066812572,0.6045454545454544,-0.018476379152481903,0.023591744664961944,-0.018823950565954983,0.6666666666666666,-0.015874431355349716,0.005738570468075577,-0.0322828127240985,0.6666666666666666,0.028189288364460552,0.014804826961567485,-0.024417988019655334,0.6444444444444444,-0.026630724894518603
0.25,1.5,0.5,0.5,0.5,20,5,0.0640099220973318,-0.05498479073225804,-0.07110105257794397,0.5056818181818182,-0.026637059045129696,0.015431064772314151,-0.026607362930583967,0.5833333333333334,-0.0346612686588853,-0.01304826683546001,-0.036568084653675226,0.5833333333333334,-0.030880286263878065,-0.04426474766677113,-0.03693915105433265,0.5555555555555556,-0.029482341811772252
0.25,1.5,0.5,0.5,0.5,20,3,-0.015640038105221965,-0.1346347509348118,-0.09417884543471755,0.30795454545454537,-0.007539763608922612,0.034528360208521236,-0.02118402773134853,0.4166666666666667,-0.034867328237545236,-0.013254326414119944,-0.0357254242668007,0.4166666666666667,-0.02250176360848488,-0.03588622501137795,-0.02871794759155899,0.3777777777777777,-0.059324630582359685
0.25,1.5,0.5,0.5,0.5,10,5,0.10010989558586525,-0.018884817243724594,-0.0964894265519799,1.0,-0.033961292990164815,0.008106830827279032,-0.03110301855900044,1.0,-0.05627523798266498,-0.03466223615923969,-0.0441366768653233,1.0,-0.04108799736690982,-0.05447245876980289,-0.043404208291949575,1.0,-0.019841664292212697
0.25,1.5,0.5,0.5,0.5,10,3,0.05777560795454062,-0.061219104875049224,-0.07874194234146736,0.6045454545454544,0.011641360337376394,0.05370948415482024,0.0,0.6666666666666666,-0.05438222376796975,-0.03276922194454446,-0.051451262092914285,0.6666666666666666,-0.008889422865929753,-0.02227388426882282,-0.020910131425416867,0.6444444444444444,-0.02237769208707218
0.25,1.5,0.5,0.75,0.0,20,5,0.09729240198663724,-0.0217023108429526,-0.05948836389822343,0.5056818181818182,-0.05470635015120795,-0.012638226333764102,-0.05056277716894275,0.5833333333333334,-0.03463476731113846,-0.013021765487713166,-0.03409129921043608,0.5833333333333334,0.001777772724933735,-0.011606688677959331,-0.02738768860581897,0.5555555555555556,-0.01661986458762057
0.25,1.5,0.5,0.75,0.0,20,3,0.09952124854579592,-0.01947346428379393,-0.05630159606736651,0.30795454545454537,-0.02576008405406094,0.01630803976338291,-0.030677464847568725,0.4166666666666667,-0.013335950813541109,0.008277051009884184,-0.02366430600056013,0.4166666666666667,-0.010405350125678003,-0.02378981152857107,-0.025014896741269,0.3777777777777777,-0.007012963064664573
0.25,1.5,0.5,0.75,0.0,10,5,0.10710382508531802,-0.011890887744271827,-0.07517884896005267,1.0,-0.035731282273505194,0.006336841543938654,-0.04031122765812323,1.0,-0.02078574844386627,0.0008272533795590231,-0.039512729633461974,1.0,-0.02705001408210761,-0.040434475485000676,-0.029669961996110605,1.0,-0.009707772414753908
0.25,1.5,0.5,0.75,0.0,10,3,0.1392555973184233,0.020260884488833453,-0.06052751300327863,0.6045454545454544,0.028366148745402997,0.07043427256284684,-0.008629514906108415,0.6666666666666666,-0.013262631055567575,0.008350370767857718,-0.03009925789713863,0.6666666666666666,-0.005777457870096758,-0.019161919272989825,-0.021437880320436253,0.6444444444444444,0.02510423388491695
0.25,1.5,0.5,0.75,0.5,20,5,0.1111588417040732,-0.007835871125516647,-0.05505230405786499,0.5056818181818182,-0.008942361426610201,0.033125762390833646,-0.019653581351762983,0.5833333333333334,-0.032447665569740214,-0.010834663746314921,-0.03370589744609975,0.5833333333333334,-0.011355448014977787,-0.024739909417870853,-0.021704306034679766,0.5555555555555556,-0.0005808873834019452
0.25,1.5,0.5,0.75,0.5,20,3,0.09034549204793563,-0.028649220781654217,-0.05072743061885665,0.30795454545454537,0.0016873778498260883,0.043755501667269936,-0.019927927543234136,0.4166666666666667,-0.03434057678663549,-0.012727574963210198,-0.037091619961101774,0.4166666666666667,-0.00833857385183201,-0.021723035254725076,-0.02362201830010946,0.3777777777777777,-0.007120865467617204
0.25,1.5,0.5,0.75,0.5,10,5,0.06616206024730475,-0.05283265258228509,-0.06511127182458465,1.0,-0.02426642029231363,0.01780170352513022,-0.014923328760582222,1.0,-0.028638995754014407,-0.007025993930589114,-0.042500047971336774,1.0,-0.030637632368044065,-0.04402209377093713,-0.03324791958706752,1.0,-0.02698148093597467
0.25,1.5,0.5,0.75,0.5,10,3,0.07765570584506487,-0.04133900698452497,-0.058113290046111654,0.6045454545454544,-0.008864359062216054,0.033203764755227794,-0.009699639003276861,0.6666666666666666,-0.04926579568951406,-0.027652793866088765,-0.05899023315032226,0.6666666666666666,-0.012016332357691839,-0.025400793760584905,-0.022271252601236413,0.6444444444444444,-0.018259650098230343
0.25,2.0,0.0,0.0,0.0,20,5,0.07186174335608242,-0.047132969473507424,-0.14345278132422934,0.5056818181818182,-0.06936525277900107,-0.027297128961557227,-0.05709456697118387,0.5833333333333334,-0.043747504405495685,-0.022134502582070392,-0.032430968840982066,0.5833333333333334,0.027754350932557514,0.014369889529664448,-0.03469012845605812,0.5555555555555556,-0.02919881046132854
0.25,2.0,0.0,0.0,0.0,20,3,-0.008112866832431509,-0.12710757966202135,-0.15013497349381877,0.30795454545454537,-0.06911847792633041,-0.027050354108886565,-0.05542723394691218,0.4166666666666667,-0.05844539813659111,-0.036832396313165816,-0.041714845204199325,0.4166666666666667,0.016037930938135325,0.002653469535242259,-0.04992811274908915,0.3777777777777777,-0.06908783839181978
0.25,2.0,0.0,0.0,0.0,10,5,0.16174989015285113,0.042755177323261284,-0.16006829625770558,1.0,-0.05782005039592897,-0.01575192657848512,-0.054037482597119824,1.0,-0.0749989697971728,-0.053385967973747506,-0.04965904706407309,1.0,-0.05654551067593583,-0.0699299720788289,-0.06457160711240606,1.0,-0.003195542857040162
0.25,2.0,0.0,0.0,0.0,10,3,0.01716474356046782,-0.10182996926912202,-0.16508355206378877,0.6045454545454544,-0.07090285787019668,-0.02883473405275283,-0.059266287510501336,0.6666666666666666,-0.06789355170282652,-0.04628054987940122,-0.05221158944696602,0.6666666666666666,-0.0056436872466349985,-0.019028148649528065,-0.0838422629374257,0.6444444444444444,-0.06282847446363252
0.25,2.0,0.0,0.0,0.5,20,5,0.08937791090472302,-0.02961680192486682,-0.11806704967852777,0.5056818181818182,-0.035278987837929154,0.006789135979514693,-0.029097182300849234,0.5833333333333334,-0.05036973521151067,-0.028756733388085376,-0.039881577020395964,0.5833333333333334,-0.03196773527402119,-0.04535219667691426,-0.03586376051078832,0.5555555555555556,-0.02274661638106134
0.25,2.0,0.0,0.0,0.5,20,3,0.0056257015591620885,-0.11336901127042776,-0.12097178729358338,0.30795454545454537,-0.024417193015319305,0.017650930802124543,-0.03247733976483347,0.4166666666666667,-0.05569725523758473,-0.03408425341415944,-0.047379322629069076,0.4166666666666667,-0.03491583582194735,-0.048300297224840416,-0.04143136406010561,0.3777777777777777,-0.05896100496701133
0.25,2.0,0.0,0.0,0.5,10,5,0.19090321079757877,0.07190849796798893,-0.11699350664596286,1.0,-0.0604394556458816,-0.018371331828437754,-0.05580751947971596,1.0,-0.077835233699169,-0.05622223187574371,-0.04824806695313366,1.0,-0.04984807158866289,-0.06323253299155596,-0.06356767622276238,1.0,0.00984777639839063
0.25,2.0,0.0,0.0,0.5,10,3,0.0780785760573306,-0.04091613677225925,-0.12221984000670794,0.6045454545454544,-0.05704408438818154,-0.01497596057073769,-0.036787212690336246,0.6666666666666666,-0.09342653969553893,-0.07181353787211364,-0.06433961172153291,0.6666666666666666,-0.03271502389474201,-0.04609948529763508,-0.05930498470112855,0.6444444444444444,-0.03984320516566339
0.25,2.0,0.0,0.25,0.0,20,5,0.0005088867761688931,-0.11848582605342095,-0.14379669260814976,0.5056818181818182,-0.06616250880984453,-0.024094384992400686,-0.05306976706079436,0.5833333333333334,-0.053300729187044094,-0.0316877273636188,-0.035334155642986254,0.5833333333333334,0.024525763184868765,0.011141301781975699,-0.033343127449315335,0.5555555555555556,-0.06242418180938607
0.25,2.0,0.0,0.25,0.0,20,3,-0.06653948798416986,-0.1855342008137597,-0.15954027048261832,0.30795454545454537,-0.08000105873721997,-0.03793293491977612,-0.06500693334909446,0.4166666666666667,-0.06083147720441329,-0.039218475380987994,-0.040870280513926716,0.4166666666666667,-0.002481494054673128,-0.015865955457566194,-0.04616366239778391,0.3777777777777777,-0.10123628872191903
0.25,2.0,0.0,0.25,0.0,10,5,0.14337282417893782,0.024378111349347975,-0.15997682877787556,1.0,-0.06373334181081736,-0.02166521799337351,-0.059974508743519395,1.0,-0.05435314480403708,-0.032740142980611786,-0.04830478538978211,1.0,-0.050833437332804765,-0.06421789873569783,-0.06081138020573207,1.0,-0.008989860648583231
0.25,2.0,0.0,0.25,0.0,10,3,0.11552340161056973,-0.0034713112190201123,-0.1444799592063566,0.6045454545454544,-0.06174045625274005,-0.019672332435296203,-0.04998912507577247,0.6666666666666666,-0.041305798273069017,-0.019692796449643724,-0.051443886239605274,0.6666666666666666,-0.050394633364017616,-0.06377909476691068,-0.08900869731687944,0.6444444444444444,-0.019000956839866263
0.25,2.0,0.0,0.25,0.5,20,5,0.05908506030491956,-0.05990965252467029,-0.10473559899934215,0.5056818181818182,-0.02291921955570131,0.01914890426174254,-0.025372795036705087,0.5833333333333334,-0.0482510389583245,-0.026638037134899206,-0.034885758495766916,0.5833333333333334,-0.029230121792819364,-0.04261458319571243,-0.03480900861758307,0.5555555555555556,-0.03256001062025774
0.25,2.0,0.0,0.25,0.5,20,3,0.04401066031877332,-0.07498405251081652,-0.08590805288570502,0.30795454545454537,-0.020578753316657705,0.021489370500786142,-0.03248850049804941,0.4166666666666667,-0.05615442085148048,-0.03454141902805519,-0.044844775249244795,0.4166666666666667,-0.0236566843105267,-0.037041145713419765,-0.03343561890752733,0.3777777777777777,-0.03910786571589214
0.25,2.0,0.0,0.25,0.5,10,5,0.13870521687414783,0.019710504044557986,-0.13114580084857685,1.0,-0.047084161222432974,-0.0050160374049891265,-0.033610637559530976,1.0,-0.05914681742819916,-0.03753381560477387,-0.04361624505307227,1.0,-0.0573166774072722,-0.07070113881016526,-0.06710594789332158,1.0,-0.008619525693437057
0.25,2.0,0.0,0.25,0.5,10,3,0.08396056164206267,-0.035034151187527174,-0.10285555799004276,0.6045454545454544,-0.04670103795377922,-0.004632914136335375,-0.026221973721672565,0.6666666666666666,-0.054383239140601836,-0.03277023731717654,-0.05815937094841228,0.6666666666666666,-0.03459661808651171,-0.047981079489404777,-0.05677959759926943,0.6444444444444444,-0.029036294089458268
0.25,2.0,0.0,0.5,0.0,20,5,0.08673954603976086,-0.03225516678982898,-0.11185971277058904,0.5056818181818182,-0.046316063538555774,-0.004247939721111926,-0.04003564170085583,0.5833333333333334,-0.06570343908812248,-0.04409043726469719,-0.041612028981954596,0.5833333333333334,0.012423820409604325,-0.0009606409932887416,-0.036829664947344076,0.5555555555555556,-0.022334471724398914
0.25,2.0,0.0,0.5,0.0,20,3,0.00946802124316859,-0.10952669158642125,-0.103334385578844,0.30795454545454537,-0.04142718778091348,0.0006409360365303707,-0.047387069244672286,0.4166666666666667,-0.05992721325791783,-0.03831421143449254,-0.04157898589829756,0.4166666666666667,0.006990248970886848,-0.006394212432006219,-0.03751650013917718,0.3777777777777777,-0.05583304078473179
0.25,2.0,0.0,0.5,0.0,10,5,0.08854693168250827,-0.030447781147081576,-0.17537271232212037,1.0,-0.030524223889946356,0.011543899927497492,-0.03445482068934347,1.0,-0.06469225268250212,-0.04307925085907682,-0.055563662977788586,1.0,-0.050454325016759616,-0.06383878641965268,-0.060436253239762094,1.0,-0.026853232126121764
0.25,2.0,0.0,0.5,0.0,10,3,0.04705804990308038,-0.07193666292650946,-0.1512041477026922,0.6045454545454544,-0.0023108926498156546,0.03975723116762819,-0.023135562519532638,0.6666666666666666,-0.07356706329782381,-0.051954061474398516,-0.06041092621190247,0.6666666666666666,-0.051221507614434336,-0.0646059690173274,-0.08967103322655601,0.6444444444444444,-0.039916195098781096
0.25,2.0,0.0,0.5,0.5,20,5,0.07729187437709117,-0.04170283845249867,-0.08084452428086941,0.5056818181818182,-0.010282272853629926,0.03178585096381392,-0.012769926087558225,0.5833333333333334,-0.0485457342326,-0.02693273240917471,-0.03834991743848937,0.5833333333333334,-0.031340721689949946,-0.04472518309284301,-0.03916284360385436,0.5555555555555556,-0.02156850188797358
0.25,2.0,0.0,0.5,0.5,20,3,0.04525114305991562,-0.07374356976967422,-0.09972866600711394,0.30795454545454537,-0.020578750478635444,0.021489373338808404,-0.03248849592488734,0.4166666666666667,-0.05248632264230091,-0.030873320818875616,-0.04330249363455052,0.4166666666666667,-0.016634631598178906,-0.030019093001071973,-0.028283769364404132,0.3777777777777777,-0.03694612513464343
0.25,2.0,0.0,0.5,0.5,10,5,0.1644162792793875,0.04542156644979767,-0.10119851989105433,1.0,-0.030691626119429327,0.01137649769801452,-0.01955634082561508,1.0,-0.0589514966412894,-0.03733849481786411,-0.04341770012484736,1.0,-0.054698098706360776,-0.06808256010925384,-0.06451456175493664,1.0,0.007470671087844889
0.25,2.0,0.0,0.5,0.5,10,3,0.08143067702692663,-0.03756403580266321,-0.10990403948998972,0.6045454545454544,-0.027050430630549238,0.01501769318689461,-0.01941370677734089,0.6666666666666666,-0.0599024018412746,-0.03828940001784931,-0.06099697783092928,0.6666666666666666,-0.030198453532224834,-0.0435829149351179,-0.0523474717440916,0.6444444444444444,-0.02543024005741987
0.25,2.0,0.0,0.75,0.0,20,5,0.07526670415172432,-0.043728008677865526,-0.08155519068350647,0.5056818181818182,-0.04499706294180317,-0.00292893912435932,-0.03996824617490746,0.5833333333333334,-0.04452839197629088,-0.02291539015286559,-0.03106195971354475,0.5833333333333334,0.003275977309065592,-0.010108484093827474,-0.035173257280348036,0.5555555555555556,-0.025363419823133275
0.25,2.0,0.0,0.75,0.0,20,3,0.003063987079707786,-0.11593072574988206,-0.106531407926443,0.30795454545454537,-0.03518939957394507,0.006878724243498779,-0.039556163488678076,0.4166666666666667,-0.04598408216475858,-0.024371080341333284,-0.04196423968014085,0.4166666666666667,-0.01490090813327316,-0.028285369536166227,-0.03762540526354485,0.3777777777777777,-0.05834761300819716
0.25,2.0,0.0,0.75,0.0,10,5,0.06867688881796918,-0.05031782401162066,-0.09646362791373897,1.0,-0.04564394067203925,-0.003575816854595404,-0.048129874489269975,1.0,-0.06870319212858877,-0.04709019030516348,-0.05881807444527032,1.0,-0.0417457266659611,-0.05513018806885417,-0.04818275936311456,1.0,-0.038870031774980794
0.25,2.0,0.0,0.75,0.0,10,3,0.033958014700386174,-0.08503669812920367,-0.11183387948750156,0.6045454545454544,0.00770520638013239,0.04977333019757624,-0.01982192088940704,0.6666666666666666,-0.046716960858569356,-0.025103959035144063,-0.06041092621190247,0.6666666666666666,-0.009323521725386974,-0.02270798312828004,-0.06077337666322313,0.6444444444444444,-0.03299497293326121
0.25,2.0,0.0,0.75,0.5,20,5,0.1485881660604691,0.029593453230879252,-0.05663415168900943,0.5056818181818182,-0.00827049096221022,0.03379763285523363,-0.012634721332788423,0.5833333333333334,-0.049850690417601484,-0.02823768859417619,-0.039524949483585425,0.5833333333333334,-0.026855579692028342,-0.04024004109492141,-0.03095822159857342,0.5555555555555556,0.011494802714339433
0.25,2.0,0.0,0.75,0.5,20,3,0.021965517960458092,-0.09702919486913175,-0.07522007015862675,0.30795454545454537,-0.012413222521667322,0.029654901295776526,-0.030071292174361774,0.4166666666666667,-0.05102206017661981,-0.029409058353194517,-0.0420362352038538,0.4166666666666667,-0.019571989731127726,-0.03295645113402079,-0.02578144394340698,0.3777777777777777,-0.045604238790247456
0.25,2.0,0.0,0.75,0.5,10,5,0.07816446623938456,-0.04083024659020529,-0.08151320646001992,1.0,-0.041726263618664494,0.0003418601987793535,-0.03110302002772347,1.0,-0.061287348142117004,-0.03967434631869171,-0.04485559139713291,1.0,-0.05955025651484325,-0.07293471791773631,-0.059650709717628536,1.0,-0.03517950555136175
0.25,2.0,0.0,0.75,0.5,10,3,0.04141345488031556,-0.07758125794927428,-0.06454219370813963,0.6045454545454544,-0.021587290039401408,0.02048083377804244,-0.015308673416158713,0.6666666666666666,-0.06065373052099232,-0.03904072869756703,-0.05871790482621975,0.6666666666666666,-0.046635607238080135,-0.0600200686409732,-0.0544540768748889,0.6444444444444444,-0.044650477233443855
0.25,2.0,0.25,0.0,0.0,20,5,0.06030125752739557,-0.058693455302194275,-0.13009527996124448,0.5056818181818182,-0.07009541732961466,-0.028027293512170814,-0.05818380028248504,0.5833333333333334,-0.042144532501965926,-0.020531530678540633,-0.033805050635337786,0.5833333333333334,0.00903357793957893,-0.004350883463314137,-0.03882286179746597,0.5555555555555556,-0.03715124038530834
0.25,2.0,0.25,0.0,0.0,20,3,-0.0181452055618474,-0.13713991839143724,-0.1445956525611093,0.30795454545454537,-0.07925483204783168,-0.03718670823038783,-0.06203809094442736,0.4166666666666667,-0.03704725026639122,-0.015434248442965925,-0.031170083245039004,0.4166666666666667,0.02493630678215175,0.011551845379258685,-0.04708635069146527,0.3777777777777777,-0.0715920007932998
0.25,2.0,0.25,0.0,0.0,10,5,0.17712980171493187,0.05813508888534202,-0.13654321480245257,1.0,-0.08933044388682176,-0.04726232006937792,-0.07183366278474013,1.0,-0.07442420771582647,-0.05281120589240118,-0.049659045237226085,1.0,-0.03853537558633158,-0.051919836989224644,-0.050030832800236125,1.0,-0.0013644464511844397
0.25,2.0,0.25,0.0,0.0,10,3,-0.0069386135550161265,-0.12593332638460597,-0.15292212445263265,0.6045454545454544,-0.07511464565133674,-0.033046521833892895,-0.063530826250215,0.6666666666666666,-0.056392503605740996,-0.0347795017823157,-0.033451358920663865,0.6666666666666666,0.0080002766145999,-0.005384184788293167,-0.08004129373902824,0.6444444444444444,-0.07095618031713724
0.25,2.0,0.25,0.0,0.5,20,5,0.1056928163632298,-0.013301896466360041,-0.11466107321827157,0.5056818181818182,-0.030014441192259822,0.012053682625184026,-0.02646100484018643,0.5833333333333334,-0.06128760284618007,-0.039674601022754774,-0.04670410980899431,0.5833333333333334,-0.02134961773529065,-0.034734079138183716,-0.02872063646051548,0.5555555555555556,-0.014133734777706783
0.25,2.0,0.25,0.0,0.5,20,3,0.04391285159311953,-0.07508186123647032,-0.08474007194473343,0.30795454545454537,-0.023056536852960052,0.019011586964483795,-0.024998456274867076,0.4166666666666667,-0.05029069391941543,-0.028677692095990137,-0.039891546167468706,0.4166666666666667,-0.01656781392582163,-0.029952275328714695,-0.03343609543802373,0.3777777777777777,-0.03782843592899642
0.25,2.0,0.25,0.0,0.5,10,5,0.14028131344587913,0.021286600616289286,-0.12158204481810353,1.0,-0.047084158447058044,-0.005016034629614197,-0.03361063823761112,1.0,-0.06452669823623569,-0.0429136964128104,-0.05338325178718084,1.0,-0.07448244585190122,-0.08786690725479429,-0.08024169289843952,1.0,-0.011292128930214073
0.25,2.0,0.25,0.0,0.5,10,3,0.06362258133987697,-0.05537213148971287,-0.09795542257956413,0.6045454545454544,-0.05704408438818154,-0.01497596057073769,-0.036787212690336246,0.6666666666666666,-0.06155478249115376,-0.039941780667728466,-0.05985467889121665,0.6666666666666666,-0.046494973273343176,-0.05987943467623624,-0.06215488220987786,0.6444444444444444,-0.04363463161464992
0.25,2.0,0.25,0.25,0.0,20,5,0.010628215114967032,-0.10836649771462281,-0.133668760674429,0.5056818181818182,-0.05897467515875765,-0.016906551341313802,-0.04613416472509657,0.5833333333333334,-0.053612280037858784,-0.03199927821443349,-0.033250820571184114,0.5833333333333334,-0.010595019747072554,-0.02397948114996562,-0.04614775892896117,0.5555555555555556,-0.061388375711568584
0.25,2.0,0.25,0.25,0.0,20,3,-0.024765777948355994,-0.14376049077794584,-0.1275098026702839,0.30795454545454537,-0.07919796797599621,-0.03712984415855236,-0.06517107700525993,0.4166666666666667,-0.05160385036117532,-0.029990848537750026,-0.031567776610851306,0.4166666666666667,-0.015371970972682392,-0.028756432375575458,-0.04985325601341928,0.3777777777777777,-0.08278677402671254
0.25,2.0,0.25,0.25,0.0,10,5,0.1227252060026085,0.0037304931730186563,-0.15987049147279142,1.0,-0.044504026519772366,-0.0024359027023285185,-0.03684331137466623,1.0,-0.07512320892547686,-0.053510207102051566,-0.052108032024000495,1.0,-0.06197965551104434,-0.0753641169139374,-0.06995952293383156,1.0,-0.01826140235012208
0.25,2.0,0.25,0.25,0.0,10,3,0.105685457793528,-0.01330925503606184,-0.13718413494533988,0.6045454545454544,-0.06174045625274005,-0.019672332435296203,-0.04998912507577247,0.6666666666666666,-0.04317561168796935,-0.021562609864544058,-0.02722094796172203,0.6666666666666666,-0.03507577777347182,-0.04846023917636488,-0.07243686387028991,0.6444444444444444,-0.02141067523118822
0.25,2.0,0.25,0.25,0.5,20,5,0.07038188568496428,-0.04861282714462556,-0.09561790332334019,0.5056818181818182,-0.020741750746680387,0.02132637307076346,-0.019088859105007017,0.5833333333333334,-0.05335890221451245,-0.031745900391087156,-0.04026275906948906,0.5833333333333334,-0.034159412714679815,-0.04754387411757288,-0.03997372928384901,0.5555555555555556,-0.028437645123689646
0.25,2.0,0.25,0.25,0.5,20,3,-0.008619196661947215,-0.12761390949153706,-0.10043287535446321,0.30795454545454537,-0.02670030238518617,0.015367821432257678,-0.03119997486374415,0.4166666666666667,-0.05349428311974935,-0.03188128129632406,-0.04270055414955143,0.4166666666666667,-0.018099967826634145,-0.03148442922952721,-0.03128768615875577,0.3777777777777777,-0.06308916049200496
0.25,2.0,0.25,0.25,0.5,10,5,0.2372962673708603,0.11830155454127045,-0.10049586872848804,1.0,-0.035479853839917586,0.006588269977526262,-0.021842253597861183,1.0,-0.06316204415608595,-0.04154904233266066,-0.05192221299636124,1.0,-0.0791486207032277,-0.09253308210612077,-0.07974281197432853,1.0,0.03477044837213606
0.25,2.0,0.25,0.25,0.5,10,3,0.045630970557580586,-0.07336374227200926,-0.07833973620954016,0.6045454545454544,-0.04670104166603761,-0.004632917848593765,-0.026221973721672454,0.6666666666666666,-0.05500437557845417,-0.033391373755028875,-0.05815937094841228,0.6666666666666666,-0.048846426751348426,-0.06223088815424149,-0.05921714192807048,0.6444444444444444,-0.048515252770943165
0.25,2.0,0.25,0.5,0.0,20,5,0.0884407480352929,-0.03055396479429695,-0.11090601696450486,0.5056818181818182,-0.05089771580558766,-0.008829591988143815,-0.04003564260484105,0.5833333333333334,-0.06415717608857052,-0.04254417426514523,-0.042160405436256765,0.5833333333333334,0.0012973973397030214,-0.012087064063190045,-0.045570264249654824,0.5555555555555556,-0.024151367903719877
0.25,2.0,0.25,0.5,0.0,20,3,0.012016773454397667,-0.10697793937519218,-0.09883516240220103,0.30795454545454537,-0.06431585703194076,-0.022247733214496912,-0.04906964349619791,0.4166666666666667,-0.053289579057237635,-0.03167657723381234,-0.04047806025919265,0.4166666666666667,-0.006796766310045332,-0.0201812277129384,-0.044317590013272845,0.3777777777777777,-0.06148067676447332
0.25,2.0,0.25,0.5,0.0,10,5,0.20388751975379238,0.08489280692420254,-0.12332598078463286,1.0,-0.03437399806548991,0.00769412575195394,-0.03445481977709253,1.0,-0.07620094928811671,-0.05458794746469142,-0.055563662977788364,1.0,-0.059813725723547595,-0.07319818712644066,-0.06560417930397033,1.0,0.020957374365209815
0.25,2.0,0.25,0.5,0.0,10,3,0.07473548151505938,-0.04425923131453047,-0.13667234932323247,0.6045454545454544,-0.028028762537014362,0.014039361280429485,-0.031269694972090645,0.6666666666666666,-0.06124032030061932,-0.03962731847719403,-0.0574474593187253,0.6666666666666666,-0.02487979151701203,-0.038264252919905095,-0.06003251704299761,0.6444444444444444,-0.028090549480996208
0.25,2.0,0.25,0.5,0.5,20,5,0.09354143125762349,-0.025453281571966357,-0.09108806779825618,0.5056818181818182,-0.006317326648630828,0.03575079716881302,-0.011638199658691839,0.5833333333333334,-0.057585836538027846,-0.03597283471460255,-0.04551263328438171,0.5833333333333334,-0.028655840768300744,-0.04204030217119381,-0.03347817020607913,0.5555555555555556,-0.014218247948051061
0.25,2.0,0.25,0.5,0.5,20,3,0.021264706631543007,-0.09773000619804684,-0.07868970072154502,0.30795454545454537,-0.019551754857635717,0.02251636895980813,-0.02617285824217852,0.4166666666666667,-0.04927555093274438,-0.02766254910931909,-0.04220612504082255,0.4166666666666667,-0.021544602876704344,-0.03492906427959741,-0.03159388273909047,0.3777777777777777,-0.04773815255750652
0.25,2.0,0.25,0.5,0.5,10,5,0.15993317559921216,0.04093846276962232,-0.09664849976372658,1.0,-0.03010342572763769,0.011964698089806158,-0.014884536078878297,1.0,-0.06514485765015365,-0.04353185582672836,-0.04753087392378241,1.0,-0.08178954595229448,-0.09517400735518755,-0.08146267675217544,1.0,0.0006076032914941985
0.25,2.0,0.25,0.5,0.5,10,3,0.08391898959056032,-0.03507572323902952,-0.07727060744476832,0.6045454545454544,-0.027050436199547057,0.015017687617896791,-0.01941370677734089,0.6666666666666666,-0.0604050810316491,-0.038792079208223806,-0.060842135387311314,0.6666666666666666,-0.05017241878470391,-0.06355688018759698,-0.059453396591395924,0.6444444444444444,-0.0273819974624622
0.25,2.0,0.25,0.75,0.0,20,5,0.11487870760856711,-0.004116005221022734,-0.06982371241953855,0.5056818181818182,-0.04631295373446742,-0.004244829917023574,-0.05221022232347816,0.5833333333333334,-0.04004377208111698,-0.018430770257691687,-0.027731991418911695,0.5833333333333334,-0.016648354933787246,-0.030032816336680312,-0.04292877640551074,0.5555555555555556,-0.010182947817871924
0.25,2.0,0.25,0.75,0.0,20,3,0.10717306948169636,-0.011821643347893485,-0.08951413965250787,0.30795454545454537,-0.050256116235413484,-0.008187992417969636,-0.05648671233343161,0.4166666666666667,-0.028920524521649726,-0.0073075226982244335,-0.029701330966866224,0.4166666666666667,-0.016038903314108954,-0.02942336471700202,-0.04561699741579617,0.3777777777777777,-0.012876370723328444
0.25,2.0,0.25,0.75,0.0,10,5,0.08001761227800497,-0.038977100551584876,-0.09140720029240978,1.0,-0.04578039399187417,-0.003712270174430321,-0.048265972371614896,1.0,-0.06696959514480638,-0.04535659332138109,-0.05864536764872763,1.0,-0.048297275637354864,-0.06168173704024793,-0.06453542688910163,1.0,-0.03452351234606513
0.25,2.0,0.25,0.75,0.0,10,3,0.07658145069669708,-0.04241326213289276,-0.07725025105323446,0.6045454545454544,-0.0032631025312294115,0.038805021286214436,-0.026859601571954328,0.6666666666666666,-0.046716963545920365,-0.025103961722495072,-0.06041092621190247,0.6666666666666666,-0.03330838080806764,-0.046692842210960706,-0.07151691956450512,0.6444444444444444,-0.0201542332282665
0.25,2.0,0.25,0.75,0.5,20,5,0.11108132932045334,-0.007913383509136507,-0.06384305234885723,0.5056818181818182,-0.005646268346520378,0.03642185547092347,-0.010517931291460947,0.5833333333333334,-0.05329139444148723,-0.031678392618061935,-0.04115591730795021,0.5833333333333334,-0.017522624320335578,-0.030907085723228644,-0.024758487009156616,0.5555555555555556,-0.003843380462574147
0.25,2.0,0.25,0.75,0.5,20,3,0.07114302182577181,-0.04785169100381803,-0.0693730313984301,0.30795454545454537,-0.009292568682832125,0.03277555513461172,-0.027423863720344333,0.4166666666666667,-0.04876808377916053,-0.02715508195573524,-0.040428716713032165,0.4166666666666667,-0.031019593431769743,-0.04440405483466281,-0.036713975554874545,0.3777777777777777,-0.02407324268662489
0.25,2.0,0.25,0.75,0.5,10,5,0.09014825931054093,-0.02884645351904891,-0.08126952951462896,1.0,-0.045526071745071506,-0.003457947927627658,-0.03110301855900044,1.0,-0.05607323554451715,-0.03446023372109186,-0.047530873923782524,1.0,-0.06574157885728427,-0.07912604026017733,-0.0628143348136343,1.0,-0.030883332162669305
0.25,2.0,0.25,0.75,0.5,10,3,0.023906614149369565,-0.09508809868022028,-0.075095410629622,0.6045454545454544,-0.02933095586291523,0.012737167954528616,-0.01941370677734089,0.6666666666666666,-0.052967460221948204,-0.03135445839852291,-0.05852042237969435,0.6666666666666666,-0.042468582214838735,-0.0558530436177318,-0.0562987470986529,0.6444444444444444,-0.05268647771990518
0.25,2.0,0.5,0.0,0.0,20,5,0.024621828411366842,-0.094372884418223,-0.1290496594006364,0.5056818181818182,-0.08004890994210834,-0.03798078612466449,-0.05969998150513922,0.5833333333333334,-0.05034316230175018,-0.028730160478324884,-0.036561778069437834,0.5833333333333334,0.002558397727893791,-0.010826063674999276,-0.05081288341568224,0.5555555555555556,-0.0578964281423651
0.25,2.0,0.5,0.0,0.0,20,3,-0.01015946153939562,-0.12915417436898546,-0.13967356429159483,0.30795454545454537,-0.07843640824162146,-0.03636828442417761,-0.05830738306590899,0.4166666666666667,-0.035560810287118994,-0.0139478084636937,-0.0282620980101298,0.4166666666666667,0.02269707913426,0.009312617731366934,-0.04181015324722359,0.3777777777777777,-0.06790672818193687
0.25,2.0,0.5,0.0,0.0,10,5,0.06370144269741584,-0.055293270132174,-0.14450805903687414,1.0,-0.07531434069210663,-0.03324621687466278,-0.05754826686155301,1.0,-0.059830270851855105,-0.03821726902842981,-0.05112623855409015,1.0,-0.03467044671295583,-0.04805490811584889,-0.059340916802787746,1.0,-0.0461343523497858
0.25,2.0,0.5,0.0,0.0,10,3,-0.008429333148378793,-0.12742404597796864,-0.1426623093649747,0.6045454545454544,-0.06259958741558369,-0.020531463598139843,-0.05167199107520104,0.6666666666666666,-0.04590845687248557,-0.024295455049060277,-0.037288217414252034,0.6666666666666666,0.031729988472490644,0.018345527069597578,-0.0652322437736661,0.6444444444444444,-0.06336617578654025
0.25,2.0,0.5,0.0,0.5,20,5,0.03344527739290659,-0.08554943543668325,-0.11313870204530396,0.5056818181818182,-0.03559269928067699,0.006475424536766861,-0.026903564752215336,0.5833333333333334,-0.0540887137198931,-0.03247571189646781,-0.03857449509998223,0.5833333333333334,-0.022487980402500884,-0.03587244180539395,-0.03063435619363153,0.5555555555555556,-0.04713061286759501
0.25,2.0,0.5,0.0,0.5,20,3,0.006780314306212842,-0.112214398523377,-0.09181230456675593,0.30795454545454537,-0.023056536852960052,0.019011586964483795,-0.024998456274867076,0.4166666666666667,-0.04982652303284074,-0.02821352120941545,-0.03710495833723515,0.4166666666666667,-0.01890293132412768,-0.03228739272702075,-0.04046923999327001,0.3777777777777777,-0.054818719684864126
0.25,2.0,0.5,0.0,0.5,10,5,0.10986549346439634,-0.009129219365193508,-0.13885426746842267,1.0,-0.05449121563135795,-0.0124230918139141,-0.02162008954374961,1.0,-0.04158590257384187,-0.019972900750416578,-0.0413919387327667,1.0,-0.07708217402554896,-0.09046663542844202,-0.08374692593791722,1.0,-0.023779852094644394
0.25,2.0,0.5,0.0,0.5,10,3,0.03478880620654001,-0.08420590662304983,-0.10158211055475685,0.6045454545454544,-0.059489208528891835,-0.017421084711447987,-0.03170916554937131,0.6666666666666666,-0.052843316451700595,-0.031230314628275302,-0.05509493239886043,0.6666666666666666,-0.039587094789086175,-0.05297155619197924,-0.06215488220987797,0.6444444444444444,-0.0548782097812726
0.25,2.0,0.5,0.25,0.0,20,5,0.0507332817139754,-0.06826143111561445,-0.11964117924110107,0.5056818181818182,-0.06456726928783973,-0.022499145470395887,-0.04564746241915474,0.5833333333333334,-0.04610625260220169,-0.0244932507787764,-0.03407823886761252,0.5833333333333334,0.004878665729086906,-0.00850579567380616,-0.044409634048115154,0.5555555555555556,-0.04129228733751286
0.25,2.0,0.5,0.25,0.0,20,3,-0.020988831476681846,-0.1399835443062717,-0.12115924654823151,0.30795454545454537,-0.0860464317425701,-0.04397830792512625,-0.06608362662590539,0.4166666666666667,-0.03713619458364947,-0.01552319276022418,-0.030323021149039286,0.4166666666666667,-0.00831427629101067,-0.021698737693903736,-0.04657889533274229,0.3777777777777777,-0.07957046148722301
0.25,2.0,0.5,0.25,0.0,10,5,0.05357403908192837,-0.06542067374766147,-0.1448157620228392,1.0,-0.036546805981620634,0.005521317835823214,-0.03684331137466612,1.0,-0.0704949328216895,-0.04888193099826421,-0.05496988125193014,1.0,-0.05463584305965785,-0.06802030446255092,-0.06750744179560841,1.0,-0.04559430904661413
0.25,2.0,0.5,0.25,0.0,10,3,0.09185840744128027,-0.02713630538830958,-0.12899053373094926,0.6045454545454544,-0.04289331520484574,-0.0008251913874018912,-0.039926484004390805,0.6666666666666666,-0.04317560802206799,-0.021562606198642698,-0.02722094796172192,0.6666666666666666,-0.023070334158937444,-0.03645479556183051,-0.07207023455903505,0.6444444444444444,-0.021120245535660765
0.25,2.0,0.5,0.25,0.5,20,5,0.055016592712079815,-0.06397812011751003,-0.09397387709241745,0.5056818181818182,-0.014303239215657793,0.027764884601786055,-0.016813787379860834,0.5833333333333334,-0.05219398151200927,-0.030580979688583976,-0.03791827392317193,0.5833333333333334,-0.024373890619968197,-0.03775835202286126,-0.03388614627565956,0.5555555555555556,-0.032099832659149785
0.25,2.0,0.5,0.25,0.5,20,3,-0.029728521370905536,-0.14872323420049538,-0.1025805354567565,0.30795454545454537,-0.025413737650921808,0.01665438616652204,-0.029919352986536252,0.4166666666666667,-0.05483423826820666,-0.033221236444781366,-0.042155267225507886,0.4166666666666667,-0.015593759422234399,-0.028978220825127465,-0.0328266788097733,0.3777777777777777,-0.07209177743907874
0.25,2.0,0.5,0.25,0.5,10,5,0.16884064402429222,0.049845931194702375,-0.10183807566749803,1.0,-0.045451572008800345,-0.0033834481913564973,-0.016148434453552296,1.0,-0.050203898175555595,-0.0285908963521303,-0.04228149051517949,1.0,-0.07500612458126421,-0.08839058598415728,-0.08168586931069255,1.0,0.00403758463933381
0.25,2.0,0.5,0.25,0.5,10,3,0.02673105060179215,-0.0922636622277977,-0.09570021413396301,0.6045454545454544,-0.04678029678278872,-0.004712172965344874,-0.019894629467908875,0.6666666666666666,-0.053493331674795974,-0.03188032985137068,-0.060603381788882915,0.6666666666666666,-0.03377364320895504,-0.047158104611848106,-0.05011972769110373,0.6444444444444444,-0.054552456413327996
0.25,2.0,0.5,0.5,0.0,20,5,0.11837057906744808,-0.0006241337621417653,-0.10453944237477586,0.5056818181818182,-0.04513861635990102,-0.0030704925424571705,-0.037441312584193365,0.5833333333333334,-0.04558686059085937,-0.023973858767434075,-0.036321813389492474,0.5833333333333334,-0.008788251294107763,-0.02217271269700083,-0.04890193779633756,0.5555555555555556,-0.007970469048243323
0.25,2.0,0.5,0.5,0.0,20,3,-0.001013111471533823,-0.12000782430112367,-0.10301026346767772,0.30795454545454537,-0.056247339814319175,-0.014179215996875327,-0.04464918776554194,0.4166666666666667,-0.04237147765301352,-0.02075847582958823,-0.0399231602382637,0.4166666666666667,-0.010447677127580324,-0.02383213853047339,-0.03939180763988759,0.3777777777777777,-0.06423691708873372
0.25,2.0,0.5,0.5,0.0,10,5,0.1466373785206656,0.027642665691075763,-0.12179714421563193,1.0,-0.034157580971267865,0.007910542846175983,-0.03445481795259053,1.0,-0.08223732524935123,-0.06062432342592594,-0.05894605789148544,1.0,-0.05638732568539606,-0.06977178708828913,-0.0689262992718298,1.0,-0.00514258130460417
0.25,2.0,0.5,0.5,0.0,10,3,0.03519250102824767,-0.08380221180134217,-0.12615699901619482,0.6045454545454544,-0.0030819378449095103,0.03898618597253434,-0.015270838584303892,0.6666666666666666,-0.06504186962489189,-0.0434288678014666,-0.049607804694264734,0.6666666666666666,-0.022230743850522705,-0.03561520525341577,-0.06003252062578446,0.6444444444444444,-0.03982105977570275
0.25,2.0,0.5,0.5,0.5,20,5,0.05973011179068788,-0.059264601038901965,-0.0802666485281941,0.5056818181818182,-0.01688865461846345,0.025179469198980398,-0.015664388864226053,0.5833333333333334,-0.05156770518643572,-0.029954703363010426,-0.039874992248750796,0.5833333333333334,-0.03901852156794805,-0.05240298297084112,-0.039979713416151585,0.5555555555555556,-0.032727856117838516
0.25,2.0,0.5,0.5,0.5,20,3,0.005530503266558684,-0.11346420956303116,-0.09820261000848962,0.30795454545454537,-0.01325437697935583,0.028813746838088017,-0.019918012105511584,0.4166666666666667,-0.048687314818671834,-0.02707431299524654,-0.04157350701668294,0.4166666666666667,-0.016151077948182158,-0.029535539351075224,-0.023992215659436544,0.3777777777777777,-0.052346935445790284
0.25,2.0,0.5,0.5,0.5,10,5,0.10199650557240836,-0.016998207257181486,-0.10924025136784066,1.0,-0.02971228482131394,0.012355838996129909,-0.014884536078878186,1.0,-0.06218740050754423,-0.04057439868411894,-0.04863092145722414,1.0,-0.0746646218344893,-0.08804908323738236,-0.07611607586199676,1.0,-0.02385375580492439
0.25,2.0,0.5,0.5,0.5,10,3,0.058196035223551545,-0.0607986776060383,-0.08758516900193403,0.6045454545454544,-0.029563083710583027,0.01250504010686082,-0.007212371067614076,0.6666666666666666,-0.052137993972742214,-0.03052499214931692,-0.060842135387311314,0.6666666666666666,-0.028622496368944872,-0.04200695777183794,-0.04269680932525499,0.6444444444444444,-0.03511293738417526
0.25,2.0,0.5,0.75,0.0,20,5,0.15789451870684879,0.03889980587725894,-0.06950064136030965,0.5056818181818182,-0.05308921071013539,-0.011021086892691545,-0.05133696962767731,0.5833333333333334,-0.0405502677172811,-0.018937265893855804,-0.031944365240307526,0.5833333333333334,-0.017557778181374495,-0.03094223958426756,-0.04234236050546736,0.5555555555555556,0.007267715099875135
0.25,2.0,0.5,0.75,0.0,20,3,0.06258471951182765,-0.0564099933177622,-0.09502711887346171,0.30795454545454537,-0.037877229353270425,0.0041908944641734225,-0.04882612160704913,0.4166666666666667,-0.021917962829410387,-0.0003049610059850938,-0.030115838657632454,0.4166666666666667,-0.01590989740198101,-0.029294358804874077,-0.0402176436310685,0.3777777777777777,-0.02877667134857851
0.25,2.0,0.5,0.75,0.0,10,5,0.13794217681654164,0.018947463986951796,-0.09435727475743039,1.0,-0.04691400498223941,-0.004845881164795562,-0.048265972371614785,1.0,-0.057080335535322324,-0.03546733371189703,-0.04837260507514951,1.0,-0.029381081842506762,-0.04276554324539983,-0.04988411226817324,1.0,-0.004420043040665112
0.25,2.0,0.5,0.75,0.0,10,3,0.0376176556932617,-0.08137705713632815,-0.09703143809167436,0.6045454545454544,-0.021605661687069677,0.02046246213037417,-0.028385281929331763,0.6666666666666666,-0.03118201937313725,-0.009569017549711956,-0.04819285337547896,0.6666666666666666,-0.01356948141747949,-0.026953942820372556,-0.05380802732837364,0.6444444444444444,-0.0369825042342668
0.25,2.0,0.5,0.75,0.5,20,5,0.08566023493830488,-0.033334477891284964,-0.07016062338589213,0.5056818181818182,-0.0002880547735576444,0.0417800690438862,-0.011638199658691839,0.5833333333333334,-0.05614963021620689,-0.0345366283927816,-0.04457807732257557,0.5833333333333334,-0.03758970709926679,-0.050974168502159856,-0.039927197979382045,0.5555555555555556,-0.0173821173243479
0.25,2.0,0.5,0.75,0.5,20,3,0.02191855401917464,-0.0970761588104152,-0.08163033509811402,0.30795454545454537,-0.016482924822410316,0.02558519899503353,-0.02941577512069571,0.4166666666666667,-0.04940543080562121,-0.027792428982195916,-0.04226711774238656,0.4166666666666667,-0.0181192233939802,-0.031503684796873266,-0.021370149148855266,0.3777777777777777,-0.04618238878278884
0.25,2.0,0.5,0.75,0.5,10,5,0.1256057023416055,0.006610989512015664,-0.08738593833546182,1.0,-0.044386200415486576,-0.0023180765980427287,-0.03110301855900044,1.0,-0.058235607846633064,-0.03662260602320777,-0.04413667686532341,1.0,-0.049241053411773095,-0.06262551481466616,-0.0474901551478879,1.0,-0.012491791994784722
0.25,2.0,0.5,0.75,0.5,10,3,0.055416061707887376,-0.06357865112170247,-0.05613062189762197,0.6045454545454544,-0.029330954081151606,0.012737169736292242,-0.01941370677734089,0.6666666666666666,-0.05296745843136541,-0.03135445660794012,-0.05852042237969446,0.6666666666666666,-0.027161804690997937,-0.040546266093891004,-0.03525187195406154,0.6444444444444444,-0.03621120897596772
0.5,0.5,0.0,0.0,0.0,20,5,0.07993159883963075,-0.0390631139899591,-0.1324745808553366,0.5056818181818182,-0.062625912916345,-0.020557789098901158,-0.05398340045751804,0.5833333333333334,-0.03644088448275207,-0.014827882659326774,-0.03782566598951542,0.5833333333333334,0.01665194697132799,0.0032674855684349247,-0.019762976645850694,0.5555555555555556,-0.024451908133840662
0.5,0.5,0.0,0.0,0.0,20,3,0.076290292936948,-0.04270441989264184,-0.1323024115307172,0.30795454545454537,-0.061860072775259956,-0.019791948957816108,-0.055223222334646827,0.4166666666666667,-0.030600503243602195,-0.008987501420176902,-0.030974442510801836,0.4166666666666667,0.014412607490622342,0.0010281460877292758,-0.026748366768327148,0.3777777777777777,-0.02535887949101
0.5,0.5,0.0,0.0,0.0,10,5,0.022195277927397505,-0.09679943490219234,-0.1284452218801312,1.0,-0.06227351541193793,-0.020205391594494082,-0.060686878371775776,1.0,-0.049504631999378046,-0.027891630175952753,-0.05989111748655129,1.0,0.009318331593850315,-0.004066129809042751,-0.020227795260194692,1.0,-0.053404757602359396
0.5,0.5,0.0,0.0,0.0,10,3,0.07940768689453237,-0.039587025935057474,-0.13801290281243117,0.6045454545454544,-0.06695777801714697,-0.024889654199703126,-0.06343372533017322,0.6666666666666666,-0.04266353779354659,-0.021050535970121298,-0.048252983501391844,0.6666666666666666,0.017610625435199534,0.0042261640323064675,-0.02504631294724413,0.6444444444444444,-0.02656023101137387
0.5,0.5,0.0,0.0,0.5,20,5,0.00944235489153522,-0.10955235793805462,-0.10089910315850703,0.5056818181818182,-0.040961602311730405,0.0011065215057134425,-0.024819309068419337,0.5833333333333334,-0.03528469080088392,-0.01367168897745863,-0.030618073130502355,0.5833333333333334,0.018026479392677652,0.004642017989784586,-0.017557568479591334,0.5555555555555556,-0.05037638134384732
0.5,0.5,0.0,0.0,0.5,20,3,-0.028785721909698747,-0.1477804347392886,-0.11502928009802671,0.30795454545454537,-0.047074029702335096,-0.0050059058848912485,-0.02985431396350602,0.4166666666666667,-0.03462271381268356,-0.013009711989258266,-0.023655463757416673,0.4166666666666667,0.0023004910701525105,-0.011083970332740556,-0.03404205196769383,0.3777777777777777,-0.07136672445220249
0.5,0.5,0.0,0.0,0.5,10,5,0.048557870725929764,-0.07043684210366008,-0.15451050917975007,1.0,-0.034428233061054025,0.007639890756389822,-0.02244638145593847,1.0,-0.046320751592614284,-0.02470774976918899,-0.041516027491818375,1.0,-0.00274377163516748,-0.016128233038060547,-0.024528521747365972,1.0,-0.035912003678637006
0.5,0.5,0.0,0.0,0.5,10,3,-0.004280450253015267,-0.12327516308260511,-0.13026270508952253,0.6045454545454544,-0.035130703156906584,0.0069374206605372635,-0.027959921219068873,0.6666666666666666,-0.03566618023787138,-0.014053178414446088,-0.03280266531087839,0.6666666666666666,0.021172788341095483,0.007788326938202417,-0.023333483727857374,0.6444444444444444,-0.054679195943474534
0.5,0.5,0.0,0.25,0.0,20,5,0.08005678610045908,-0.03893792672913077,-0.09077228283253624,0.5056818181818182,-0.05909722372513737,-0.017029099907693523,-0.053313410357008095,0.5833333333333334,-0.04442785198410837,-0.022814850160683076,-0.039023174216027856,0.5833333333333334,0.0001633643308887045,-0.013221097072004362,-0.019148023847188944,0.5555555555555556,-0.027184734089935346
0.5,0.5,0.0,0.25,0.0,20,3,0.009024508166357359,-0.10997020466323248,-0.09992971945059803,0.30795454545454537,-0.05290448560785366,-0.01083636179040981,-0.042861452335515304,0.4166666666666667,-0.035107916600444544,-0.013494914777019251,-0.034738611649959394,0.4166666666666667,-0.004995504793829153,-0.01837996619672222,-0.025953780181890762,0.3777777777777777,-0.05697691469211829
0.5,0.5,0.0,0.25,0.0,10,5,0.05567518299224061,-0.06331952983734923,-0.12205967145898322,1.0,-0.063223723356709,-0.021155599539265157,-0.04963263170252474,1.0,-0.07778901521183534,-0.05617601338841005,-0.06757570887385111,1.0,-0.008484176295677548,-0.021868637698570614,-0.02338451944401998,1.0,-0.04548938597467054
0.5,0.5,0.0,0.25,0.0,10,3,0.049875962563563414,-0.06911875026602643,-0.11824679344138056,0.6045454545454544,-0.0073121401571552,0.03475598366028865,-0.012783238734602964,0.6666666666666666,-0.0534216951251032,-0.031808693301677904,-0.054667801343364464,0.6666666666666666,0.005233545293437558,-0.008150916109455508,-0.02265391182374965,0.6444444444444444,-0.028408383116309742
0.5,0.5,0.0,0.25,0.5,20,5,0.05135831598715668,-0.06763639684243317,-0.07011804203494032,0.5056818181818182,-0.030611494718896126,0.011456629098547721,-0.03462631192860288,0.5833333333333334,-0.0367305776095026,-0.015117575786077309,-0.03765501167444596,0.5833333333333334,-0.009386172263181836,-0.022770633666074902,-0.020250704565413225,0.5555555555555556,-0.03325545272228082
0.5,0.5,0.0,0.25,0.5,20,3,-0.02820182878515387,-0.14719654161474371,-0.099359925358807,0.30795454545454537,-0.014343734097083671,0.027724389720360176,-0.02347241349175344,0.4166666666666667,-0.028317151482100233,-0.0067041496586749405,-0.025531780037343355,0.4166666666666667,-0.011056118246222213,-0.02444057964911528,-0.019388713370589006,0.3777777777777777,-0.06397905569271317
0.5,0.5,0.0,0.25,0.5,10,5,0.06735440913969581,-0.05164030368989403,-0.08833482692886996,1.0,-0.03781488705426006,0.0042532367631837875,-0.028444525404464627,1.0,-0.06977590968205882,-0.04816290785863353,-0.06503945933493582,1.0,-0.016437564032310115,-0.02982202543520318,-0.024210624510778933,1.0,-0.03387256746373187
0.5,0.5,0.0,0.25,0.5,10,3,0.03303702563833966,-0.08595768719125019,-0.08713561106266199,0.6045454545454544,0.0028340295123268078,0.044902153329770655,-0.0091352040111925,0.6666666666666666,-0.04806213381881963,-0.026449131995394337,-0.043215122777456205,0.6666666666666666,-0.014204429921750306,-0.027588891324643372,-0.023177907435561473,0.6444444444444444,-0.03556112440162558
0.5,0.5,0.0,0.5,0.0,20,5,0.08645648121318716,-0.03253823161640268,-0.0467068595289597,0.5056818181818182,-0.01090338931412127,0.031164734503322578,-0.028848825401025957,0.5833333333333334,-0.04184165942759821,-0.020228657604172917,-0.04290360087928369,0.5833333333333334,0.009249140184021787,-0.00413532121887128,-0.01043016075492964,0.5555555555555556,-0.010505617425007191
0.5,0.5,0.0,0.5,0.0,20,3,0.08481795388313085,-0.034176758946458996,-0.05610767681290896,0.30795454545454537,0.006120704980129732,0.04818882879757358,-0.0241992075846742,0.4166666666666667,-0.04394225810507002,-0.022329256281644727,-0.04500187143131473,0.4166666666666667,0.004177442107639262,-0.009207019295253804,-0.01376491338693031,0.3777777777777777,-0.008062775663047934
0.5,0.5,0.0,0.5,0.0,10,5,-0.003589172411042174,-0.12258388524063202,-0.08561722098349567,1.0,-0.0535247400883786,-0.01145661627093475,-0.037832354115742484,1.0,-0.06578569775946452,-0.04417269593603923,-0.0639959524622995,1.0,-0.0056576069819600505,-0.019042068384853117,-0.025976472705515397,1.0,-0.06750911707415194
0.5,0.5,0.0,0.5,0.0,10,3,0.06273231693262926,-0.05626239589696058,-0.037574724430560424,0.6045454545454544,-0.005633653651633819,0.03643447016581003,-0.023381413402918994,0.6666666666666666,-0.05976419033946989,-0.0381511885160446,-0.05796290918317604,0.6666666666666666,0.007361296693481956,-0.006023164709411111,-0.016298198159716226,0.6444444444444444,-0.022835613595998113
0.5,0.5,0.0,0.5,0.5,20,5,0.08890479419657549,-0.030089918633014356,-0.05333184792796131,0.5056818181818182,-0.003189398434793156,0.03887872538265069,-0.01938604072630401,0.5833333333333334,-0.042484615793866976,-0.020871613970441683,-0.04354584464723954,0.5833333333333334,-4.758486358458214e-05,-0.013432046266477649,-0.01027205132614395,0.5555555555555556,-0.008966331074731685
0.5,0.5,0.0,0.5,0.5,20,3,0.08330091208392676,-0.035693800745663085,-0.056632435077085375,0.30795454545454537,-0.006802658104143933,0.035265465713299915,-0.026918594428487763,0.4166666666666667,-0.03452776388466994,-0.012914762061244645,-0.035597811437947935,0.4166666666666667,-0.002072082814533416,-0.015456544217426482,-0.012576458861753737,0.3777777777777777,-0.011501539849024078
0.5,0.5,0.0,0.5,0.5,10,5,0.018083875013725326,-0.10091083781586452,-0.0805402919666297,1.0,-0.024836699574214416,0.017231424243229432,-0.032466708637621355,1.0,-0.05562532988849955,-0.03401232806507426,-0.05381611960287214,1.0,-0.019629653492465704,-0.03301411489535877,-0.02467623395911489,1.0,-0.05115598740039663
0.5,0.5,0.0,0.5,0.5,10,3,0.08617451460529058,-0.03282019822429927,-0.03757472443056031,0.6045454545454544,-0.00857820482946925,0.0334899189879746,-0.020904077131630894,0.6666666666666666,-0.05225224216953639,-0.030639240346111096,-0.05043656980356248,0.6666666666666666,-0.011596665468352696,-0.024981126871245762,-0.015742401806039696,0.6444444444444444,-0.01473966453654455
0.5,0.5,0.0,0.75,0.0,20,5,0.026614444719130104,-0.09238026811045974,-0.04600774461718815,0.5056818181818182,0.006779266695760011,0.04884739051320386,-0.019489661538600767,0.5833333333333334,-0.024546898079044643,-0.0029338962556193504,-0.026021270494744675,0.5833333333333334,0.0064383917959753845,-0.006946069606917682,-0.009926495812839331,0.5555555555555556,-0.030841267900786472
0.5,0.5,0.0,0.75,0.0,20,3,0.0494459890482144,-0.06954872378137544,-0.05101410930942851,0.30795454545454537,-0.01674428667859096,0.02532383713885289,-0.03144066220468378,0.4166666666666667,-0.01710077284269884,0.0045122289807264515,-0.01858639988625399,0.4166666666666667,0.003880651563359816,-0.00950380983953325,-0.00945095827292508,0.3777777777777777,-0.02571470354572675
0.5,0.5,0.0,0.75,0.0,10,5,-0.0012586748732567044,-0.12025338770284655,-0.0658968514532916,1.0,-0.012033352499753125,0.030034771317690723,-0.025766765195131325,1.0,-0.02435781549954963,-0.002744813676124336,-0.02484655379141798,1.0,0.005682201459919378,-0.007702259942973688,-0.012984392879131779,1.0,-0.048172392679722974
0.5,0.5,0.0,0.75,0.0,10,3,0.04289654760332584,-0.076098165226264,-0.050037527881701904,0.6045454545454544,-0.010004631498296002,0.032063492319147846,-0.022306099604368246,0.6666666666666666,-0.028193844741708052,-0.006580842918282759,-0.028680661412710418,0.6666666666666666,-0.012222212873833294,-0.02560667427672636,-0.017724410572351412,0.6444444444444444,-0.03105642885128321
0.5,0.5,0.0,0.75,0.5,20,5,0.027616593220274543,-0.0913781196093153,-0.04600774461718815,0.5056818181818182,0.006779266695760011,0.04884739051320386,-0.019489661538600767,0.5833333333333334,-0.018829057110660408,0.0027839447127648853,-0.020312071896746553,0.5833333333333334,0.002156302927480702,-0.011228158475412364,-0.009926495812839331,0.5555555555555556,-0.030174938260288043
0.5,0.5,0.0,0.75,0.5,20,3,0.0494459890482144,-0.06954872378137544,-0.05101410930942851,0.30795454545454537,-0.01674428667859096,0.02532383713885289,-0.03144066220468378,0.4166666666666667,-0.01710077284269884,0.0045122289807264515,-0.01858639988625399,0.4166666666666667,-0.0012253258820004165,-0.014609787284893483,-0.009450958272925192,0.3777777777777777,-0.026480600162530787
0.5,0.5,0.0,0.75,0.5,10,5,0.0009832056905674236,-0.11801150713902242,-0.0658968514532916,1.0,-0.012033352499753125,0.030034771317690723,-0.025766765195131325,1.0,-0.02435781549954963,-0.002744813676124336,-0.02484655379141798,1.0,-0.0070044621257094875,-0.020388923528602554,-0.012535724150771532,1.0,-0.04906654596384644
0.5,0.5,0.0,0.75,0.5,10,3,0.04289654760332584,-0.076098165226264,-0.050037527881701904,0.6045454545454544,-0.010004631498296002,0.032063492319147846,-0.022306099604368246,0.6666666666666666,-0.028193844741708052,-0.006580842918282759,-0.028680661412710418,0.6666666666666666,-0.012222212873833294,-0.02560667427672636,-0.017724410572351412,0.6444444444444444,-0.03105642885128321
0.5,0.5,0.25,0.0,0.0,20,5,0.0979464901754199,-0.021048222654169946,-0.13604235602915737,0.5056818181818182,-0.06281378437034968,-0.02074566055290583,-0.06122704265121548,0.5833333333333334,-0.025866270263524282,-0.0042532684400989895,-0.026967422116816575,0.5833333333333334,0.03129358844279273,0.017909127039899664,-0.01904487645951991,0.5555555555555556,-0.012609736542632834
0.5,0.5,0.25,0.0,0.0,20,3,0.04947549484465741,-0.06951921798493244,-0.14341920836942035,0.30795454545454537,-0.06264336434829243,-0.020575240530848582,-0.05854550541525583,0.4166666666666667,-0.01877761259729971,0.002835389226125584,-0.02501199397616949,0.4166666666666667,0.03374233352327738,0.020357872120384313,-0.017344852322795146,0.3777777777777777,-0.032948469023955256
0.5,0.5,0.25,0.0,0.0,10,5,0.058840577380867565,-0.06015413544872228,-0.1484107145278073,1.0,-0.06477239918540934,-0.022704275367965487,-0.05977101189316736,1.0,-0.04269107625682733,-0.02107807443340204,-0.03855481583639986,1.0,0.026459656642121576,0.01307519523922851,-0.025536736348874878,1.0,-0.03394586167304243
0.5,0.5,0.25,0.0,0.0,10,3,0.04710306034396372,-0.07189165248562612,-0.13569966968749336,0.6045454545454544,-0.07147782057198138,-0.02940969675453753,-0.0641046027201273,0.6666666666666666,-0.025701430443580198,-0.004088428620154905,-0.036695489220990085,0.6666666666666666,0.021203046930850178,0.007818585527957111,-0.03160384681238915,0.6444444444444444,-0.0391441442709958
0.5,0.5,0.25,0.0,0.5,20,5,0.02568582035313094,-0.0933088924764589,-0.09926318738607676,0.5056818181818182,-0.02455779343382114,0.017510330383622708,-0.023077242111872898,0.5833333333333334,-0.024416991577736358,-0.002803989754311065,-0.023401872689937098,0.5833333333333334,0.019254949910311625,0.005870488507418559,-0.015373321606561352,0.5555555555555556,-0.03715144420553471
0.5,0.5,0.25,0.0,0.5,20,3,0.04375226897202844,-0.0752424438575614,-0.09884398336792677,0.30795454545454537,-0.04930823782832139,-0.007240114010877541,-0.0409498063879028,0.4166666666666667,-0.01950114165410921,0.002111860169316082,-0.018480907699663707,0.4166666666666667,0.020734853896714034,0.0073503924938209675,-0.017635430364264626,0.3777777777777777,-0.034249790339151466
0.5,0.5,0.25,0.0,0.5,10,5,0.04292599986591217,-0.07606871296367768,-0.13114722363264408,1.0,0.005934223713305986,0.048002347530749834,-0.015594063754379772,1.0,-0.030836483543915327,-0.009223481720490034,-0.031535809249881974,1.0,0.015358255786342534,0.0019737943834494676,-0.02108764797224605,1.0,-0.023317787051523584
0.5,0.5,0.25,0.0,0.5,10,3,0.06089294855631944,-0.058101764273270406,-0.11128885400339561,0.6045454545454544,0.001971253457763389,0.04403937727520724,-0.021983056361651654,0.6666666666666666,-0.03430867826732331,-0.012695676443898019,-0.03181636947818978,0.6666666666666666,0.007994346049903012,-0.005390115352990055,-0.02124453372462498,0.6444444444444444,-0.017848818373703085
0.5,0.5,0.25,0.25,0.0,20,5,0.006579449732547538,-0.1124152630970423,-0.12051259452328322,0.5056818181818182,-0.06135623408949675,-0.019288110272052905,-0.05549434900031924,0.5833333333333334,-0.035797860107724344,-0.014184858284299051,-0.03355912838427666,0.5833333333333334,0.01077212966062624,-0.002612331742266827,-0.01753784343432263,0.5555555555555556,-0.05792847446566715
0.5,0.5,0.25,0.25,0.0,20,3,0.027932777984100543,-0.0910619348454893,-0.11804475199271658,0.30795454545454537,-0.045976740417390194,-0.003908616599946346,-0.04584760363862328,0.4166666666666667,-0.021962961353607646,-0.00034995953018235326,-0.023887796755404755,0.4166666666666667,0.01170934433351234,-0.0016751170693807271,-0.018616283660362054,0.3777777777777777,-0.042258786320391234
0.5,0.5,0.25,0.25,0.0,10,5,-0.018517969923311894,-0.13751268275290174,-0.13529229084699657,1.0,-0.048546394310833185,-0.006478270493389338,-0.04677967022581597,1.0,-0.04886588808042813,-0.02725288625700284,-0.04595655657477549,1.0,0.003975425414340483,-0.009409035988552583,-0.024521985320542283,1.0,-0.06899956319898642
0.5,0.5,0.25,0.25,0.0,10,3,0.08762017679752732,-0.03137453603206253,-0.10786882755217053,0.6045454545454544,-0.031171521069020436,0.010896602748423412,-0.04534491662802209,0.6666666666666666,-0.040335588043702075,-0.018722586220276782,-0.037400164034018246,0.6666666666666666,0.009898589712083572,-0.0034858716908094944,-0.023781450715642194,0.6444444444444444,-0.014725659213985226
0.5,0.5,0.25,0.25,0.5,20,5,0.025526436098133987,-0.09346827673145586,-0.06842824042046014,0.5056818181818182,-0.035035379541842215,0.007032744275601632,-0.027626515149152597,0.5833333333333334,-0.032570036299040095,-0.010957034475614802,-0.03133376379100827,0.5833333333333334,-0.00013556752310284192,-0.013520028925995908,-0.01880509160431154,0.5555555555555556,-0.04397409797049634
0.5,0.5,0.25,0.25,0.5,20,3,0.03435392160000905,-0.08464079122958079,-0.09280355929687623,0.30795454545454537,-0.028464210994415984,0.013603912823027864,-0.02360320250050718,0.4166666666666667,-0.023498910685418983,-0.0018859088619936903,-0.02225104624449925,0.4166666666666667,0.009375748224206282,-0.004008713178686785,-0.014730918579457408,0.3777777777777777,-0.035571571153656466
0.5,0.5,0.25,0.25,0.5,10,5,0.03136130037827267,-0.08763341245131717,-0.0906452405731194,1.0,-0.027359548268366396,0.014708575549077452,-0.02951274360603995,1.0,-0.0354451562332585,-0.013832154409833208,-0.03295428647498244,1.0,-0.007293513284731268,-0.020677974687624334,-0.024257910651558245,1.0,-0.040934411080442
0.5,0.5,0.25,0.25,0.5,10,3,0.052023999518275854,-0.06697071331131399,-0.10689519551128968,0.6045454545454544,-0.032167228374365364,0.009900895443078483,-0.027185023141394704,0.6666666666666666,-0.0385159008987378,-0.016902899075312505,-0.03603296104208631,0.6666666666666666,-0.006191304800453379,-0.019575766203346445,-0.027649388287255494,0.6444444444444444,-0.033133396921120516
0.5,0.5,0.25,0.5,0.0,20,5,0.06424753437119768,-0.054747178458392165,-0.04684300564745092,0.5056818181818182,-0.033373506809192155,0.008694617008251693,-0.028287005763222628,0.5833333333333334,-0.027739893316590325,-0.006126891493165032,-0.026280816076361235,0.5833333333333334,0.005225375109973118,-0.008159086292919948,-0.012187193276232744,0.5555555555555556,-0.0246054727221263
0.5,0.5,0.25,0.5,0.0,20,3,0.021704259684865557,-0.09729045314472429,-0.07245581790752198,0.30795454545454537,-0.0022704035894276497,0.0397977202280162,-0.017006851448183036,0.4166666666666667,-0.020912373576256194,0.0007006282471690994,-0.01944305023152082,0.4166666666666667,-0.004035384175955836,-0.017419845578848903,-0.01791191114875401,0.3777777777777777,-0.03633915645787385
0.5,0.5,0.25,0.5,0.0,10,5,-0.020489336701933647,-0.1394840495315235,-0.10767596839590055,1.0,-0.04816393064468416,-0.006095806827240313,-0.03431215061238879,1.0,-0.034080267795958075,-0.012467265972532782,-0.031993027755803705,1.0,-0.0019313460581376063,-0.015315807461030673,-0.022938978063744675,1.0,-0.06845923501103017
0.5,0.5,0.25,0.5,0.0,10,3,0.036517842049570204,-0.08247687078001964,-0.07256100087527995,0.6045454545454544,-0.058929606870106066,-0.01686148305266222,-0.05289081765592751,0.6666666666666666,-0.023275032120458894,-0.001662030297033601,-0.02116444322450084,0.6666666666666666,-0.009731786763852446,-0.023116248166745512,-0.02594839912409108,0.6444444444444444,-0.04504670438374126
0.5,0.5,0.25,0.5,0.5,20,5,0.0784466911927153,-0.04054802163687454,-0.04102914560676829,0.5056818181818182,-0.04264484165723281,-0.000576717839788965,-0.03252671744487212,0.5833333333333334,-0.02437057788665431,-0.002757576063229017,-0.022906444292240535,0.5833333333333334,7.237135107773796e-05,-0.013312090051815328,-0.011738607686221036,0.5555555555555556,-0.020801239113797436
0.5,0.5,0.25,0.5,0.5,20,3,0.061986849544320544,-0.0570078632852693,-0.052850703957535106,0.30795454545454537,-0.01464478316002571,0.027423340657418138,-0.02099631989057482,0.4166666666666667,-0.020912373576256194,0.0007006282471690994,-0.01944305023152082,0.4166666666666667,-0.00307074644801808,-0.016455207850911147,-0.012896652834876288,0.3777777777777777,-0.021160890254577958
0.5,0.5,0.25,0.5,0.5,10,5,0.02278298818339608,-0.09621172464619376,-0.05631416461768857,1.0,-0.05013588051544404,-0.008067756698000195,-0.031759257685124,1.0,-0.02436002748436472,-0.0027470256609394283,-0.022251783137018033,1.0,-0.010245170932373426,-0.023629632335266493,-0.023902254237835208,1.0,-0.04926871396471813
0.5,0.5,0.25,0.5,0.5,10,3,0.057167945642039086,-0.06182676718755076,-0.05313375441667956,0.6045454545454544,-0.058929606870106066,-0.01686148305266222,-0.05289081765592751,0.6666666666666666,-0.023275032120458894,-0.001662030297033601,-0.02116444322450084,0.6666666666666666,-0.019387718560272216,-0.03277217996316528,-0.0253282481417888,0.6444444444444444,-0.037202547536593224
0.5,0.5,0.25,0.75,0.0,20,5,0.029634055417372407,-0.08936065741221744,-0.043100894305521775,0.5056818181818182,-0.018497697394645685,0.023570426422798163,-0.014362660916149461,0.5833333333333334,-0.010577751505530308,0.011035250317894985,-0.012571422495717077,0.5833333333333334,-0.005220867341207414,-0.01860532874410048,-0.013386488609951286,0.5555555555555556,-0.035455200993729126
0.5,0.5,0.25,0.75,0.0,20,3,0.06322545926173984,-0.05576925356785001,-0.0453141415232976,0.30795454545454537,-0.022617932020587816,0.01945019179685603,-0.018210634193172703,0.4166666666666667,-0.011274638040171148,0.010338363783254145,-0.013266904814443259,0.4166666666666667,-0.000993550028943857,-0.014378011431836923,-0.010939232458107795,0.3777777777777777,-0.020839563303605913
0.5,0.5,0.25,0.75,0.0,10,5,-0.001586890509902017,-0.12058160333949186,-0.07511049758290511,1.0,-0.016274892072034697,0.02579323174540915,-0.01894345353623139,1.0,-0.02132017864825453,0.0002928231751707644,-0.019964108726722607,1.0,-0.013508904872296501,-0.026893366275189567,-0.02150800657760199,1.0,-0.05180349503142187
0.5,0.5,0.25,0.75,0.0,10,3,0.044242236060333395,-0.07475247676925645,-0.041642451881989895,0.6045454545454544,-0.03401071860819094,0.00805740520925291,-0.02936858874251691,0.6666666666666666,-0.022062034362845373,-0.00044903253942008003,-0.020706992365051913,0.6666666666666666,-0.01385157741596188,-0.027236038818854946,-0.018575639145999023,0.6444444444444444,-0.03577702394759343
0.5,0.5,0.25,0.75,0.5,20,5,0.040331310452835334,-0.07866340237675451,-0.043100894305521775,0.5056818181818182,-0.018497697394645685,0.023570426422798163,-0.014362660916149461,0.5833333333333334,-0.010577751505530308,0.011035250317894985,-0.012571422495717077,0.5833333333333334,-0.005220867341207414,-0.01860532874410048,-0.013386488609951286,0.5555555555555556,-0.030641436227770814
0.5,0.5,0.25,0.75,0.5,20,3,0.06832808900143328,-0.050666623828156565,-0.0453141415232976,0.30795454545454537,-0.022617932020587816,0.01945019179685603,-0.018210634193172703,0.4166666666666667,-0.011274638040171148,0.010338363783254145,-0.013266904814443259,0.4166666666666667,-0.000993550028943857,-0.014378011431836923,-0.010939232458107795,0.3777777777777777,-0.018543379920743865
0.5,0.5,0.25,0.75,0.5,10,5,0.0006090150360302804,-0.11838569779355956,-0.07511049758290511,1.0,-0.016274892072034697,0.02579323174540915,-0.01894345353623139,1.0,-0.02132017864825453,0.0002928231751707644,-0.019964108726722607,1.0,-0.013508904872296501,-0.026893366275189567,-0.02150800657760199,1.0,-0.05081533753575234
0.5,0.5,0.25,0.75,0.5,10,3,0.049060830211416384,-0.06993388261817346,-0.041642451881989895,0.6045454545454544,-0.03401071860819094,0.00805740520925291,-0.02936858874251691,0.6666666666666666,-0.022062034362845373,-0.00044903253942008003,-0.020706992365051913,0.6666666666666666,-0.01385157741596188,-0.027236038818854946,-0.018575639145999023,0.6444444444444444,-0.03360865657960608
0.5,0.5,0.5,0.0,0.0,20,5,0.13749811204892337,0.018503399219333527,-0.13196428032381924,0.5056818181818182,-0.058447816989222856,-0.01637969317177901,-0.05740745319885676,0.5833333333333334,-0.025329999268510872,-0.003716997445085579,-0.029572022046627566,0.5833333333333334,0.01799918885878271,0.0046147274558896445,-0.01632226714963758,0.5555555555555556,0.004366265857375945
0.5,0.5,0.5,0.0,0.0,20,3,0.050927569360498914,-0.06806714346909093,-0.13318761590744532,0.30795454545454537,-0.05799984564886895,-0.015931721831425105,-0.05637145820320788,0.4166666666666667,-0.01972687695989017,0.0018861248635351213,-0.022663586906136346,0.4166666666666667,0.018274113519432422,0.004889652116539356,-0.01772511597811821,0.3777777777777777,-0.033596778471936026
0.5,0.5,0.5,0.0,0.0,10,5,0.10687488474550766,-0.012119828084082185,-0.13968817392302935,1.0,-0.07395684645479383,-0.03188872263734999,-0.06752990610705367,1.0,-0.036440936902396026,-0.014827935078970733,-0.03771181150429237,1.0,-0.01395230889761423,-0.027336770300507296,-0.034967504520640014,1.0,-0.019750809104096184
0.5,0.5,0.5,0.0,0.0,10,3,0.021438012673566487,-0.09755670015602336,-0.14035754540253087,0.6045454545454544,-0.07884150462344641,-0.036773380806002565,-0.06917368805686275,0.6666666666666666,-0.02068353545342627,0.0009294663699990213,-0.026745654573437916,0.6666666666666666,0.004520016442572494,-0.008864444960320572,-0.029049963778597587,0.6444444444444444,-0.054284107060259386
0.5,0.5,0.5,0.0,0.5,20,5,0.05072974999867963,-0.06826496283091021,-0.09312305112861285,0.5056818181818182,-0.028604805332361094,0.013463318485082754,-0.0262975749894363,0.5833333333333334,-0.010343741214099533,0.01126926060932576,-0.01018401079673048,0.5833333333333334,0.025051053745787533,0.011666592342894466,-0.018401793599779004,0.5555555555555556,-0.023913025709805875
0.5,0.5,0.5,0.0,0.5,20,3,0.057914439518607974,-0.06108027331098187,-0.09083507927147294,0.30795454545454537,-0.016080562157712253,0.025987561659731595,-0.02079630962616119,0.4166666666666667,-0.0035461625198421887,0.018066839303583104,-0.0057109031246602715,0.4166666666666667,0.025594691755384202,0.012210230352491136,-0.015056309640236076,0.3777777777777777,-0.01644767212659781
0.5,0.5,0.5,0.0,0.5,10,5,0.014482884457431178,-0.10451182837215867,-0.12358563265159006,1.0,-0.032309013474323245,0.009759110343120603,-0.03346698229842082,1.0,-0.02747179289635482,-0.005858791072929526,-0.025318215202662975,1.0,0.009504909898473857,-0.0038795515044192097,-0.025474948764926286,1.0,-0.046051296568293563
0.5,0.5,0.5,0.0,0.5,10,3,0.05194033542376686,-0.06705437740582298,-0.10377114891058303,0.6045454545454544,-0.027759544267745184,0.014308579549698663,-0.026441185017244906,0.6666666666666666,-0.025152991627499177,-0.003539989804073884,-0.0229942791534975,0.6666666666666666,0.01397546469401778,0.0005910032911247143,-0.022689691506488807,0.6444444444444444,-0.027039672922138054
0.5,0.5,0.5,0.25,0.0,20,5,0.049526070959815316,-0.06946864186977453,-0.1119167928524627,0.5056818181818182,-0.05618208650620016,-0.01411396268875631,-0.04508256819879253,0.5833333333333334,-0.017650779868127908,0.003962221955297385,-0.020713955818135843,0.5833333333333334,0.00653737744945504,-0.006847083953438027,-0.021707185534382445,0.5555555555555556,-0.035222108813308714
0.5,0.5,0.5,0.25,0.0,20,3,0.0061100167376397785,-0.11288469609195007,-0.10227529308684535,0.30795454545454537,-0.059673358203372606,-0.01760523438592876,-0.04639225944636416,0.4166666666666667,-0.013629389696323324,0.007983612127101969,-0.013557342912469128,0.4166666666666667,0.007311898115835547,-0.00607256328705752,-0.017565125712121654,0.3777777777777777,-0.05491276451185305
0.5,0.5,0.5,0.25,0.0,10,5,0.006409718187459834,-0.11258499464213001,-0.15059027327322383,1.0,-0.04080731327017939,0.001260810547264457,-0.03632380574367777,1.0,-0.019422131264597797,0.0021908705588274957,-0.02728088337154555,1.0,-0.0047035178704912806,-0.018087979273384347,-0.024692185203014416,1.0,-0.05273261125932592
0.5,0.5,0.5,0.25,0.0,10,3,0.0108337258403286,-0.10816098698926124,-0.10602959999154071,0.6045454545454544,-0.07870415121368535,-0.0366360273962415,-0.06093822042563557,0.6666666666666666,-0.013037731088980875,0.008575270734444418,-0.020183776395121367,0.6666666666666666,-0.002320815713646729,-0.015705277116539795,-0.026588756190439433,0.6444444444444444,-0.05890095195154224
0.5,0.5,0.5,0.25,0.5,20,5,0.02737146461454598,-0.09162324821504386,-0.07818068114725829,0.5056818181818182,-0.02916988023620304,0.01289824358124081,-0.021511998815303524,0.5833333333333334,-0.02720357412170893,-0.005590572298283636,-0.024806266325470006,0.5833333333333334,-0.006861093455860945,-0.02024555485875401,-0.021768220030564334,0.5555555555555556,-0.041881319875015185
0.5,0.5,0.5,0.25,0.5,20,3,0.021063347349152606,-0.09793136548043724,-0.0852655682649589,0.30795454545454537,-0.026954327782825582,0.015113796034618265,-0.022298872087099797,0.4166666666666667,-0.018079848905657392,0.003533152917767901,-0.015660057086030466,0.4166666666666667,0.0003320994833915236,-0.013052361919501543,-0.01940485746449727,0.3777777777777777,-0.041718546807802244
0.5,0.5,0.5,0.25,0.5,10,5,0.03575520220087203,-0.08323951062871782,-0.09492294889895836,1.0,-0.020625579160490237,0.02144254465695361,-0.011456771250069164,1.0,-0.02773914656698706,-0.006126144743561768,-0.02540224284600312,1.0,-0.0099044636041008,-0.023288925006993866,-0.024995781486702673,1.0,-0.03650940408126797
0.5,0.5,0.5,0.25,0.5,10,3,0.06826264244976965,-0.05073207037982019,-0.07698992337145438,0.6045454545454544,-0.05675218464997467,-0.01468406083253082,-0.04129972549962424,0.6666666666666666,-0.02595162712941912,-0.004338625305993826,-0.02361042696801985,0.6666666666666666,-0.006461229202956442,-0.01984569060584951,-0.028389070616376633,0.6444444444444444,-0.03012809426582829
0.5,0.5,0.5,0.5,0.0,20,5,0.053403172700272394,-0.06559154012931745,-0.06358023762265463,0.5056818181818182,-0.044454433020034934,-0.002386309202591086,-0.029919984606951888,0.5833333333333334,-0.018782282956108065,0.002830718867317228,-0.016726925912963653,0.5833333333333334,-0.0112515348208434,-0.024635996223736467,-0.020701279463256395,0.5555555555555556,-0.03338356196230351
0.5,0.5,0.5,0.5,0.0,20,3,0.04865984357478226,-0.07033486925480759,-0.0630531446534991,0.30795454545454537,-0.05502260437554318,-0.012954480558099335,-0.04064890448842806,0.4166666666666667,-0.01757437920199789,0.004038622621427401,-0.015516491962501155,0.4166666666666667,-0.004318123431583998,-0.017702584834477064,-0.012047337315659101,0.3777777777777777,-0.0369389056361457
0.5,0.5,0.5,0.5,0.0,10,5,-0.01743767901392146,-0.1364323918435113,-0.11401355932136237,1.0,-0.047990071355238584,-0.005921947537794736,-0.028385295932462973,1.0,-0.0242754312487089,-0.002662429425283608,-0.020727745312619894,1.0,-0.02692821286600522,-0.040312674268898285,-0.03144416873232625,1.0,-0.06932132876815605
0.5,0.5,0.5,0.5,0.0,10,3,0.09326523723016744,-0.025729475599422402,-0.04995137340493638,0.6045454545454544,-0.07514316431766221,-0.03307504050021837,-0.05609755353544865,0.6666666666666666,-0.02031799220592101,0.0012950096175042836,-0.016772952713058897,0.6666666666666666,-0.020659645758181466,-0.03404410716107453,-0.02536509413314192,0.6444444444444444,-0.02475938877633021
0.5,0.5,0.5,0.5,0.5,20,5,0.02426441335012952,-0.09473029947946032,-0.05409762452616185,0.5056818181818182,-0.0413025022304393,0.0007656215870045502,-0.028685570904284696,0.5833333333333334,-0.023750053445991126,-0.002137051622565833,-0.022663664678812978,0.5833333333333334,-0.011781960605950048,-0.025166422008843115,-0.02094352112915887,0.5555555555555556,-0.04653275041371735
0.5,0.5,0.5,0.5,0.5,20,3,0.07134101468781417,-0.04765369814177567,-0.045495973036780324,0.30795454545454537,-0.05136643494682791,-0.009298311129384063,-0.03888194993272598,0.4166666666666667,-0.01984852534529291,0.0017644764781323818,-0.018757794886401058,0.4166666666666667,-0.004893275110315454,-0.01827773651320852,-0.012332419472114275,0.3777777777777777,-0.026245730951406487
0.5,0.5,0.5,0.5,0.5,10,5,0.06537274342219401,-0.05362196940739583,-0.07760345708400962,1.0,-0.04118918417307471,0.0008789396443691366,-0.02324521250178979,1.0,-0.01988938954370223,0.0017236122797230635,-0.017373880964555943,1.0,-0.028443854570395666,-0.04182831597328873,-0.03295277645306127,1.0,-0.02992585687627069
0.5,0.5,0.5,0.5,0.5,10,3,0.08655425420075846,-0.03244045862883138,-0.0432746121805202,0.6045454545454544,-0.07277435504084695,-0.030706231223403102,-0.05542149415171904,0.6666666666666666,-0.02226244469998684,-0.0006494428765615456,-0.01975302669933321,0.6666666666666666,-0.021226848663465803,-0.03461131006635887,-0.02592957179180755,0.6444444444444444,-0.02756387713026296
0.5,0.5,0.5,0.75,0.0,20,5,0.07833474138772245,-0.04065997144186739,-0.041160374864339544,0.5056818181818182,-0.02116557339887526,0.02090255041856859,-0.012457304131706315,0.5833333333333334,-0.014259365543456193,0.0073536362799691,-0.015207043186436175,0.5833333333333334,-0.009519369365518449,-0.022903830768411515,-0.015813230573372583,0.5555555555555556,-0.015403878717464542
0.5,0.5,0.5,0.75,0.0,20,3,0.06460308505277235,-0.0543916277768175,-0.04140645471353621,0.30795454545454537,-0.04333781606273768,-0.0012696922452938297,-0.034826803710657495,0.4166666666666667,-0.015506045354737985,0.006106956468687308,-0.016452524456698425,0.4166666666666667,-0.004200643096081924,-0.01758510449897499,-0.01124497785332812,0.3777777777777777,-0.026515377765434483
0.5,0.5,0.5,0.75,0.0,10,5,0.015452417778234917,-0.10354229505135493,-0.07004232549047507,1.0,-0.039661255151520525,0.002406868665923323,-0.03093277382135573,1.0,-0.021089473048678697,0.0005235287747465955,-0.019733083458837064,1.0,-0.023445153989901102,-0.03682961539279417,-0.026506238824318573,1.0,-0.05143822859933602
0.5,0.5,0.5,0.75,0.0,10,3,0.005668685624989456,-0.11332602720460039,-0.06592632948375332,0.6045454545454544,-0.04112709082321142,0.0009410329942324269,-0.032411932416194444,0.6666666666666666,-0.0207188004584985,0.0008942013649267944,-0.019361897260488647,0.6666666666666666,-0.02430595200960528,-0.03769041341249835,-0.02736433860769294,0.6444444444444444,-0.0562808858006478
0.5,0.5,0.5,0.75,0.5,20,5,0.0852912390920686,-0.03370347373752125,-0.045689554012813494,0.5056818181818182,-0.02116557339887526,0.02090255041856859,-0.012457304131706315,0.5833333333333334,-0.014259365543456193,0.0073536362799691,-0.015207043186436175,0.5833333333333334,-0.00908652892382622,-0.022470990326719287,-0.01538314055160861,0.5555555555555556,-0.012208528684254944
0.5,0.5,0.5,0.75,0.5,20,3,0.06672655737752353,-0.05226815545206631,-0.04140645471353621,0.30795454545454537,-0.04333781606273768,-0.0012696922452938297,-0.034826803710657495,0.4166666666666667,-0.015506045354737985,0.006106956468687308,-0.016452524456698425,0.4166666666666667,-0.004200643096081924,-0.01758510449897499,-0.01124497785332812,0.3777777777777777,-0.02555981521929645
0.5,0.5,0.5,0.75,0.5,10,5,0.022222763578535698,-0.09677194925105415,-0.06308480153902585,1.0,-0.039661255151520525,0.002406868665923323,-0.03093277382135573,1.0,-0.021089473048678697,0.0005235287747465955,-0.019733083458837064,1.0,-0.023445153989901102,-0.03682961539279417,-0.026506238824318573,1.0,-0.048391572989200674
0.5,0.5,0.5,0.75,0.5,10,3,0.005959955557338414,-0.11303475727225143,-0.0648921037697544,0.6045454545454544,-0.04112709082321142,0.0009410329942324269,-0.032411932416194444,0.6666666666666666,-0.0207188004584985,0.0008942013649267944,-0.019361897260488647,0.6666666666666666,-0.02430595200960528,-0.03769041341249835,-0.02736433860769294,0.6444444444444444,-0.05614981433109077
0.5,1.0,0.0,0.0,0.0,20,5,0.060574552717165275,-0.05842016011242457,-0.1177177633101032,0.5056818181818182,-0.07746784963303832,-0.035399725815594474,-0.05814075277227693,0.5833333333333334,-0.04419538113033239,-0.022582379306907097,-0.031874698422993286,0.5833333333333334,-0.006426517831372602,-0.01981097923426567,-0.048869405238595065,0.5555555555555556,-0.04149800728566559
0.5,1.0,0.0,0.0,0.0,20,3,0.018671224525035335,-0.10032348830455451,-0.1365500151797303,0.30795454545454537,-0.07169479068918061,-0.029626666871736762,-0.05759948462109388,0.4166666666666667,-0.02752471759258468,-0.005911715769159387,-0.02513280554716324,0.4166666666666667,-0.00554570687603273,-0.018930168278925796,-0.0496817404016906,0.3777777777777777,-0.0562785190621965
0.5,1.0,0.0,0.0,0.0,10,5,0.08883203748837332,-0.030162675341216527,-0.10201439328184714,1.0,-0.07113085127831631,-0.02906272746087246,-0.06348281522865018,1.0,-0.05391498095834524,-0.032301979134919945,-0.04165626797480626,1.0,-0.0051722096512993865,-0.018556671054192453,-0.04795398843672716,1.0,-0.028467683297132413
0.5,1.0,0.0,0.0,0.0,10,3,0.019251568691188936,-0.09974314413840091,-0.13716302827024984,0.6045454545454544,-0.06286578309284407,-0.020797659275400227,-0.06287353962773279,0.6666666666666666,-0.029549441596248505,-0.007936439772823212,-0.02810170486678154,0.6666666666666666,-0.009660365187916686,-0.023044826590809753,-0.07375624525600166,0.6444444444444444,-0.054731019635675414
0.5,1.0,0.0,0.0,0.5,20,5,0.017112518920675113,-0.10188219390891473,-0.1019926765725907,0.5056818181818182,-0.016771794486655667,0.02529632933078818,-0.02029576213316464,0.5833333333333334,-0.044703863900537266,-0.023090862077111973,-0.032595016689130785,0.5833333333333334,-0.01734519354009645,-0.030729654942989515,-0.029722654449988894,0.5555555555555556,-0.04759598247932981
0.5,1.0,0.0,0.0,0.5,20,3,-0.015824773211773002,-0.13481948604136285,-0.11216822695458062,0.30795454545454537,-0.011240127688460388,0.03082799612898346,-0.024567015504241008,0.4166666666666667,-0.053085654136717064,-0.03147265231329177,-0.04112030438486025,0.4166666666666667,-0.019048561600728986,-0.03243302300362205,-0.0395539976901802,0.3777777777777777,-0.0625476209839045
0.5,1.0,0.0,0.0,0.5,10,5,0.0971651693568254,-0.021829543472764446,-0.12533844723550625,1.0,-0.02673687441862671,0.015331249398817137,-0.024615205889322422,1.0,-0.04519185755868971,-0.023578855735264415,-0.04438241891348349,1.0,-0.07909276827997547,-0.09247722968286853,-0.08296495617338706,1.0,-0.023398895025759658
0.5,1.0,0.0,0.0,0.5,10,3,-0.03928567507210057,-0.1582803879016904,-0.14147926147044643,0.6045454545454544,-0.027683447791606475,0.014384676025837373,-0.03422368073825377,0.6666666666666666,-0.0623179587265672,-0.04070495690314191,-0.06467355046841095,0.6666666666666666,-0.03673053809075766,-0.050114999493650725,-0.06321846861785696,0.6444444444444444,-0.08125299900882024
0.5,1.0,0.0,0.25,0.0,20,5,0.0789570841551952,-0.04003762867439464,-0.09533577569576135,0.5056818181818182,-0.054736579263174656,-0.012668455445730809,-0.0445007006209337,0.5833333333333334,-0.03848580022791381,-0.01687279840448852,-0.0415262199708355,0.5833333333333334,-0.006389360200930505,-0.01977382160382357,-0.03693370389478112,0.5555555555555556,-0.026681039766157107
0.5,1.0,0.0,0.25,0.0,20,3,0.0225193462306712,-0.09647536659891864,-0.10009396773785906,0.30795454545454537,-0.05073084298542285,-0.008662719167979005,-0.03709813824285313,0.4166666666666667,-0.025928673641068767,-0.004315671817643474,-0.032486262927659215,0.4166666666666667,-0.006092257500544096,-0.019476718903437162,-0.045509815580709545,0.3777777777777777,-0.04914845336967024
0.5,1.0,0.0,0.25,0.0,10,5,0.0903283915078783,-0.02866632132171154,-0.12467146528984197,1.0,-0.0645651789823376,-0.022497055164893753,-0.05425491124353077,1.0,-0.05924705387311591,-0.037634052049690614,-0.05734704725007611,1.0,0.014522352132817273,0.001137890729924207,-0.02262723361534269,1.0,-0.023998532583958593
0.5,1.0,0.0,0.25,0.0,10,3,0.08772844742725794,-0.031266265402331905,-0.1378425694731793,0.6045454545454544,-0.03402586427913823,0.008042259538305618,-0.027509312360021965,0.6666666666666666,0.005170677543455016,0.02678367936688031,-0.027692543435329786,0.6666666666666666,-0.0040731123646415845,-0.01745757376753465,-0.06582802876924898,0.6444444444444444,-0.010660338706571106
0.5,1.0,0.0,0.25,0.5,20,5,-0.02704074202993756,-0.1460354548595274,-0.09156372565069748,0.5056818181818182,-0.007017452012454406,0.03505067180498944,-0.011649434202909426,0.5833333333333334,-0.036491148606913604,-0.01487814678348831,-0.033511504082871735,0.5833333333333334,-0.0325443573369788,-0.04592881873987187,-0.034190347338514004,0.5555555555555556,-0.06607433156404399
0.5,1.0,0.0,0.25,0.5,20,3,-0.049924424326006855,-0.1689191371555967,-0.13163747690759886,0.30795454545454537,-0.005842200729200719,0.03622592308824313,-0.0255543046778145,0.4166666666666667,-0.03890996404428959,-0.017296962220864298,-0.03980419478528263,0.4166666666666667,-0.009625390788459698,-0.023009852191352764,-0.0279545536826028,0.3777777777777777,-0.07300315310979029
0.5,1.0,0.0,0.25,0.5,10,5,0.06296445474618717,-0.05603025808340267,-0.1106611998394561,1.0,-0.038439507909066695,0.003628615908377153,-0.033270481198223956,1.0,-0.035277180871501,-0.013664179048075709,-0.051260912244693646,1.0,-0.05017282197708761,-0.06355728337998068,-0.054321425948231306,1.0,-0.035889681524645375
0.5,1.0,0.0,0.25,0.5,10,3,0.03289378318626901,-0.08610092964332083,-0.11548957340479404,0.6045454545454544,-0.0057247497813414094,0.03634337403610244,-0.0036773126396588696,0.6666666666666666,-0.05105052681169753,-0.029437524988272235,-0.060405646877825125,0.6666666666666666,-0.031418496372796145,-0.04480295777568921,-0.05869251545338883,0.6444444444444444,-0.04079564724506298
0.5,1.0,0.0,0.5,0.0,20,5,0.08000554457152531,-0.03898916825806453,-0.06738714512863786,0.5056818181818182,-0.032519392045980644,0.009548731771463204,-0.0354991568871077,0.5833333333333334,-0.02510762389614385,-0.003494622072718556,-0.03280415059989095,0.5833333333333334,-0.005591681451162955,-0.018976142854056022,-0.024995270520125068,0.5555555555555556,-0.01852855751227943
0.5,1.0,0.0,0.5,0.0,20,3,0.05823967314071088,-0.060755039688878965,-0.06254804379748624,0.30795454545454537,-0.03591957198313378,0.006148551834310068,-0.046586129801033604,0.4166666666666667,-0.02005220401955865,0.0015607978038666426,-0.03313859224571514,0.4166666666666667,-0.011997311256780385,-0.02538177265967345,-0.041376437427256385,0.3777777777777777,-0.02937577612978904
0.5,1.0,0.0,0.5,0.0,10,5,0.06336699504725685,-0.055627717782333,-0.09958375261545327,1.0,-0.03573127629537698,0.0063368475220668685,-0.04031122765812323,1.0,-0.031388936018060476,-0.009775934194635183,-0.04248671889121336,1.0,-0.021033124928597324,-0.03441758633149039,-0.026138702916016165,1.0,-0.030077289200451968
0.5,1.0,0.0,0.5,0.0,10,3,0.04318118455646491,-0.07581352827312493,-0.10765479383604537,0.6045454545454544,-0.0004579989016514352,0.04161012491579241,-0.032280822608803494,0.6666666666666666,-0.033401945706586944,-0.011788943883161651,-0.04762924309462713,0.6666666666666666,-0.006348125675256,-0.019732587078149066,-0.04249420592275854,0.6444444444444444,-0.028441786138154724
0.5,1.0,0.0,0.5,0.5,20,5,0.11491941773074998,-0.0040752950988398595,-0.06104346826039919,0.5056818181818182,-0.016892620325286378,0.02517550349215747,-0.02622003449805277,0.5833333333333334,-0.036656485243501735,-0.015043483420076442,-0.0387069513303272,0.5833333333333334,-0.02318885408678828,-0.036573315489681346,-0.02872082258971742,0.5555555555555556,-0.0032825267579022375
0.5,1.0,0.0,0.5,0.5,20,3,0.0712803915386877,-0.04771432129090214,-0.05501205620925553,0.30795454545454537,-0.009205537657332119,0.03286258616011173,-0.02783563244347209,0.4166666666666667,-0.035363289926140906,-0.013750288102715613,-0.03911997858416749,0.4166666666666667,-0.016402398429824272,-0.02978685983271734,-0.03169228114634304,0.3777777777777777,-0.019786370231192976
0.5,1.0,0.0,0.5,0.5,10,5,0.04637965845466807,-0.07261505437492177,-0.08722167986755414,1.0,-0.03265176899362876,0.009416354823815087,-0.029520440669993153,1.0,-0.043496014295494434,-0.02188301247206914,-0.045834119769298076,1.0,-0.04959352177894749,-0.06297798318184056,-0.05215276480902076,1.0,-0.04305183511084749
0.5,1.0,0.0,0.5,0.5,10,3,0.041926807021244406,-0.07706790580834544,-0.08100749166992482,0.6045454545454544,0.011906046725130848,0.053974170542574695,-0.008975909161865747,0.6666666666666666,-0.04502134062840368,-0.02340833880497839,-0.0566630482302658,0.6666666666666666,0.009220285962484809,-0.004164175440408258,-0.01694718429527231,0.6444444444444444,-0.025322892114919775
0.5,1.0,0.0,0.75,0.0,20,5,0.09727027793161391,-0.02172443489797593,-0.052153433662877835,0.5056818181818182,-0.02337918119670024,0.01868894262074361,-0.03641713166341065,0.5833333333333334,-0.030685736167099464,-0.009072734343674171,-0.0387359506417323,0.5833333333333334,-0.008478897293352161,-0.021863358696245228,-0.013529030935747866,0.5555555555555556,-0.009744174004891177
0.5,1.0,0.0,0.75,0.0,20,3,0.09129638902968629,-0.027698323799903557,-0.042038955024020996,0.30795454545454537,-0.0068512084717005095,0.03521691534574334,-0.036223664473075456,0.4166666666666667,-0.03355117817040543,-0.011938176346980134,-0.04471233715945844,0.4166666666666667,-0.0018662346267176444,-0.01525069602961071,-0.017225197984479856,0.3777777777777777,-0.007738347730009393
0.5,1.0,0.0,0.75,0.0,10,5,-0.004390691769956656,-0.1233854045995465,-0.07926016640286637,1.0,-0.04634140960190347,-0.004273285784459624,-0.04228535880442552,1.0,-0.044156928871567525,-0.02254392704814223,-0.050922891794380254,1.0,-0.0027261613065153734,-0.01611062270940844,-0.01913600923419001,1.0,-0.06238993597954343
0.5,1.0,0.0,0.75,0.0,10,3,0.03864121554018185,-0.080353497289408,-0.04985705159853149,0.6045454545454544,0.0037490193607738753,0.04581714317821772,-0.02020064402743682,0.6666666666666666,-0.06460139017975008,-0.04298838835632479,-0.06984582520029436,0.6666666666666666,0.0016636803343272888,-0.011720781068565778,-0.016849733959436453,0.6444444444444444,-0.03291116339941275
0.5,1.0,0.0,0.75,0.5,20,5,0.08699199721830353,-0.032002715611286314,-0.04761269389332079,0.5056818181818182,-0.01328234461565081,0.028785779201793038,-0.021530591200849103,0.5833333333333334,-0.0210699076161176,0.0005430942073076928,-0.031115790698668877,0.5833333333333334,-0.016277096028487037,-0.029661557431380103,-0.0212875109541808,0.5555555555555556,-0.011572546708241444
0.5,1.0,0.0,0.75,0.5,20,3,0.08854634079980683,-0.03044837202978301,-0.042038955024020996,0.30795454545454537,-0.017278149263637355,0.024789974553806493,-0.029806723846115157,0.4166666666666667,-0.023316823397852793,-0.0017038215744274998,-0.0341134563837866,0.4166666666666667,-0.010056301207916452,-0.023440762610809518,-0.015098400628393072,0.3777777777777777,-0.011275961402736285
0.5,1.0,0.0,0.75,0.5,10,5,-0.0006553671219386992,-0.11965007995152854,-0.07476455189041153,1.0,-0.04718313999409274,-0.00511501617664889,-0.041143581556501996,1.0,-0.018805569998328275,0.0028074318250970176,-0.030019979946202424,1.0,-0.04170613927829181,-0.055090600681184876,-0.050618166076426774,1.0,-0.06296376535076324
0.5,1.0,0.0,0.75,0.5,10,3,0.03566890448675175,-0.08332580834283809,-0.0500294840318426,0.6045454545454544,0.009280177831551217,0.051348301648995065,-0.02020064402743682,0.6666666666666666,-0.04579844045597703,-0.024185438632551737,-0.05752084963773263,0.6666666666666666,-0.008530717757465722,-0.02191517916035879,-0.027013825006667713,0.6444444444444444,-0.03157463101096496
0.5,1.0,0.25,0.0,0.0,20,5,0.017946090147773264,-0.10104862268181658,-0.13174631126268,0.5056818181818182,-0.08031474918078174,-0.038246625363337894,-0.06417768570531512,0.5833333333333334,-0.021746653158214113,-0.00013365133478882019,-0.0200924580796753,0.5833333333333334,0.0072762760876656785,-0.006108185315227388,-0.03670837226972379,0.5555555555555556,-0.05596981204515437
0.5,1.0,0.25,0.0,0.0,20,3,0.04076686610571478,-0.07822784672387506,-0.13439507030297582,0.30795454545454537,-0.07056974682026007,-0.028501623002816223,-0.05708006484493333,0.4166666666666667,-0.019050081527960505,0.002562920295464788,-0.016730513397861024,0.4166666666666667,0.013260169707449032,-0.0001242916954440343,-0.03911924497205521,0.3777777777777777,-0.041962142486444726
0.5,1.0,0.25,0.0,0.0,10,5,-0.04808601166232174,-0.16708072449191158,-0.16619626823885936,1.0,-0.08493234085851586,-0.04286421704107202,-0.05910047136586327,1.0,-0.03646895660864058,-0.014855954785215286,-0.029647550356520114,1.0,0.04390986192725732,0.030525400524364255,-0.030088779402334342,1.0,-0.08355196342075587
0.5,1.0,0.25,0.0,0.0,10,3,0.002148760110269432,-0.11684595271932041,-0.1392270040717457,0.6045454545454544,-0.06356655652639742,-0.021498432708953574,-0.05667822646576315,0.6666666666666666,-0.012785767354463351,0.008827234468961942,-0.018968543108105695,0.6666666666666666,0.04372903755572799,0.030344576152834923,-0.031948094465862886,0.6444444444444444,-0.052079515307663055
0.5,1.0,0.25,0.0,0.5,20,5,0.018125797367118057,-0.10086891546247179,-0.10446300053529611,0.5056818181818182,-0.01916896504289667,0.02289915877454718,-0.015776774594187692,0.5833333333333334,-0.02630151137999437,-0.004688509556569076,-0.028411550355470827,0.5833333333333334,-0.0022732039374515622,-0.01565766534034463,-0.023607519756713935,0.5555555555555556,-0.042718148499012565
0.5,1.0,0.25,0.0,0.5,20,3,-0.010356435070627334,-0.12935114790021718,-0.11431361763925152,0.30795454545454537,-0.02617777736554705,0.015890346451896797,-0.02015412664984506,0.4166666666666667,-0.029822035671381086,-0.008209033847955793,-0.028981684730662982,0.4166666666666667,-0.009021880839783836,-0.022406342242676902,-0.03489336479221805,0.3777777777777777,-0.05882773635571843
0.5,1.0,0.25,0.0,0.5,10,5,0.06911156165357935,-0.0498831511760105,-0.12955905259908473,1.0,-0.04667832490509183,-0.00461020108764798,-0.029217570443143326,1.0,-0.06891905856773084,-0.04730605674430555,-0.05158023154290181,1.0,-0.027413896109699465,-0.04079835751259253,-0.03604150617016588,1.0,-0.03681563043965143
0.5,1.0,0.25,0.0,0.5,10,3,0.04706006753030101,-0.07193464529928884,-0.10975880518062331,0.6045454545454544,-0.04210401899238869,-3.58951749448444e-05,-0.024823663826584852,0.6666666666666666,-0.054310597045873044,-0.03269759522244775,-0.03950067636827026,0.6666666666666666,-0.014711118796902567,-0.028095580199795633,-0.0403364937001337,0.6444444444444444,-0.0414985404917527
0.5,1.0,0.25,0.25,0.0,20,5,0.010524779591883915,-0.10846993323770593,-0.1108517683395398,0.5056818181818182,-0.08085356969326563,-0.03878544587582178,-0.06224397458077979,0.5833333333333334,-0.02275132124946755,-0.0011383194260422558,-0.031184983949401834,0.5833333333333334,0.00954170116761821,-0.0038427602352748558,-0.02254585816802579,0.5555555555555556,-0.059254993375120676
0.5,1.0,0.25,0.25,0.0,20,3,0.027591938836259322,-0.09140277399333052,-0.10800756251999066,0.30795454545454537,-0.0632432030352642,-0.02117507921782036,-0.05071575178555865,0.4166666666666667,-0.0001996458620181496,0.021413355961407143,-0.015642972953780476,0.4166666666666667,0.01017652579662176,-0.003207935606271306,-0.03355335312988106,0.3777777777777777,-0.04369420504818345
0.5,1.0,0.25,0.25,0.0,10,5,-0.020236906379983655,-0.1392316192095735,-0.16576417876654137,1.0,-0.06431985511081462,-0.02225173129337077,-0.054006885167922625,1.0,-0.047980972977292646,-0.026367971153867353,-0.05187847799578926,1.0,0.04019147472655504,0.026807013323661977,-0.02678840027918128,1.0,-0.06815130514218157
0.5,1.0,0.25,0.25,0.0,10,3,0.04331083060754182,-0.07568388222204803,-0.11504152514429877,0.6045454545454544,-0.030684770614349044,0.011383353203094804,-0.023561417812095975,0.6666666666666666,-0.02154241449140426,7.058733202103262e-05,-0.020188497514878834,0.6666666666666666,0.02127949064296386,0.007895029240070794,-0.022216439099690177,0.6444444444444444,-0.030017066213334137
0.5,1.0,0.25,0.25,0.5,20,5,0.00015000530995235017,-0.1188447075196375,-0.09244766607676713,0.5056818181818182,-0.032713807286253394,0.009354316531190454,-0.03405056149964958,0.5833333333333334,-0.026982516579583504,-0.005369514756158211,-0.028008644140930405,0.5833333333333334,0.0016427695364737982,-0.011741691866419268,-0.01135343016738688,0.5555555555555556,-0.05370822024442588
0.5,1.0,0.25,0.25,0.5,20,3,0.012864308108788025,-0.10613040472080182,-0.09000557843909285,0.30795454545454537,-0.027738026608422173,0.014330097209021675,-0.03768786984835659,0.4166666666666667,-0.03063740558065553,-0.009024403757230237,-0.034491818943489294,0.4166666666666667,-0.006037347970795803,-0.01942180937368887,-0.02466365622480371,0.3777777777777777,-0.04844308979174326
0.5,1.0,0.25,0.25,0.5,10,5,0.06151116760412356,-0.05748354522546628,-0.10014190004897794,1.0,-0.04861093713561826,-0.006542813318174412,-0.02392653207008999,1.0,-0.01425139894957772,0.0073616028738475725,-0.03899834541502856,1.0,-0.0332116120956466,-0.04659607349853967,-0.04135221071634454,1.0,-0.03338846927470725
0.5,1.0,0.25,0.25,0.5,10,3,0.11295646730450604,-0.006038245525083807,-0.07366912631792943,0.6045454545454544,-0.028363960291082457,0.01370416352636139,-0.01181600994944576,0.6666666666666666,-0.04224840949291919,-0.0206354076694939,-0.058983717218794474,0.6666666666666666,0.008605083865364405,-0.004779377537528662,-0.01995544738859012,0.6444444444444444,-0.00310338738575075
0.5,1.0,0.25,0.5,0.0,20,5,0.0860938626747223,-0.032900850154867545,-0.056608912235875386,0.5056818181818182,-0.059645668511714156,-0.01757754469427031,-0.053280003154524525,0.5833333333333334,-0.02337300583623725,-0.0017600040128119554,-0.03325282932682927,0.5833333333333334,0.005499796519219391,-0.007884664883673675,-0.018413804890548446,0.5555555555555556,-0.02064646907773082
0.5,1.0,0.25,0.5,0.0,20,3,0.07190568171493905,-0.04708903111465079,-0.0745146597396531,0.30795454545454537,-0.042445307962677425,-0.0003771841452335778,-0.035480067221740796,0.4166666666666667,-0.0029507240669310875,0.018662277756494206,-0.021311806085376084,0.4166666666666667,0.0005798247437063253,-0.012804636659186741,-0.025411476002106692,0.3777777777777777,-0.020405713873305132
0.5,1.0,0.25,0.5,0.0,10,5,-0.016933924514833554,-0.1359286373444234,-0.1264717812261733,1.0,-0.04813214307949998,-0.006064019262056131,-0.03898383703838593,1.0,-0.0507758917029143,-0.029162889879489007,-0.05998014468066859,1.0,0.0024430009124789542,-0.010941460490414112,-0.02385654592980091,1.0,-0.06869954417599002
0.5,1.0,0.25,0.5,0.0,10,3,0.146334039257757,0.027339326428167166,-0.0652812502391702,0.6045454545454544,0.015220271267706087,0.057288395085149935,-0.00736241556608952,0.6666666666666666,-0.03616727535043085,-0.014554273527005557,-0.0527560921616026,0.6666666666666666,0.00014765979572395338,-0.013236801607169113,-0.02250229668681536,0.6444444444444444,0.02245613439383651
0.5,1.0,0.25,0.5,0.5,20,5,0.051496437061283595,-0.06749827576830625,-0.06570410899163792,0.5056818181818182,-0.014955827287481016,0.02711229652996283,-0.02356056376740756,0.5833333333333334,-0.023957299698164847,-0.0023442978747395538,-0.032707497798743046,0.5833333333333334,-0.017205114321449888,-0.030589575724342954,-0.02548702092303612,0.5555555555555556,-0.02853623100310948
0.5,1.0,0.25,0.5,0.5,20,3,0.06921374052871698,-0.04978097230087286,-0.05295729704544372,0.30795454545454537,-0.012727160999062348,0.0293409628183815,-0.027076618214128323,0.4166666666666667,-0.021141378015898882,0.0004716238075264112,-0.03346643193466048,0.4166666666666667,0.0027391669220018233,-0.010645294480891243,-0.014384491604655159,0.3777777777777777,-0.01659224743180214
0.5,1.0,0.25,0.5,0.5,10,5,-0.02561936092376138,-0.14461407375335122,-0.08651847055151618,1.0,-0.03313336012112522,0.008934763696318626,-0.026264302592943878,1.0,-0.03106219431296353,-0.009449192489538238,-0.04407534248957634,1.0,-0.04122218812471512,-0.054606649527608186,-0.04393103486818162,1.0,-0.07245101856750037
0.5,1.0,0.25,0.5,0.5,10,3,0.07369796398524664,-0.045296748844343204,-0.05262706130063277,0.6045454545454544,0.01401897083577297,0.05608709465321682,-0.0016985811065137746,0.6666666666666666,-0.0318112932612824,-0.01019829143785711,-0.052234240085368366,0.6666666666666666,-0.01666468342846572,-0.030049144831358787,-0.02133622106655042,0.6444444444444444,-0.012398878757032623
0.5,1.0,0.25,0.75,0.0,20,5,0.12047141317126009,0.0014767003416702451,-0.05257875860644934,0.5056818181818182,-0.0036759706514085666,0.03839215316603528,-0.03255733578920994,0.5833333333333334,-0.04549470655257948,-0.023881704729154185,-0.04826660368068281,0.5833333333333334,-0.0010539528668540576,-0.014438414269747124,-0.01114172558538673,0.5555555555555556,0.0045145355954252335
0.5,1.0,0.25,0.75,0.0,20,3,0.061858481317027536,-0.05713623151256231,-0.0639853002071964,0.30795454545454537,-0.012867078171450497,0.02920104564599335,-0.038896040011782596,0.4166666666666667,-0.03555865684771198,-0.013945655024286685,-0.04080659032978806,0.4166666666666667,0.004927874612125516,-0.00845658679076755,-0.01089710132173749,0.3777777777777777,-0.021771379041412835
0.5,1.0,0.25,0.75,0.0,10,5,0.054077717835442574,-0.06491699499414727,-0.08192935409799562,1.0,-0.07547884417042516,-0.033410720352981316,-0.04721770233838696,1.0,-0.07651998792871695,-0.054906986105291655,-0.0696550666408442,1.0,-0.016628686332957443,-0.03001314773585051,-0.02169948504065411,1.0,-0.05030334791178293
0.5,1.0,0.25,0.75,0.0,10,3,0.09755437008401868,-0.02144034274557116,-0.04171103812018828,0.6045454545454544,0.005020322781395192,0.04708844659883904,-0.01618356658522979,0.6666666666666666,-0.06918451866427466,-0.04757151684084937,-0.06428473864442408,0.6666666666666666,0.0006993320281309945,-0.012685129374762072,-0.016155135744002957,0.6444444444444444,-0.006914539518138979
0.5,1.0,0.25,0.75,0.5,20,5,0.11441021143795149,-0.0045845013916383515,-0.04401698262470288,0.5056818181818182,-0.003886009958719905,0.03818211385872394,-0.022430857485258637,0.5833333333333334,-0.026070601575020613,-0.00445759975159532,-0.031822501591589614,0.5833333333333334,-0.0013002476037661248,-0.014684709006659191,-0.012470099558303138,0.5555555555555556,0.0046111565247055515
0.5,1.0,0.25,0.75,0.5,20,3,0.04719833652388483,-0.07179637630570501,-0.06750771034510228,0.30795454545454537,-0.003175355169169447,0.0388927686482744,-0.02715290950394378,0.4166666666666667,-0.026368975502949255,-0.0047559736795239616,-0.03230851942401769,0.4166666666666667,0.004048901361190627,-0.00933556004170244,-0.009686274140575213,0.3777777777777777,-0.024698907233682618
0.5,1.0,0.25,0.75,0.5,10,5,0.0608378560938736,-0.058156856735716245,-0.06756877874923528,1.0,-0.028436124180728273,0.013631999636715575,-0.025060548143738592,1.0,-0.030337751290159143,-0.00872474946673385,-0.03088880802726779,1.0,-0.025837764455643453,-0.03922222585853652,-0.028495874081491346,1.0,-0.029954631920683972
0.5,1.0,0.25,0.75,0.5,10,3,0.044762375761966844,-0.074232337067623,-0.044598073453567366,0.6045454545454544,0.020025018527125793,0.06209314234456964,-0.00015695082887079437,0.6666666666666666,-0.04701237709920503,-0.025399375275779734,-0.048156941471650505,0.6666666666666666,-0.010156472585308496,-0.023540933988201562,-0.01706901802235694,0.6444444444444444,-0.025222312483885134
0.5,1.0,0.5,0.0,0.0,20,5,0.07178031185086131,-0.04721440097872853,-0.1319115705091205,0.5056818181818182,-0.07827810887003117,-0.036209985052587323,-0.05979455238452669,0.5833333333333334,-0.020610712380378038,0.001002289443047255,-0.01835249285793239,0.5833333333333334,0.021583656693550113,0.008199195290657046,-0.020582915553479908,0.5555555555555556,-0.028918753993519026
0.5,1.0,0.5,0.0,0.0,20,3,0.06697509983979244,-0.052019612989797404,-0.13014384537356072,0.30795454545454537,-0.08052439031616465,-0.038456266498720804,-0.06596582092831393,0.4166666666666667,-0.03173929238705897,-0.010126290563633678,-0.019196461905726436,0.4166666666666667,0.0034894422036682027,-0.009895019199224864,-0.03340961548017629,0.3777777777777777,-0.036026088934517815
0.5,1.0,0.5,0.0,0.0,10,5,0.01289658826122686,-0.10609812456836298,-0.1618375995082969,1.0,-0.09560264762827919,-0.053534523810835344,-0.07683777683250348,1.0,-0.04300560936753528,-0.021392607544109987,-0.04104240017577265,1.0,0.020831916857486865,0.007447455454593799,-0.02540166207447081,1.0,-0.0632195598218996
0.5,1.0,0.5,0.0,0.0,10,3,0.06727732569098888,-0.05171738713860097,-0.1315855051756989,0.6045454545454544,-0.051171230179447136,-0.009103106362003288,-0.05114579719060541,0.6666666666666666,-0.05747077828448277,-0.03585777646105748,-0.05200492236964305,0.6666666666666666,0.020693669925774483,0.007309208522881416,-0.02250096242649502,0.6444444444444444,-0.029830885993597667
0.5,1.0,0.5,0.0,0.5,20,5,0.02060753523280945,-0.0983871775967804,-0.10886975219326589,0.5056818181818182,-0.05597322346089817,-0.013905099643454322,-0.04016574392863115,0.5833333333333334,-0.045673116499842514,-0.02406011467641722,-0.04009340876217238,0.5833333333333334,-0.0008275412223128775,-0.014212002625205944,-0.023783376954914393,0.5555555555555556,-0.05349132242465823
0.5,1.0,0.5,0.0,0.5,20,3,-0.0027503202923788717,-0.12174503312196872,-0.11626019275253618,0.30795454545454537,-0.05239369146837669,-0.010325567650932843,-0.034809017853346336,0.4166666666666667,-0.032320833637873636,-0.010707831814448343,-0.025058303066609944,0.4166666666666667,0.004223548898496965,-0.009160912504396101,-0.029740814536789006,0.3777777777777777,-0.0603469684654458
0.5,1.0,0.5,0.0,0.5,10,5,0.09058155493172437,-0.02841315789786547,-0.12114913712128417,1.0,-0.04257321192488228,-0.0005050881074384339,-0.019753134136124895,1.0,-0.07000822028896658,-0.04839521846554129,-0.06410929642575758,1.0,-0.0011883636572735945,-0.014572825060166661,-0.02640045177424033,1.0,-0.022357399609755264
0.5,1.0,0.5,0.0,0.5,10,3,0.05597825708902393,-0.06301645574056591,-0.0985420793475913,0.6045454545454544,-0.041497098494392426,0.0005710253230514217,-0.029743845390714285,0.6666666666666666,-0.04126499861860433,-0.01965199679517904,-0.034224065662509684,0.6666666666666666,0.011044575019352632,-0.002339886383540435,-0.02001546034345414,0.6444444444444444,-0.031513431229299727
0.5,1.0,0.5,0.25,0.0,20,5,-0.022884675503528684,-0.14187938833311853,-0.128500732158236,0.5056818181818182,-0.07903517897226675,-0.0369670551548229,-0.05921723059166073,0.5833333333333334,-0.02009838676625808,0.0015146150571672123,-0.017674838104973167,0.5833333333333334,0.001690585830461444,-0.011693875572431622,-0.02144361069876477,0.5555555555555556,-0.07461437761589873
0.5,1.0,0.5,0.25,0.0,20,3,-0.01654845521453918,-0.13554316804412903,-0.10691071495658311,0.30795454545454537,-0.06275644341410014,-0.02068831959665629,-0.04555679976256899,0.4166666666666667,-0.028595934815769497,-0.006982932992344204,-0.022699942634593406,0.4166666666666667,-0.009177087776821025,-0.02256154917971409,-0.03757687084531569,0.3777777777777777,-0.0705981778448309
0.5,1.0,0.5,0.25,0.0,10,5,-0.006695137372260129,-0.12568985020184997,-0.1635897074620325,1.0,-0.05870944854511473,-0.01664132472767088,-0.04369611600426293,1.0,-0.04865226763539865,-0.027039265811973356,-0.04791345349250953,1.0,0.002857686225280931,-0.010526775177612135,-0.024173832888034097,1.0,-0.06635566992118803
0.5,1.0,0.5,0.25,0.0,10,3,0.06571131846558509,-0.053283394364004755,-0.11872961955127637,0.6045454545454544,-0.04877534405621409,-0.0067072202387702395,-0.035687811869887454,0.6666666666666666,-0.05930745615416955,-0.037694454330744254,-0.053334891465829815,0.6666666666666666,0.001688535503109323,-0.011695925899783743,-0.030263870615401367,0.6444444444444444,-0.0330628895580739
0.5,1.0,0.5,0.25,0.5,20,5,0.01074913499821184,-0.108245577831378,-0.08668330386529399,0.5056818181818182,-0.040866473090659605,0.0012016507267842425,-0.03626284135727342,0.5833333333333334,-0.030064775965211843,-0.00845177414178655,-0.03262311557130937,0.5833333333333334,0.0050969191035825645,-0.008287542299310502,-0.012432842763276053,0.5555555555555556,-0.0509209948085886
0.5,1.0,0.5,0.25,0.5,20,3,0.011466656434440337,-0.10752805639514951,-0.08018982659770335,0.30795454545454537,-0.023874541924478687,0.01819358189296516,-0.027486064776927832,0.4166666666666667,-0.024623677457634607,-0.0030106756342093144,-0.027235108158171872,0.4166666666666667,-0.0017230944682100624,-0.015107555871103129,-0.025183047477876253,0.3777777777777777,-0.04655696463037286
0.5,1.0,0.5,0.25,0.5,10,5,0.011324034522552706,-0.10767067830703714,-0.10153683564288862,1.0,-0.05243934890842028,-0.010371225090976433,-0.017850226700210414,1.0,-0.0508235511647005,-0.029210549341275205,-0.04629081359319853,1.0,-0.0034165044931949717,-0.016800965896088038,-0.025840514038632745,1.0,-0.05794633879651531
0.5,1.0,0.5,0.25,0.5,10,3,0.04381341920939352,-0.07518129362019632,-0.09594309491689301,0.6045454545454544,-0.02827876482770264,0.013789358989741207,-0.01181600994944576,0.6666666666666666,-0.04766217223042302,-0.026049170406997724,-0.041459391918346356,0.6666666666666666,0.003651599440866793,-0.009732861962026274,-0.019780332574171777,0.6444444444444444,-0.03575154723700664
0.5,1.0,0.5,0.5,0.0,20,5,0.06062465593543798,-0.05837005689415187,-0.06884060077825438,0.5056818181818182,-0.05570089652311705,-0.013632772705673202,-0.05055843499466761,0.5833333333333334,-0.04420578107008144,-0.022592779246656147,-0.04378684570665825,0.5833333333333334,0.003832722490514584,-0.009551738912378482,-0.017233858824112325,0.5555555555555556,-0.034496396502641836
0.5,1.0,0.5,0.5,0.0,20,3,0.03583091683166373,-0.08316379599792612,-0.07500064911276205,0.30795454545454537,-0.04881590784104972,-0.006747784023605874,-0.03768714097772263,0.4166666666666667,-0.03639229432445523,-0.01477929250102994,-0.03715804465770234,0.4166666666666667,0.0023582270384094883,-0.011026234364483578,-0.01890295445753931,0.3777777777777777,-0.04298148323479525
0.5,1.0,0.5,0.5,0.0,10,5,0.03791473513567767,-0.08107997769391218,-0.08868075821449639,1.0,-0.058575164963325155,-0.016507041145881307,-0.050397993321975476,1.0,-0.06916101850475931,-0.047548016681334015,-0.0653348194577511,1.0,0.005192213189242789,-0.008192248213650277,-0.02354318514455478,1.0,-0.04897378998297845
0.5,1.0,0.5,0.5,0.0,10,3,0.08396139590632945,-0.035033316923260394,-0.10019129378985792,0.6045454545454544,0.03843862111429441,0.08050674493173826,0.0,0.6666666666666666,-0.0492757866538287,-0.02766278483040341,-0.05157121356459571,0.6666666666666666,0.0014128284829995064,-0.01197163291989356,-0.021100637204630512,0.6444444444444444,-0.0015834690450771591
0.5,1.0,0.5,0.5,0.5,20,5,0.04465433483520509,-0.07434037799438475,-0.0660876672182581,0.5056818181818182,-0.026727457940017296,0.015340665877426551,-0.029970500100898634,0.5833333333333334,-0.03561911183833544,-0.014006110014910145,-0.036979690623966555,0.5833333333333334,0.0014049341060249354,-0.011979527296868131,-0.01589186746418292,0.5555555555555556,-0.033515849224883244
0.5,1.0,0.5,0.5,0.5,20,3,0.052396037141379415,-0.06659867568821043,-0.05976260311934267,0.30795454545454537,-0.024900575186554197,0.01716754863088965,-0.024003220359563482,0.4166666666666667,-0.02907341806317265,-0.007460416239747358,-0.026595955767817814,0.4166666666666667,-0.004205963916772637,-0.017590425319665703,-0.01573615759403524,0.3777777777777777,-0.029435143135884242
0.5,1.0,0.5,0.5,0.5,10,5,-0.0007083014001489918,-0.11970301422973884,-0.07531048941067198,1.0,-0.03872933782283594,0.003338785994607907,-0.02626430259294399,1.0,-0.062001554670022,-0.040388552846596704,-0.06393503456082827,1.0,-0.010500116137191817,-0.023884577540084884,-0.023828434723122016,1.0,-0.06267262946273273
0.5,1.0,0.5,0.5,0.5,10,3,0.02195734699937879,-0.09703736583021105,-0.06047706715385248,0.6045454545454544,0.015036050585335525,0.05710417440277937,0.0,0.6666666666666666,-0.04141755301291605,-0.01980455118949076,-0.04099339912439692,0.6666666666666666,-0.018499306524891734,-0.0318837679277848,-0.027435678785511675,0.6444444444444444,-0.03714401889049146
0.5,1.0,0.5,0.75,0.0,20,5,0.07009771362426576,-0.04889699920532409,-0.05023532550309129,0.5056818181818182,-0.02492907074542694,0.017139053072016908,-0.03635415557044697,0.5833333333333334,-0.04943260329899135,-0.027819601475566058,-0.04675320057314725,0.5833333333333334,-0.0073756232496441365,-0.020760084652537203,-0.014810033299915148,0.5555555555555556,-0.025005839293607102
0.5,1.0,0.5,0.75,0.0,20,3,0.060456296551666844,-0.058538416277923,-0.05312400246818316,0.30795454545454537,-0.012109489428234421,0.029958634389209426,-0.022709018935319625,0.4166666666666667,-0.03765577436092182,-0.01604277253749653,-0.03430399767569692,0.4166666666666667,-0.002896689243543249,-0.016281150646436315,-0.015099152192607601,0.3777777777777777,-0.023701217205352922
0.5,1.0,0.5,0.75,0.0,10,5,0.04086431221901754,-0.0781304006105723,-0.0701934311497211,1.0,-0.07482819736207535,-0.03276007354463151,-0.04436694190271262,1.0,-0.060515638530584615,-0.03890263670715932,-0.060092031723007366,1.0,-0.011038513579835652,-0.024422974982728718,-0.022589426373467947,1.0,-0.052847540414398625
0.5,1.0,0.5,0.75,0.0,10,3,0.07714252201233918,-0.04185219081725067,-0.050405536508603466,0.6045454545454544,-0.009961609440683694,0.032106514376760154,-0.010009191311131871,0.6666666666666666,-0.048315743011596246,-0.026702741188170953,-0.05005016655025796,0.6666666666666666,-0.011051434929499893,-0.02443589633239296,-0.02311063892320897,0.6444444444444444,-0.018477652901657347
0.5,1.0,0.5,0.75,0.5,20,5,0.0898380173500608,-0.029156695479529038,-0.04190098598749492,0.5056818181818182,0.004250550640045425,0.04631867445748927,-0.02112490878073714,0.5833333333333334,-0.03659878919030868,-0.014985787366883385,-0.03586832155374886,0.5833333333333334,-0.009105648969012003,-0.02249011037190507,-0.01728546795828667,0.5555555555555556,-0.007162229012234017
0.5,1.0,0.5,0.75,0.5,20,3,0.09634894336943334,-0.022645769460156506,-0.039142815414353715,0.30795454545454537,0.021315867359649632,0.06338399117709348,-0.011097461642060269,0.4166666666666667,-0.03403866740887751,-0.012425665585452217,-0.033306258643236775,0.4166666666666667,-0.005340719854127318,-0.018725181257020385,-0.014723320484179014,0.3777777777777777,0.0009827745108320512
0.5,1.0,0.5,0.75,0.5,10,5,0.0419325125264578,-0.07706220030313204,-0.06421267258535723,1.0,-0.024002598175433043,0.018065525642010805,-0.021937470298320605,1.0,-0.050932393793711395,-0.0293193919702861,-0.05050446596933433,1.0,-0.018307312828933497,-0.031691774231826564,-0.02437422567186598,1.0,-0.03931328365622362
0.5,1.0,0.5,0.75,0.5,10,3,0.07011241773638743,-0.04888229509320241,-0.055213981788434396,0.6045454545454544,0.013464019655889725,0.05553214347333357,-0.001619521598815954,0.6666666666666666,-0.035586720714669284,-0.013973718891243991,-0.03734434261532327,0.6666666666666666,-0.015791851597307782,-0.02917631300020085,-0.0262248019423863,0.6444444444444444,-0.01458650170732442
0.5,1.5,0.0,0.0,0.0,20,5,0.08414071109845356,-0.034854001731136286,-0.12865804125537417,0.5056818181818182,-0.06661219019148312,-0.024544066374039275,-0.051882218533227165,0.5833333333333334,-0.05147041473225633,-0.029857412908831038,-0.03805339404344554,0.5833333333333334,0.00801934191842646,-0.005365119484466607,-0.04831659891873352,0.5555555555555556,-0.027103697231515792
0.5,1.5,0.0,0.0,0.0,20,3,-0.007980666579095463,-0.1269753794086853,-0.12983329339196858,0.30795454545454537,-0.07349675831054447,-0.03142863449310063,-0.05855390024334439,0.4166666666666667,-0.0348763749996418,-0.013263373176216509,-0.030231786926984805,0.4166666666666667,-0.008918088192306661,-0.022302549595199728,-0.05025372001387585,0.3777777777777777,-0.07033096777289598
0.5,1.5,0.0,0.0,0.0,10,5,0.1427620754216714,0.023767362592081565,-0.1402166092417244,1.0,-0.0753143402582902,-0.033246216440846355,-0.057548266419401584,1.0,-0.06623524219967636,-0.044622240376251066,-0.04589568804714905,1.0,-0.0248271673821594,-0.038211628785052465,-0.04467623111623553,1.0,-0.010041321317970413
0.5,1.5,0.0,0.0,0.0,10,3,0.03880780786754845,-0.0801869049620414,-0.13686147369713197,0.6045454545454544,-0.06787512702618781,-0.02580700320874396,-0.05620063554780752,0.6666666666666666,-0.04872820168401426,-0.027115199860588968,-0.02883621363981914,0.6666666666666666,-0.028386127639610903,-0.04177058904250397,-0.07378570403885898,0.6444444444444444,-0.05286872637056856
0.5,1.5,0.0,0.0,0.5,20,5,0.05173137131357897,-0.06726334151601088,-0.1138697787130929,0.5056818181818182,-0.021409940776795366,0.02065818304064848,-0.018725815532264267,0.5833333333333334,-0.05991819572846013,-0.03830519390503484,-0.04449958936647025,0.5833333333333334,-0.0281470600638426,-0.041531521466735666,-0.0341438473289124,0.5555555555555556,-0.03707946522780835
0.5,1.5,0.0,0.0,0.5,20,3,0.010578807647052324,-0.10841590518253752,-0.10743859926440025,0.30795454545454537,-0.007951834976154815,0.03411628884128903,-0.024998456274867076,0.4166666666666667,-0.04836310050354409,-0.026750098680118795,-0.03681787529637792,0.4166666666666667,-0.011518557765413995,-0.02490301916830706,-0.030297709747594492,0.3777777777777777,-0.04800605279908351
0.5,1.5,0.0,0.0,0.5,10,5,0.10288646220431441,-0.016108250625275433,-0.12662540128773692,1.0,-0.0359985545007141,0.00606956931672975,-0.024615206573279202,1.0,-0.041263328530214194,-0.0196503267067889,-0.03464319911506886,1.0,-0.06536046780916349,-0.07874492921205656,-0.06858460964705315,1.0,-0.020490608840018326
0.5,1.5,0.0,0.0,0.5,10,3,0.041901598829162445,-0.0770931140004274,-0.12327656686214294,0.6045454545454544,-0.05704408438818154,-0.01497596057073769,-0.036787212690336246,0.6666666666666666,-0.048480311918556396,-0.026867310095131103,-0.05836680458947496,0.6666666666666666,-0.046169828848138694,-0.05955429025103176,-0.05921714192807037,0.6444444444444444,-0.05139913149480119
0.5,1.5,0.0,0.25,0.0,20,5,0.08095647662067407,-0.03803823620891578,-0.11269887226007824,0.5056818181818182,-0.07313993475761693,-0.031071810940173084,-0.048889640789826605,0.5833333333333334,-0.04751044787602399,-0.025897446052598694,-0.03666169023329602,0.5833333333333334,0.005544144669446416,-0.00784031673344665,-0.032025473328910814,0.5555555555555556,-0.02994582344696217
0.5,1.5,0.0,0.25,0.0,20,3,-0.025704067572990152,-0.14469878040258,-0.12570215930488526,0.30795454545454537,-0.07935390659630503,-0.03728578277886119,-0.06448425679639014,0.4166666666666667,-0.03672209065284515,-0.015109088829419859,-0.038869976853364685,0.4166666666666667,-0.0009502726265064876,-0.014334734029399554,-0.045051812368858135,0.3777777777777777,-0.07885247030469922
0.5,1.5,0.0,0.25,0.0,10,5,0.08808478119796814,-0.0309099316316217,-0.1335338000227454,1.0,-0.037342760679696996,0.004725363137746852,-0.037639021115476234,1.0,-0.07442290705664767,-0.052809905233222376,-0.05791162159655139,1.0,-0.04432466135618229,-0.05770912275907536,-0.05260351169663113,1.0,-0.029305982648637714
0.5,1.5,0.0,0.25,0.0,10,3,0.04470713493812606,-0.07428757789146379,-0.133757523886342,0.6045454545454544,-0.03702962147184374,0.005038502345600104,-0.040240541521222806,0.6666666666666666,-0.054754950800195434,-0.03314194897677014,-0.04601854272389605,0.6666666666666666,-0.02215887883305867,-0.03554334023595174,-0.06003252062578457,0.6444444444444444,-0.042472577846666956
0.5,1.5,0.0,0.25,0.5,20,5,-0.001653938338981198,-0.12064865116857104,-0.11309440291499029,0.5056818181818182,-0.01787468395491909,0.024193439862524757,-0.014450382468408574,0.5833333333333334,-0.057992035214448956,-0.03637903339102366,-0.043811100903088374,0.5833333333333334,-0.03540808714101029,-0.04879254854390336,-0.041047596802156416,0.5555555555555556,-0.06101927035046483
0.5,1.5,0.0,0.25,0.5,20,3,0.019944624985572146,-0.0990500878440177,-0.0856747797844335,0.30795454545454537,-0.020721974181876157,0.02134614963556769,-0.03504846671176909,0.4166666666666667,-0.053098465622614,-0.031485463799188707,-0.04091163617940585,0.4166666666666667,-0.015958104603807977,-0.029342566006701043,-0.02865937856874501,0.3777777777777777,-0.0483602065917995
0.5,1.5,0.0,0.25,0.5,10,5,0.11693129243934486,-0.0020634203902449855,-0.10285160603978138,1.0,-0.03627668972832476,0.005791434089119085,-0.022650356428950746,1.0,-0.05697540419956304,-0.03536240237613775,-0.048837731762199965,1.0,-0.07624355192966947,-0.08962801333256254,-0.07858201962237521,1.0,-0.018229243009635514
0.5,1.5,0.0,0.25,0.5,10,3,0.07834258375429926,-0.04065212907529059,-0.0756474237322241,0.6045454545454544,-0.05261448160294813,-0.010546357785504279,-0.03226245045842879,0.6666666666666666,-0.05196945764914118,-0.03035645582571589,-0.061132765019061286,0.6666666666666666,-0.03248009592706569,-0.045864557329958755,-0.047590399373018566,0.6444444444444444,-0.03236319950360803
0.5,1.5,0.0,0.5,0.0,20,5,0.06577700511060014,-0.053217707718989704,-0.08652886914305724,0.5056818181818182,-0.040677825776497034,0.0013902980409468135,-0.03587379639030086,0.5833333333333334,-0.030629164495505234,-0.009016162672079941,-0.029579463493901947,0.5833333333333334,-0.026030462295940637,-0.039414923698833704,-0.0459997113844427,0.5555555555555556,-0.03086505691894571
0.5,1.5,0.0,0.5,0.0,20,3,0.00178005936899428,-0.11721465346059556,-0.10867748651060327,0.30795454545454537,-0.046151443615848664,-0.004083319798404816,-0.04643824625664106,0.4166666666666667,-0.027201442637057482,-0.0055884408136321895,-0.03454867252482963,0.4166666666666667,-0.014096899100296878,-0.027481360503189944,-0.04330564489185518,0.3777777777777777,-0.058727894204392526
0.5,1.5,0.0,0.5,0.0,10,5,0.12006918854279203,0.0010744757132021832,-0.11635465643779408,1.0,-0.04691400497653564,-0.004845881159091792,-0.04826597601530791,1.0,-0.05420898982953437,-0.03259598800610908,-0.047336136045926125,1.0,-0.03347284831418307,-0.046857309717076134,-0.04531499459233368,1.0,-0.012645950877309747
0.5,1.5,0.0,0.5,0.0,10,3,0.035593842347106275,-0.08340087048248357,-0.13063710719745436,0.6045454545454544,-0.0355272410036892,0.006540882813754645,-0.041508268003314086,0.6666666666666666,-0.027708548936061894,-0.006095547112636601,-0.04881968807729087,0.6666666666666666,-0.02855960518421463,-0.0419440665871077,-0.0658755250309695,0.6444444444444444,-0.04310111306864059
0.5,1.5,0.0,0.5,0.5,20,5,0.06167788297632293,-0.057316829853266915,-0.07419213940291247,0.5056818181818182,-0.007794990094769916,0.03427313372267393,-0.007532721435549283,0.5833333333333334,-0.04805300523596412,-0.026440003412538826,-0.038749129776672664,0.5833333333333334,-0.03146824528432823,-0.0448527066872213,-0.03807699915487506,0.5555555555555556,-0.02791819651826565
0.5,1.5,0.0,0.5,0.5,20,3,0.034565244420604824,-0.08442946840898502,-0.08191288618067227,0.30795454545454537,-0.00682997650940842,0.03523814730803543,-0.02851782913334544,0.4166666666666667,-0.043904549233932166,-0.022291547410506873,-0.03829158709331193,0.4166666666666667,-0.020825664270888278,-0.034210125673781344,-0.028279983776249962,0.3777777777777777,-0.03765897491967764
0.5,1.5,0.0,0.5,0.5,10,5,0.0652694587315128,-0.05372525409807705,-0.0959999921722281,1.0,-0.03750342503111581,0.004564698786328036,-0.029520440669993153,1.0,-0.056280546493274186,-0.03466754466984889,-0.047530873923782524,1.0,-0.06067599764790854,-0.07406045905080161,-0.058337065858168224,1.0,-0.03934439020565023
0.5,1.5,0.0,0.5,0.5,10,3,0.037424870692143175,-0.08156984213744667,-0.10869052702676896,0.6045454545454544,-0.009861634213412351,0.032206489604031496,-0.024901061312674222,0.6666666666666666,-0.05592727411642895,-0.034314272293003656,-0.061318133285883425,0.6666666666666666,-0.042394967567774944,-0.05577942897066801,-0.056003085935439456,0.6444444444444444,-0.042168861750393874
0.5,1.5,0.0,0.75,0.0,20,5,0.09893877840234722,-0.020055934427242628,-0.06271815960078087,0.5056818181818182,-0.05074440136985181,-0.008676277552407963,-0.05296600087285752,0.5833333333333334,-0.041206282711884756,-0.019593280888459463,-0.03665955531543408,0.5833333333333334,-0.023996268612945904,-0.03738073001583897,-0.04164040716561879,0.5555555555555556,-0.019740341516005937
0.5,1.5,0.0,0.75,0.0,20,3,0.07280717755958466,-0.04618753527000519,-0.07320906328348364,0.30795454545454537,-0.041782324825549666,0.0002857989918941817,-0.053517302841330605,0.4166666666666667,-0.029563576268102132,-0.007950574444676839,-0.03281866300297853,0.4166666666666667,-0.021409593942608884,-0.03479405534550195,-0.0473199159397385,0.3777777777777777,-0.027124635592055607
0.5,1.5,0.0,0.75,0.0,10,5,0.07522444602790057,-0.04377026680168927,-0.09869942792031627,1.0,-0.04665246789192168,-0.004584344074477831,-0.04812987314860029,1.0,-0.06385623975138466,-0.042243237927959365,-0.05429446034950758,1.0,-0.013207309184054217,-0.026591770586947283,-0.024944382577860802,1.0,-0.03116795735661563
0.5,1.5,0.0,0.75,0.0,10,3,0.011263774068852372,-0.10773093876073747,-0.10376397049947816,0.6045454545454544,0.018632774638938532,0.06070089845638238,-0.019821921813606647,0.6666666666666666,-0.0315794920167527,-0.009966490193327404,-0.048764986455879566,0.6666666666666666,-0.021239937712297263,-0.03462439911519033,-0.053335186798144196,0.6444444444444444,-0.039992331224513934
0.5,1.5,0.0,0.75,0.5,20,5,0.09676505093913312,-0.02222966189045672,-0.05762312324770957,0.5056818181818182,-0.023477943522595468,0.01859018029484838,-0.02526205554259342,0.5833333333333334,-0.03870230771985461,-0.01708930589642932,-0.03800460684637941,0.5833333333333334,-0.030023244946445815,-0.04340770634933888,-0.0337441242428097,0.5555555555555556,-0.014430354613858658
0.5,1.5,0.0,0.75,0.5,20,3,0.0796483573584077,-0.03934635547118215,-0.04846101646790624,0.30795454545454537,-0.01894842647179229,0.023119697345651558,-0.029577323196118943,0.4166666666666667,-0.029851348951521306,-0.008238347128096013,-0.03851669503072519,0.4166666666666667,-0.024308219081108362,-0.03769268048400143,-0.03190143655465505,0.3777777777777777,-0.018815589767433694
0.5,1.5,0.0,0.75,0.5,10,5,0.08011587339653681,-0.038878839433053036,-0.07634692149010347,1.0,-0.03471222962786891,0.007355894189574941,-0.03110301855900044,1.0,-0.0359605954525819,-0.014347593629156608,-0.04568368415225943,1.0,-0.03019459168614258,-0.043579053089035646,-0.02619057725935625,1.0,-0.02434550120520897
0.5,1.5,0.0,0.75,0.5,10,3,0.010685220340501012,-0.10830949248908883,-0.08961320608751089,0.6045454545454544,-0.004754028623530249,0.0373140951939136,-0.020883862265155484,0.6666666666666666,-0.03186357027119735,-0.010250568447772057,-0.05698791537660741,0.6666666666666666,-0.019328139425849766,-0.03271260082874283,-0.03905069564262875,0.6444444444444444,-0.04585522321308881
0.5,1.5,0.25,0.0,0.0,20,5,0.07901290129928795,-0.03998181153030189,-0.12013865794757472,0.5056818181818182,-0.0822233325565862,-0.040155208739142356,-0.059654878850847304,0.5833333333333334,-0.0500400995764303,-0.028427097753005004,-0.04362478411661885,0.5833333333333334,0.011747742389759175,-0.0016367190131338916,-0.03937131374924652,0.5555555555555556,-0.03254018988834227
0.5,1.5,0.25,0.0,0.0,20,3,0.03544354497050084,-0.083551167859089,-0.14093715335026602,0.30795454545454537,-0.08193438143832399,-0.03986625762088014,-0.06065105300301221,0.4166666666666667,-0.03055223705148269,-0.008939235228057396,-0.030298154836297053,0.4166666666666667,0.007394692237911116,-0.005989769164981951,-0.039159083603484635,0.3777777777777777,-0.049803940600765984
0.5,1.5,0.25,0.0,0.0,10,5,0.06894964634107148,-0.050045066488518364,-0.13027038045518124,1.0,-0.08106956563392453,-0.039001441816480686,-0.06341406748949574,1.0,-0.07299407947504288,-0.05138107765161759,-0.045203030509812225,1.0,-0.00985867261565998,-0.023243134018553047,-0.039944118568297715,1.0,-0.043464272124479036
0.5,1.5,0.25,0.0,0.0,10,3,0.06735289312473491,-0.05164181970485493,-0.13391218308587927,0.6045454545454544,-0.07451462987733115,-0.0324465060598873,-0.06287353599610856,0.6666666666666666,-0.04803684747501691,-0.026423845651591615,-0.026040144335031545,0.6666666666666666,0.02218861133695116,0.008804149934058092,-0.04464835850766535,0.6444444444444444,-0.03399339973978658
0.5,1.5,0.25,0.0,0.5,20,5,0.011039405445782302,-0.10795530738380754,-0.1059525634278633,0.5056818181818182,-0.027646326748512084,0.014421797068931763,-0.0213936196211707,0.5833333333333334,-0.029296909409959992,-0.0076839075865346995,-0.027004967454921203,0.5833333333333334,-0.03139715091875017,-0.04478161232164324,-0.03547306978727671,0.5555555555555556,-0.052844267041707145
0.5,1.5,0.25,0.0,0.5,20,3,-0.008870346998569145,-0.127865059828159,-0.12290695786296346,0.30795454545454537,-0.020269979938900784,0.021798143878543064,-0.021191464772224444,0.4166666666666667,-0.0458893121470626,-0.024276310323637307,-0.03083840225952983,0.4166666666666667,-0.007420415737617092,-0.02080487714051016,-0.02415684022884723,0.3777777777777777,-0.058851919072657896
0.5,1.5,0.25,0.0,0.5,10,5,0.060484060339056844,-0.058510652490533,-0.15648332671232612,1.0,-0.04654194909929965,-0.004473825281855803,-0.02461520588932231,1.0,-0.03381274624369046,-0.012199744420265168,-0.029048647563242547,1.0,-0.09951939413002608,-0.11290385553291915,-0.10330569309717508,1.0,-0.046213789934181446
0.5,1.5,0.25,0.0,0.5,10,3,0.07226377096608405,-0.04673094186350579,-0.11504301195641853,0.6045454545454544,-0.057044088060163034,-0.014975964242719186,-0.03678721269033636,0.6666666666666666,-0.04706765857978723,-0.025454656756361937,-0.046176969920499134,0.6666666666666666,-0.033178678391739824,-0.04656313979463289,-0.04203007698516681,0.6444444444444444,-0.03557558438190663
0.5,1.5,0.25,0.25,0.0,20,5,0.04761737493359619,-0.07137733789599365,-0.12514682472441996,0.5056818181818182,-0.06333253228554381,-0.02126440846809996,-0.04844561217327603,0.5833333333333334,-0.04559920152176822,-0.023986199698342925,-0.04248944350689987,0.5833333333333334,-0.002435350765693345,-0.01581981216858641,-0.03663388547059809,0.5555555555555556,-0.043406805950261536
0.5,1.5,0.25,0.25,0.0,20,3,-0.03498971212082769,-0.15398442495041753,-0.12388449641045352,0.30795454545454537,-0.06423887019583774,-0.02217074637839389,-0.045483218258449476,0.4166666666666667,-0.03669395812194565,-0.015080956298520354,-0.03697903785195733,0.4166666666666667,0.007842485974798086,-0.005541975428094981,-0.03567870996753131,0.3777777777777777,-0.07792911758127867
0.5,1.5,0.25,0.25,0.0,10,5,0.040878811291600314,-0.07811590153798953,-0.15466390033714517,1.0,-0.07135375381638176,-0.029285629998937912,-0.0611183107787342,1.0,-0.062097773612466156,-0.04048477178904086,-0.044815403305986656,1.0,-0.004926542192136063,-0.01831100359502913,-0.04309181664229411,1.0,-0.05129292949944026
0.5,1.5,0.25,0.25,0.0,10,3,0.03992010643481536,-0.07907460639477448,-0.1249779456156952,0.6045454545454544,-0.03393954342666761,0.008128580390776241,-0.025587993413939025,0.6666666666666666,-0.021259636022826767,0.0003533658005985263,-0.03151120005785446,0.6666666666666666,0.011971897887667726,-0.0014125635152253402,-0.0561222927926992,0.6444444444444444,-0.03371030743714848
0.5,1.5,0.25,0.25,0.5,20,5,0.0006154449931565775,-0.11837926783643327,-0.11310237965067294,0.5056818181818182,-0.014969763574910644,0.027098360242533204,-0.01678855098116494,0.5833333333333334,-0.03666890563467107,-0.015055903811245774,-0.03294062050086388,0.5833333333333334,-0.03155675754285292,-0.044941218945745987,-0.03521674014017484,0.5555555555555556,-0.05549564887931043
0.5,1.5,0.25,0.25,0.5,20,3,-0.0043540052083995695,-0.12334871803798941,-0.1041590231025532,0.30795454545454537,-0.008688249596949804,0.033379874220494044,-0.023570809747843646,0.4166666666666667,-0.041696113989167616,-0.020083112165742323,-0.03746155028081599,0.4166666666666667,-0.008642738407057204,-0.02202719980995027,-0.02164296544301625,0.3777777777777777,-0.05347850135832562
0.5,1.5,0.25,0.25,0.5,10,5,0.046399307340519336,-0.07259540548907051,-0.127208199589816,1.0,-0.03588519458707462,0.006182929230369227,-0.023215553210002682,1.0,-0.04817480331824575,-0.02656180149482046,-0.04116077238470639,1.0,-0.06681943211736141,-0.08020389352025448,-0.07092579168568114,1.0,-0.04713705441475066
0.5,1.5,0.25,0.25,0.5,10,3,0.04847129440234932,-0.07052341842724053,-0.10203489347218064,0.6045454545454544,-0.025581835860956192,0.016486287956487655,-0.009925840247748008,0.6666666666666666,-0.058062555042636355,-0.03644955321921106,-0.061035794911488694,0.6666666666666666,-0.026079807534861277,-0.03946426893775434,-0.03729644223786133,0.6444444444444444,-0.03900103962668114
0.5,1.5,0.25,0.5,0.0,20,5,0.07914189432712915,-0.039852818502460696,-0.08964699689573596,0.5056818181818182,-0.06832604139270271,-0.02625791757525886,-0.054133688629367516,0.5833333333333334,-0.027497197296124765,-0.005884195472699472,-0.03244757599338988,0.5833333333333334,-0.009519082628362208,-0.022903544031255274,-0.032384713647190644,0.5555555555555556,-0.02881640864551524
0.5,1.5,0.25,0.5,0.0,20,3,0.030671140065123392,-0.08832357276446645,-0.10902217376376244,0.30795454545454537,-0.03696462736629336,0.005103496451150491,-0.036961659498213284,0.4166666666666667,-0.02835408235247583,-0.006741080529050536,-0.02957607615485025,0.4166666666666667,-0.0165233038207947,-0.029907765223687766,-0.04227426437281334,0.3777777777777777,-0.04396706049413303
0.5,1.5,0.25,0.5,0.0,10,5,0.08364884202352463,-0.035345870806065216,-0.12424433623091846,1.0,-0.03576208010778181,0.006306043709662035,-0.040448444797906435,1.0,-0.059091036748716075,-0.03747803492529078,-0.05689969430991482,1.0,-0.005171911386153916,-0.018556372789046982,-0.02461840185494457,1.0,-0.022734292092464504
0.5,1.5,0.25,0.5,0.0,10,3,0.0905254210960027,-0.028469291733587143,-0.10588372607688745,0.6045454545454544,-0.023346732380864266,0.018721391436579582,-0.01779103472411636,0.6666666666666666,-0.015874436988456586,0.005738564834968707,-0.032282818263284385,0.6666666666666666,-0.0029459709718945293,-0.016330432374787596,-0.04969575554331607,0.6444444444444444,-0.009719613551942152
0.5,1.5,0.25,0.5,0.5,20,5,0.05324739789651822,-0.06574731493307162,-0.0796662731976594,0.5056818181818182,-0.01815094723041588,0.023917176587027966,-0.02200649712282987,0.5833333333333334,-0.030771595518519157,-0.009158593695093864,-0.03211535986268821,0.5833333333333334,-0.02802112787985367,-0.041405589282746735,-0.03155242114747758,0.5555555555555556,-0.031191625019801328
0.5,1.5,0.25,0.5,0.5,20,3,0.01497021659182951,-0.10402449623776033,-0.10125660579544171,0.30795454545454537,-0.009289689563267811,0.032778434254176037,-0.024321863446315373,0.4166666666666667,-0.03600232972633888,-0.014389327902913585,-0.03862591814237282,0.4166666666666667,-0.0071399897188536565,-0.020524451121746723,-0.022129882193397177,0.3777777777777777,-0.04385348159714719
0.5,1.5,0.25,0.5,0.5,10,5,0.09860791333744046,-0.020386799492149388,-0.09601537022319628,1.0,-0.03316745751175976,0.00890066630568409,-0.03040054056274366,1.0,-0.023928391234950053,-0.0023153894115247597,-0.03881879054312265,1.0,-0.04401775224543525,-0.057402213648328315,-0.04407571061305415,1.0,-0.01590653365402416
0.5,1.5,0.25,0.5,0.5,10,3,0.034987787348896404,-0.08400692548069344,-0.09723596812803603,0.6045454545454544,0.01164136010203598,0.05370948391947983,0.0,0.6666666666666666,-0.04562037940551711,-0.024007377582091816,-0.05584643146504842,0.6666666666666666,-0.013276891641413546,-0.026661353044306613,-0.02305640592076652,0.6444444444444444,-0.031976055080401855
0.5,1.5,0.25,0.75,0.0,20,5,0.10296478466268577,-0.016029928166904073,-0.0648475148072184,0.5056818181818182,-0.05470635015120795,-0.012638226333764102,-0.05056277716894275,0.5833333333333334,-0.02553703763855164,-0.003924035815126348,-0.03323017286682517,0.5833333333333334,-0.0065232399405389385,-0.019907701343432005,-0.02761953647185822,0.5555555555555556,-0.013947784832331611
0.5,1.5,0.25,0.75,0.0,20,3,0.0700949517532008,-0.04889976107638905,-0.05253231304607575,0.30795454545454537,-0.03466660604581151,0.007401517771632338,-0.03669173447551288,0.4166666666666667,-0.01913926275746758,0.002473739065957714,-0.03252664026438978,0.4166666666666667,-0.0069393763103198225,-0.02032383771321289,-0.030431070912266822,0.3777777777777777,-0.022832027838555265
0.5,1.5,0.25,0.75,0.0,10,5,0.06641443644062694,-0.0525802763889629,-0.10791920699196977,1.0,-0.035731279981856545,0.0063368438355873025,-0.04031122765812323,1.0,-0.03171761766841741,-0.010104615844992115,-0.04126098827784597,1.0,-0.02210374696735984,-0.035488208370252905,-0.026852754863072148,1.0,-0.028915837048423234
0.5,1.5,0.25,0.75,0.0,10,3,0.09716253624025994,-0.0218321765893299,-0.05641437633015112,0.6045454545454544,0.027749709181937865,0.06981783299938171,-0.00922378345906738,0.6666666666666666,-0.03611063672618098,-0.014497634902755685,-0.04762924309462724,0.6666666666666666,0.026295078911856562,0.012910617508963496,-0.018414460511007036,0.6444444444444444,0.007391926175578144
0.5,1.5,0.25,0.75,0.5,20,5,0.1032966625429319,-0.01569805028665794,-0.06784600955312037,0.5056818181818182,-0.009377221385852619,0.03269090243159123,-0.017912721015974298,0.5833333333333334,-0.03776726879090653,-0.016154266967481234,-0.03846807740838176,0.5833333333333334,-0.024225740578603605,-0.03761020198149667,-0.028602827803744457,0.5555555555555556,-0.006956067363444951
0.5,1.5,0.25,0.75,0.5,20,3,0.11981252706185663,0.0008178142322667892,-0.04681376106675572,0.30795454545454537,0.005917121283456561,0.04798524510090041,-0.01547963470921132,0.4166666666666667,-0.03462132406611573,-0.01300832224269044,-0.03851669503072519,0.4166666666666667,-0.018966794094052553,-0.03235125549694562,-0.027372721737903172,0.3777777777777777,0.005560391018799749
0.5,1.5,0.25,0.75,0.5,10,5,0.015622785288788688,-0.10337192754080116,-0.08369448540593816,1.0,-0.034081115301222153,0.007987008516221694,-0.029520440669993042,1.0,-0.03259257247136316,-0.010979570647937864,-0.04173586889633729,1.0,-0.048197508781923526,-0.06158197018481659,-0.0507605109788527,1.0,-0.05540484638921827
0.5,1.5,0.25,0.75,0.5,10,3,0.13403321886733743,0.01503850603774759,-0.05149042885120392,0.6045454545454544,0.010059122561523193,0.05212724637896704,-0.010293907556235826,0.6666666666666666,-0.04124657086979322,-0.019633569046367927,-0.056987914936649675,0.6666666666666666,-0.006949717172863856,-0.020334178575756923,-0.016513449533489988,0.6444444444444444,0.013803977168409446
0.5,1.5,0.5,0.0,0.0,20,5,0.060380098262167614,-0.05861461456742223,-0.12397251814824528,0.5056818181818182,-0.06895746015711757,-0.02688933633967372,-0.04902102693508781,0.5833333333333334,-0.04471397918575759,-0.023100977362332298,-0.02804609655821866,0.5833333333333334,0.009935244493169071,-0.0034492169097239955,-0.03236530184866493,0.5555555555555556,-0.03708143978106688
0.5,1.5,0.5,0.0,0.0,20,3,0.0038298740237423523,-0.11516483880584749,-0.13686490228602255,0.30795454545454537,-0.08776954965021089,-0.04570142583276704,-0.06898402424274797,0.4166666666666667,-0.028214640344382147,-0.006601638520956854,-0.02422100254210946,0.4166666666666667,0.006073680563015937,-0.007310780839877129,-0.04257035768259532,0.3777777777777777,-0.06533639682494823
0.5,1.5,0.5,0.0,0.0,10,5,0.030740271450206302,-0.08825444137938354,-0.13997671907806442,1.0,-0.08444892165142359,-0.042380797833979744,-0.05860340549369325,1.0,-0.033352356285164086,-0.011739354461738793,-0.027247086905438755,1.0,0.0469443333255557,0.03355987192266263,-0.024748348489395666,1.0,-0.047036620460078955
0.5,1.5,0.5,0.0,0.0,10,3,0.025024835383249844,-0.09396987744634,-0.1406562957532821,0.6045454545454544,-0.06683673375630672,-0.024768609938862873,-0.0599724588597349,0.6666666666666666,-0.018635398109646095,0.0029776037137791977,-0.018968543108105695,0.6666666666666666,0.034442332097650574,0.021057870694757508,-0.032662221214659226,0.6444444444444444,-0.04487327617428821
0.5,1.5,0.5,0.0,0.5,20,5,0.049262258052530594,-0.06973245477705925,-0.10600724651866622,0.5056818181818182,-0.02932807172321239,0.012740052094231458,-0.021490735669812966,0.5833333333333334,-0.022230966688498888,-0.0006179648650735947,-0.028302365241344885,0.5833333333333334,-0.01662528272886099,-0.030009744131754057,-0.02826923300540196,0.5555555555555556,-0.03278874797564295
0.5,1.5,0.5,0.0,0.5,20,3,-0.008019089229964749,-0.1270138020595546,-0.1047897233701478,0.30795454545454537,-0.021557363752057523,0.020510760065386324,-0.021206839045286197,0.4166666666666667,-0.03371995852493459,-0.012106956701509297,-0.028624130801678138,0.4166666666666667,-0.013002622344023274,-0.02638708374691634,-0.0348896452398475,0.3777777777777777,-0.05780262697771683
0.5,1.5,0.5,0.0,0.5,10,5,0.09775744509271656,-0.02123726773687329,-0.11792104679186344,1.0,-0.04177194109333937,0.00029618272410447677,-0.0216200895437495,1.0,-0.03686381467436228,-0.01525081285093699,-0.030651659317905366,1.0,-0.03546166355459501,-0.04884612495748808,-0.0440178826530343,1.0,-0.01909726547183062
0.5,1.5,0.5,0.0,0.5,10,3,0.043133524524880285,-0.07586118830470956,-0.09787978829347621,0.6045454545454544,-0.023172172297418303,0.018895951520025545,-0.0194685571599007,0.6666666666666666,-0.04910558438173662,-0.02749258255831133,-0.04569024686382239,0.6666666666666666,-0.012333060040800925,-0.02571752144369399,-0.03802028300959437,0.6444444444444444,-0.03739506245741371
0.5,1.5,0.5,0.25,0.0,20,5,-0.009608748776652853,-0.1286034616062427,-0.13295944563949758,0.5056818181818182,-0.060623975049072465,-0.018555851231628617,-0.04244374683613139,0.5833333333333334,-0.03320732736273402,-0.011594325539308725,-0.035609992743026564,0.5833333333333334,0.01222408124631813,-0.001160380156574936,-0.02478697409903674,0.5555555555555556,-0.06442372638509893
0.5,1.5,0.5,0.25,0.0,20,3,0.033411275961916065,-0.08558343686767378,-0.11319991690245323,0.30795454545454537,-0.07034356916855078,-0.02827544535110693,-0.053075104684309204,0.4166666666666667,-0.02171594634813201,-0.00010294452470671622,-0.025558759171961265,0.4166666666666667,0.010734524868040163,-0.0026499365348529036,-0.03540334943327883,0.3777777777777777,-0.045994340087163875
0.5,1.5,0.5,0.25,0.0,10,5,-0.010471733288981766,-0.1294664461185716,-0.1619105445441127,1.0,-0.06743332431155302,-0.025365200494109175,-0.05715467070470903,1.0,-0.03355531273167489,-0.011942310908249598,-0.049048324018894585,1.0,-0.002311609688003591,-0.015696071090896657,-0.02116058737394033,1.0,-0.06874695817675645
0.5,1.5,0.5,0.25,0.0,10,3,0.016115517358108455,-0.10287919547148139,-0.1211292277308672,0.6045454545454544,-0.03439166193236132,0.007676461885082531,-0.027295550520583967,0.6666666666666666,-0.008410358710541632,0.01320264311288366,-0.02076257115145863,0.6666666666666666,0.04760432233719758,0.034219860934304513,-0.024789628507670525,0.6444444444444444,-0.037263146883817766
0.5,1.5,0.5,0.25,0.5,20,5,0.017116277479703346,-0.1018784353498865,-0.09225211517977239,0.5056818181818182,-0.011347349678044072,0.030720774139399776,-0.017463539475202516,0.5833333333333334,-0.026563820361558688,-0.004950818538133395,-0.02838481365729917,0.5833333333333334,-0.013048681351319869,-0.026433142754212935,-0.022079656987446072,0.5555555555555556,-0.04287269656645093
0.5,1.5,0.5,0.25,0.5,20,3,-0.022367163409075297,-0.14136187623866514,-0.11264315291592175,0.30795454545454537,-0.017787544404868405,0.024280579412575443,-0.032704810252148664,0.4166666666666667,-0.034576418171043954,-0.012963416347618661,-0.03746817524323842,0.4166666666666667,-0.013739860966131223,-0.02712432236902429,-0.02788667914207521,0.3777777777777777,-0.06355586026175189
0.5,1.5,0.5,0.25,0.5,10,5,0.05390519570619179,-0.06508951712339806,-0.09922052139937654,1.0,-0.04731622627526422,-0.0052481024578203694,-0.02594089452093118,1.0,-0.04267903792957051,-0.021066036106145214,-0.04466750138443276,1.0,-0.041230741775361124,-0.05461520317825419,-0.049303817330177746,1.0,-0.04195449421264413
0.5,1.5,0.5,0.25,0.5,10,3,0.03791191357000301,-0.08108279925958684,-0.09247143345515396,0.6045454545454544,-0.02110086375620468,0.020967260061239168,-0.014413847658336199,0.6666666666666666,-0.05932672452295795,-0.03771372269953266,-0.06190776864512715,0.6666666666666666,-0.005837389943623927,-0.019221851346516994,-0.03012986930513195,0.6444444444444444,-0.039785780758411736
0.5,1.5,0.5,0.5,0.0,20,5,0.03388557003239301,-0.08510914279719684,-0.0987236800685356,0.5056818181818182,-0.06658916889845234,-0.024521045081008497,-0.0541972166906004,0.5833333333333334,-0.017447155528459546,0.004165846294965747,-0.025737124802490907,0.5833333333333334,0.00019895296975924737,-0.013185508433133819,-0.030117955546077324,0.5555555555555556,-0.045782324849715915
0.5,1.5,0.5,0.5,0.0,20,3,0.011566692528577338,-0.1074280203010125,-0.10491929072571204,0.30795454545454537,-0.04832474545905574,-0.0062566216416118925,-0.03234257995124812,0.4166666666666667,-0.00946509260998818,0.012147909213437114,-0.022797200642608484,0.4166666666666667,-0.005704926924926745,-0.019089388327819812,-0.0322516982171589,0.3777777777777777,-0.050947986413016004
0.5,1.5,0.5,0.5,0.0,10,5,0.03472791042735657,-0.08426680240223328,-0.11944786310276856,1.0,-0.04911637284466441,-0.0070482490272205656,-0.03863583169007734,1.0,-0.02932909627466518,-0.0077160944512398855,-0.03771963812477652,1.0,-0.009950055964652815,-0.02333451736754588,-0.024193298041259914,1.0,-0.04433971511062799
0.5,1.5,0.5,0.5,0.0,10,3,0.056083787414398234,-0.06291092541519161,-0.11245063493043661,0.6045454545454544,-0.01721349814187989,0.024854625675563957,-0.018823950565954983,0.6666666666666666,-0.01887262593581618,0.0027403758876091144,-0.030072874868320443,0.6666666666666666,0.028168308977432277,0.01478384757453921,-0.021917899119006545,0.6444444444444444,-0.01946762649862299
0.5,1.5,0.5,0.5,0.5,20,5,0.007087222641910529,-0.11190749018767931,-0.08439123732259712,0.5056818181818182,-0.011669732363208785,0.030398391454235063,-0.029076104002657366,0.5833333333333334,-0.025341905380559693,-0.0037289035571344,-0.025317026851881308,0.5833333333333334,-0.011346634118085563,-0.02473109552097863,-0.019770824606439974,0.5555555555555556,-0.04702777258261388
0.5,1.5,0.5,0.5,0.5,20,3,0.0022725911779357677,-0.11672212165165408,-0.09595852656481363,0.30795454545454537,-0.012034768194526646,0.0300333556229172,-0.026244772900376856,0.4166666666666667,-0.03469917048023774,-0.013086168656812447,-0.0342746981833123,0.4166666666666667,-0.006283410738517792,-0.019667872141410858,-0.025381100233901388,0.3777777777777777,-0.04992972195724853
0.5,1.5,0.5,0.5,0.5,10,5,0.04058622993824157,-0.07840848289134827,-0.09949944550389256,1.0,-0.03038158158327231,0.011686542234171537,-0.028419379841960635,1.0,-0.014884279405405931,0.006728722418019362,-0.03971377443368529,1.0,-0.043034653435937265,-0.05641911483883033,-0.047585488312210544,1.0,-0.03981574060568549
0.5,1.5,0.5,0.5,0.5,10,3,0.04112477168733486,-0.07786994114225498,-0.0914973752264191,0.6045454545454544,0.016740810200349676,0.058808934017793524,-0.004064020538255608,0.6666666666666666,-0.03273954709464255,-0.011126545271217259,-0.0490557068759776,0.6666666666666666,0.005155318583536017,-0.00822914281935705,-0.017675722608994304,0.6444444444444444,-0.02324259322315251
0.5,1.5,0.5,0.75,0.0,20,5,0.05651324178542305,-0.06248147104416679,-0.0668442989814636,0.5056818181818182,-0.059080255835604056,-0.01701213201816021,-0.05328000135454014,0.5833333333333334,-0.021735007835825715,-0.00012200601240042186,-0.03195002594904006,0.5833333333333334,-0.0026433328529570366,-0.016027794255850103,-0.016858514525580515,0.5555555555555556,-0.03479216501465269
0.5,1.5,0.5,0.75,0.0,20,3,0.09989150510302913,-0.01910320772656071,-0.054790141312090035,0.30795454545454537,-0.04772556478713552,-0.005657440969691674,-0.03632552733618011,0.4166666666666667,0.0005703702299235669,0.02218337205334886,-0.020942195696386223,0.4166666666666667,0.002684310085080188,-0.010700151317812878,-0.021547989222554298,0.3777777777777777,-0.00828832060904484
0.5,1.5,0.5,0.75,0.0,10,5,0.03369959958258728,-0.08529511324700256,-0.0901367489732614,1.0,-0.04405492009736356,-0.0019867962799197114,-0.04109000032182597,1.0,-0.04108132550238197,-0.019468323678956678,-0.04189882961634428,1.0,-0.005388154914941157,-0.018772616317834223,-0.025789069357915806,1.0,-0.044615641030649716
0.5,1.5,0.5,0.75,0.0,10,3,0.11990799298208743,0.0009132801524975864,-0.055320237920862936,0.6045454545454544,0.018274508246278964,0.06034263206372281,-0.005426522414684443,0.6666666666666666,-0.007694258726198444,0.013918743097226849,-0.031109361048340833,0.6666666666666666,0.005283010999364457,-0.00810145040352861,-0.02779164470976947,0.6444444444444444,0.016369227988609354
0.5,1.5,0.5,0.75,0.5,20,5,0.056035024460416194,-0.06295968836917365,-0.0591758990668213,0.5056818181818182,-0.014056758158837779,0.02801136565860607,-0.02489082104670637,0.5833333333333334,-0.020957725654233705,0.0006552761691915876,-0.02881596234663597,0.5833333333333334,-0.002227256722514004,-0.01561171812540707,-0.015894043627241672,0.5555555555555556,-0.023572484644908947
0.5,1.5,0.5,0.75,0.5,20,3,0.12560212672644222,0.006607413896852377,-0.041870064010518626,0.30795454545454537,-0.017560281732776906,0.024507842084666942,-0.02866512637475982,0.4166666666666667,-0.025392863796113496,-0.0037798619726882032,-0.034679087883782156,0.4166666666666667,-0.014646508892851129,-0.028030970295744195,-0.02464681359492027,0.3777777777777777,0.004328671934485444
0.5,1.5,0.5,0.75,0.5,10,5,0.006977042575937897,-0.11201767025365195,-0.08525658587085727,1.0,-0.03527323759211909,0.006794886225324759,-0.028419379841960746,1.0,-0.030549177595315835,-0.008936175771890542,-0.04460841302605867,1.0,-0.029721853572568957,-0.04310631497546202,-0.04056784037952044,1.0,-0.05651560366991507
0.5,1.5,0.5,0.75,0.5,10,3,0.09946328997955711,-0.01953142285003273,-0.062281284684756244,0.6045454545454544,0.005783491533466245,0.04785161535091009,-0.00969963900327675,0.6666666666666666,-0.04106879314322409,-0.0194557913197988,-0.05473552499178769,0.6666666666666666,-0.03391115212086604,-0.047295613523759106,-0.04282447992176941,0.6444444444444444,-0.006838947171320891
0.5,2.0,0.0,0.0,0.0,20,5,0.03862621684977152,-0.08036849597981832,-0.13313878277265567,0.5056818181818182,-0.06366532748961495,-0.021597203672171106,-0.05167134235297077,0.5833333333333334,-0.043234539791837334,-0.02162153796841204,-0.03401074998974807,0.5833333333333334,0.004494594384373718,-0.008889867018519348,-0.04445946365904074,0.5555555555555556,-0.046141834857000734
0.5,2.0,0.0,0.0,0.0,20,3,-0.056527923869977625,-0.17552263669956747,-0.1616317763209385,0.30795454545454537,-0.07925483513186393,-0.037186711314420084,-0.06203809228205903,0.4166666666666667,-0.046454133034459444,-0.02484113121103415,-0.037844829354145904,0.4166666666666667,-0.010158056991063313,-0.02354251839395638,-0.05002301108051688,0.3777777777777777,-0.09553941178415896
0.5,2.0,0.0,0.0,0.0,10,5,0.07761396265359277,-0.04138075017599707,-0.1577737232683133,1.0,-0.0753143402582902,-0.033246216440846355,-0.057548266419401584,1.0,-0.06676540520812313,-0.04515240338469784,-0.040665621948626995,1.0,-0.04678936936087419,-0.060173830763767255,-0.054898462626474576,1.0,-0.042731826811680036
0.5,2.0,0.0,0.0,0.0,10,3,0.02143674626342862,-0.09755796656616122,-0.15331969395698297,0.6045454545454544,-0.07090285787019668,-0.02883473405275283,-0.059266287510501336,0.6666666666666666,-0.05867731255151343,-0.037064310728088135,-0.04601854272389605,0.6666666666666666,-0.035075774284678674,-0.04846023568757174,-0.07243686387029002,0.6444444444444444,-0.06393845043030974
0.5,2.0,0.0,0.0,0.5,20,5,0.11935563400451543,0.00036092117492558806,-0.10874218858418838,0.5056818181818182,-0.02661914752180583,0.015448976295638017,-0.02303973250540381,0.5833333333333334,-0.06292389001225063,-0.041310888188825334,-0.04755458017874836,0.5833333333333334,-0.032730492456796156,-0.04611495385968922,-0.037086877354477576,0.5555555555555556,-0.009089217704651164
0.5,2.0,0.0,0.0,0.5,20,3,0.054508673610507596,-0.06448603921908225,-0.09688678698985764,0.30795454545454537,-0.012163594517939358,0.02990452929950449,-0.024998456274867076,0.4166666666666667,-0.05330815921289833,-0.03169515738947304,-0.04048956550361671,0.4166666666666667,-0.023673307109606356,-0.03705776851249942,-0.030634054335762828,0.3777777777777777,-0.03185552420900676
0.5,2.0,0.0,0.0,0.5,10,5,0.1792593404425331,0.06026462761294327,-0.11881638657786309,1.0,-0.04280117317871501,-0.0007330493612711653,-0.03808228647117462,1.0,-0.050585729711273286,-0.028972727887847993,-0.0340785146082947,1.0,-0.07504197702749882,-0.08842643843039188,-0.0807977422618813,1.0,0.009325945137770702
0.5,2.0,0.0,0.0,0.5,10,3,0.12183369031165747,0.0028389774820676283,-0.09443291392066822,0.6045454545454544,-0.05704408438818154,-0.01497596057073769,-0.036787212690336246,0.6666666666666666,-0.06592934620154134,-0.044316344378116046,-0.06382211828077,0.6666666666666666,-0.04337298972131842,-0.05675745112421149,-0.05921714192807048,0.6444444444444444,-0.01762751960110312
0.5,2.0,0.0,0.25,0.0,20,5,0.05653885976828854,-0.0624558530613013,-0.11205734638312137,0.5056818181818182,-0.07213880908778303,-0.03007068527033918,-0.05612641640432359,0.5833333333333334,-0.044415907961648515,-0.022802906138223222,-0.03325082429647441,0.5833333333333334,0.0013492547731035476,-0.012035206629789519,-0.04138702301007957,0.5555555555555556,-0.0408485221103723
0.5,2.0,0.0,0.25,0.0,20,3,-0.04024997969896971,-0.15924469252855955,-0.12977273555392566,0.30795454545454537,-0.08045380562934545,-0.038385681811901606,-0.06644604231545581,0.4166666666666667,-0.04909755133685889,-0.027484549513433598,-0.04007291699484494,0.4166666666666667,-0.01117155171882922,-0.024556013121722287,-0.05130248570894069,0.3777777777777777,-0.08906261648610057
0.5,2.0,0.0,0.25,0.0,10,5,0.08123061490167927,-0.03776409792791058,-0.15133109993158889,1.0,-0.06745124033944505,-0.025383116522001203,-0.059974508743519395,1.0,-0.07345442515927925,-0.05184142333585395,-0.05880815676566542,1.0,-0.07419663134085808,-0.08758109274375114,-0.08207256727857448,1.0,-0.04425300061000083
0.5,2.0,0.0,0.25,0.0,10,3,0.11837525357088774,-0.0006194592587021042,-0.11840098902463092,0.6045454545454544,-0.06464333060757521,-0.022575206790131364,-0.05292836044930638,0.6666666666666666,-0.04599298444408573,-0.024379982620660434,-0.04902287445980513,0.6666666666666666,-0.03507577777347182,-0.04846023917636488,-0.07243686387028991,0.6444444444444444,-0.016848591633502583
0.5,2.0,0.0,0.25,0.5,20,5,0.05917420010100338,-0.05982051272858646,-0.09805917719696078,0.5056818181818182,-0.018022610007964124,0.024045513809479724,-0.019302520728879946,0.5833333333333334,-0.054779895937193235,-0.03316689411376794,-0.040550607170898756,0.5833333333333334,-0.036402552568639446,-0.04978701397153251,-0.0408208877200823,0.5555555555555556,-0.033350938488289045
0.5,2.0,0.0,0.25,0.5,20,3,0.030634419078987563,-0.08836029375060228,-0.08527184277449129,0.30795454545454537,-0.020721967745420677,0.02134615607202317,-0.03504846671176909,0.4166666666666667,-0.05309846651556149,-0.0314854646921362,-0.040911637990512895,0.4166666666666667,-0.02201930573465327,-0.03540376713754634,-0.033011814289685026,0.3777777777777777,-0.04445897794421761
0.5,2.0,0.0,0.25,0.5,10,5,0.22436510791090214,0.1053703950813123,-0.11779326409031599,1.0,-0.045374796480616375,-0.0033066726631725274,-0.0318771071662014,1.0,-0.06861183804246951,-0.046998836219044215,-0.048837731762199854,1.0,-0.05929042787596406,-0.07267488927885712,-0.07038710051391905,1.0,0.0286389507961122
0.5,2.0,0.0,0.25,0.5,10,3,0.12969118649914413,0.010696473669554285,-0.06698785459480272,0.6045454545454544,-0.052614481667147994,-0.010546357849704147,-0.032262451868582565,0.6666666666666666,-0.060989979983402276,-0.03937697815997698,-0.060842135387311314,0.6666666666666666,-0.04285281904822025,-0.056237280451113314,-0.06385229016107419,0.6444444444444444,-0.012165315102790153
0.5,2.0,0.0,0.5,0.0,20,5,0.05718812011726726,-0.06180659271232258,-0.11991291940850668,0.5056818181818182,-0.04986586011241945,-0.007797736294975599,-0.04167488411619902,0.5833333333333334,-0.04600101854001626,-0.024388016716590966,-0.03476411868204221,0.5833333333333334,-0.006448596350473679,-0.019833057753366745,-0.04915558431767231,0.5555555555555556,-0.03639556196478272
0.5,2.0,0.0,0.5,0.0,20,3,0.019827552993460174,-0.09916715983612967,-0.1021787195050119,0.30795454545454537,-0.046281364029433725,-0.004213240211989877,-0.04910732388319328,0.4166666666666667,-0.04406499935866104,-0.022451997535235746,-0.040720882281251036,0.4166666666666667,-0.014052919273351505,-0.02743738067624457,-0.04622641996916044,0.3777777777777777,-0.05316193871097787
0.5,2.0,0.0,0.5,0.0,10,5,0.12821713897409448,0.009222426144504636,-0.14453582071469884,1.0,-0.03308322768697314,0.00898489613047071,-0.03445481795259053,1.0,-0.06366444909346547,-0.042051447270040176,-0.05791162435824482,1.0,-0.06090357787428369,-0.07428803927717675,-0.07077566020492332,1.0,-0.011054607184437775
0.5,2.0,0.0,0.5,0.0,10,3,0.08673012906561572,-0.03226458376397412,-0.1177799798943776,0.6045454545454544,-0.028028762537014362,0.014039361280429485,-0.031269694972090645,0.6666666666666666,-0.05150191557140571,-0.029888913747980417,-0.06041092621190247,0.6666666666666666,-0.020331151149418414,-0.03371561255231148,-0.06003251704299761,0.6444444444444444,-0.020549901318724768
0.5,2.0,0.0,0.5,0.5,20,5,0.0708741579414407,-0.04812055488814915,-0.09163149850924046,0.5056818181818182,-0.010643269087335261,0.03142485473010859,-0.008902930402755693,0.5833333333333334,-0.045365023485926526,-0.023752021662501233,-0.03482970343291458,0.5833333333333334,-0.029286073805751545,-0.04267053520864461,-0.035589472669946165,0.5555555555555556,-0.023761419547811843
0.5,2.0,0.0,0.5,0.5,20,3,0.030522603501800027,-0.08847210932778982,-0.08868157935920395,0.30795454545454537,-0.016167198746652178,0.02590092507079167,-0.03056033153162252,0.4166666666666667,-0.05249002956208004,-0.03087702773865475,-0.04427241476082555,0.4166666666666667,-0.011573097239753527,-0.024957558642646593,-0.025234823590207123,0.3777777777777777,-0.0417124058870027
0.5,2.0,0.0,0.5,0.5,10,5,0.1386084663710776,0.019613753541487755,-0.09593000551898834,1.0,-0.026526325687412755,0.015541798130031093,-0.018206478078963695,1.0,-0.06445963785664233,-0.042846636033217034,-0.04753087392378241,1.0,-0.06727775411657233,-0.0806622155194654,-0.0669457189082554,1.0,-0.0058146891067251
0.5,2.0,0.0,0.5,0.5,10,3,0.05517953879444937,-0.06381517403514048,-0.09895085146626259,0.6045454545454544,-0.04192120808246236,0.0001469157349814898,-0.026221972302716723,0.6666666666666666,-0.05896762015598922,-0.03735461833256393,-0.060842135387311314,0.6666666666666666,-0.050172418812357455,-0.06355688021525052,-0.059453396591395924,0.6444444444444444,-0.043816824164240015
0.5,2.0,0.0,0.75,0.0,20,5,0.09214165737782443,-0.026853055451765417,-0.08281694907984449,0.5056818181818182,-0.04766376935256755,-0.0055956455351237055,-0.039968247078956076,0.5833333333333334,-0.04147255387510429,-0.019859552051678997,-0.03156343966240893,0.5833333333333334,-0.013732156048483879,-0.027116617451376945,-0.04318982442831487,0.5555555555555556,-0.020529211762533753
0.5,2.0,0.0,0.75,0.0,20,3,0.034683883123898473,-0.08431082970569137,-0.08585022645497464,0.30795454545454537,-0.04633889194110352,-0.004270768123659674,-0.04910732388319339,0.4166666666666667,-0.03426766098725009,-0.0126546591638248,-0.03956394733293056,0.4166666666666667,-0.02220924517071965,-0.035593706573612716,-0.04797699769073993,0.3777777777777777,-0.04624482025909167
0.5,2.0,0.0,0.75,0.0,10,5,0.0553022509457215,-0.06369246188386835,-0.128205755261818,1.0,-0.04564393932163424,-0.003575815504190394,-0.0481298767922933,1.0,-0.06696959514480638,-0.04535659332138109,-0.05864536764872763,1.0,-0.031113513762248357,-0.044497975165141423,-0.04481288662077221,1.0,-0.04303374699676673
0.5,2.0,0.0,0.75,0.0,10,3,0.06942448983054117,-0.049570222999048674,-0.0796939093465242,0.6045454545454544,-0.01002478723891087,0.03204333657853298,-0.033461215559810076,0.6666666666666666,-0.046716963545920365,-0.025103961722495072,-0.06041092621190247,0.6666666666666666,-0.03621504929925912,-0.04959951070215218,-0.07151691956450512,0.6444444444444444,-0.025501287068635747
0.5,2.0,0.0,0.75,0.5,20,5,0.0810802054289741,-0.03791450740061575,-0.06499471904191301,0.5056818181818182,-0.007788953794065301,0.03427917002337855,-0.005606927729474687,0.5833333333333334,-0.048810601186736746,-0.027197599363311453,-0.04055234787129414,0.5833333333333334,-0.03404474692727455,-0.047429208330167616,-0.03710057762041585,0.5555555555555556,-0.01968575697845431
0.5,2.0,0.0,0.75,0.5,20,3,0.03575652308934485,-0.083238189740245,-0.057852220972242296,0.30795454545454537,-0.011322164801143675,0.030745959016300173,-0.027423863720344333,0.4166666666666667,-0.04490604567897871,-0.02329304385555342,-0.04008369342490614,0.4166666666666667,-0.03408962016013528,-0.04747408156302835,-0.037145308895352835,0.3777777777777777,-0.04038576444182247
0.5,2.0,0.0,0.75,0.5,10,5,0.10195305809355326,-0.017041654736036582,-0.08573314072599536,1.0,-0.04197708872055417,9.103509688968003e-05,-0.03110301855900055,1.0,-0.055968474940218504,-0.03435547311679321,-0.047530873923782524,1.0,-0.04218664381834569,-0.05557110522123876,-0.039836847226430216,1.0,-0.021134972607698838
0.5,2.0,0.0,0.75,0.5,10,3,0.0635283352627205,-0.05546637756686934,-0.06410051240354275,0.6045454545454544,-0.009289449032282127,0.03277867478516172,-0.02791392121089653,0.6666666666666666,-0.05592727411642895,-0.034314272293003656,-0.061318133285883425,0.6666666666666666,-0.0427712761192407,-0.056155737522133764,-0.05659706902472661,0.6444444444444444,-0.030335702681071382
0.5,2.0,0.25,0.0,0.0,20,5,0.054832192048511086,-0.06416252078107876,-0.12670165239218856,0.5056818181818182,-0.07070566158621971,-0.028637537768775867,-0.058801863366802154,0.5833333333333334,-0.04873338001170513,-0.027120378188279837,-0.03424343534708019,0.5833333333333334,0.00951124776860568,-0.003873213634287387,-0.040710360158877856,0.5555555555555556,-0.04068155756706449
0.5,2.0,0.25,0.0,0.0,20,3,0.010319455414263823,-0.10867525741532602,-0.14227950984393667,0.30795454545454537,-0.08207330200878027,-0.04000517819133642,-0.0649092662372297,0.4166666666666667,-0.03690257496570837,-0.015289573142283075,-0.02984633300244799,0.4166666666666667,-0.0080810320060275,-0.021465493408920566,-0.05054385231326586,0.3777777777777777,-0.06441842036741136
0.5,2.0,0.25,0.0,0.0,10,5,0.10752940973317049,-0.011465303096419355,-0.13781805309477602,1.0,-0.07438429183080097,-0.03231616801335713,-0.05660034888270482,1.0,-0.06564466887265574,-0.04403166704923045,-0.04589568804714905,1.0,-0.028550459043241605,-0.04193492044613467,-0.053377334758739625,1.0,-0.026133416521032758
0.5,2.0,0.25,0.0,0.0,10,3,0.06299064282576872,-0.05600407000382113,-0.15310877591953498,0.6045454545454544,-0.06259958741558369,-0.020531463598139843,-0.05167199107520104,0.6666666666666666,-0.04872820168401426,-0.027115199860588968,-0.02883621363981914,0.6666666666666666,-0.014362648841807935,-0.027747110244701,-0.07635681471884859,0.6444444444444444,-0.038564043917047965
0.5,2.0,0.25,0.0,0.5,20,5,0.045411801914664096,-0.07358291091492575,-0.1108311240632186,0.5056818181818182,-0.03559269858027514,0.006475425237168708,-0.026903566592734518,0.5833333333333334,-0.05991819394341691,-0.038305192119991616,-0.044499586647675615,0.5833333333333334,-0.02412337119373842,-0.037507832596631485,-0.03346422991881326,0.5555555555555556,-0.042865407309917884
0.5,2.0,0.25,0.0,0.5,20,3,0.04951487219554429,-0.06947984063404555,-0.08707322476125445,0.30795454545454537,-0.023056536422603413,0.019011587394840435,-0.024998456274867076,0.4166666666666667,-0.05183601911980651,-0.030223017296381216,-0.04033273418093386,0.4166666666666667,-0.014672463319187368,-0.028056924722080434,-0.0373899637419276,0.3777777777777777,-0.03525502273937964
0.5,2.0,0.25,0.0,0.5,10,5,0.12040517225362635,0.0014104594240365032,-0.12058534834851353,1.0,-0.04619936388090151,-0.004131240063457664,-0.02461520588932231,1.0,-0.04095050676343415,-0.019337504940008854,-0.03432821547283804,1.0,-0.06481825531970042,-0.07820271672259349,-0.07157156980323975,1.0,-0.015029136524438342
0.5,2.0,0.25,0.0,0.5,10,3,0.06907427765065743,-0.04992043517893241,-0.1056369329880914,0.6045454545454544,-0.05704408438818154,-0.01497596057073769,-0.036787212690336246,0.6666666666666666,-0.049005669358587856,-0.027392667535162563,-0.06417828823931793,0.6666666666666666,-0.04276502673948357,-0.056149488142376636,-0.06286654551881854,0.6444444444444444,-0.038739509324834887
0.5,2.0,0.25,0.25,0.0,20,5,0.033170694112488075,-0.08582401871710177,-0.12224044338345708,0.5056818181818182,-0.07396726930825503,-0.03189914549081119,-0.054101223605688364,0.5833333333333334,-0.042762665162977886,-0.021149663339552593,-0.03765544893051742,0.5833333333333334,-0.0035791111008701693,-0.016963572503763236,-0.04431616026102647,0.5555555555555556,-0.05231258017189596
0.5,2.0,0.25,0.25,0.0,20,3,0.00409649949669455,-0.1148982133328953,-0.116187655534715,0.30795454545454537,-0.0867803600967284,-0.044712236279284556,-0.06475228743808403,0.4166666666666667,-0.025301631027290883,-0.00368862920386559,-0.028020173240768775,0.4166666666666667,-0.006279757026002808,-0.019664218428895874,-0.0518558554760431,0.3777777777777777,-0.06638518221453825
0.5,2.0,0.25,0.25,0.0,10,5,0.09166904313333446,-0.027325669696255384,-0.14378405523394366,1.0,-0.04960502237657882,-0.007536898559134975,-0.04219987332293906,1.0,-0.0697432495946666,-0.04813024777124131,-0.05569170750902641,1.0,-0.05369528601810791,-0.06707974742100098,-0.06657968918659163,1.0,-0.03146227528193501
0.5,2.0,0.25,0.25,0.0,10,3,0.05798575082006896,-0.061008962009520884,-0.12568452670915076,0.6045454545454544,-0.05982566749144136,-0.01775754367399751,-0.048865732891539504,0.6666666666666666,-0.04277144335110228,-0.021158441527676985,-0.02722094796172192,0.6666666666666666,-0.0073372637516986305,-0.020721725154591697,-0.07255309727271642,0.6444444444444444,-0.03817544382512408
0.5,2.0,0.25,0.25,0.5,20,5,0.01069081387966686,-0.10830389894992298,-0.10765905322329639,0.5056818181818182,-0.01883336161638982,0.023234762201054027,-0.019560291180014566,0.5833333333333334,-0.052538445050716365,-0.030925443227291072,-0.03826792571839743,0.5833333333333334,-0.02440708625948962,-0.037791547662382685,-0.033086331924575885,0.5555555555555556,-0.0532356126106529
0.5,2.0,0.25,0.25,0.5,20,3,-0.02929501981644511,-0.14828973264603496,-0.12249411274144872,0.30795454545454537,-0.0299266869868674,0.012141436830576446,-0.0344114421902082,0.4166666666666667,-0.05483423737862492,-0.033221235555199624,-0.042155267225507886,0.4166666666666667,-0.011122462413577283,-0.02450692381647035,-0.03422479101212794,0.3777777777777777,-0.07235424438882211
0.5,2.0,0.25,0.25,0.5,10,5,0.16462918095160917,0.04563446812201932,-0.1020015376720087,1.0,-0.03428108361764515,0.0077870401997987004,-0.024615206573279202,1.0,-0.05071189476659588,-0.029098892943170585,-0.04228149051517949,1.0,-0.06778315396424972,-0.08116761536714279,-0.07451505860650776,1.0,0.005942294458311367
0.5,2.0,0.25,0.25,0.5,10,3,0.06625665088746202,-0.05273806194212782,-0.10996456230380736,0.6045454545454544,-0.053082306502208576,-0.011014182684764728,-0.032740322895352114,0.6666666666666666,-0.053493331674795974,-0.03188032985137068,-0.060603381788882915,0.6666666666666666,-0.028415800013891657,-0.04180026141678472,-0.05833192782849528,0.6444444444444444,-0.037537762235372016
0.5,2.0,0.25,0.5,0.0,20,5,0.06256952875658195,-0.056425184073007895,-0.11490019774316418,0.5056818181818182,-0.0459018140714077,-0.0038336902539638507,-0.03587379820100545,0.5833333333333334,-0.044546907712508466,-0.022933905889083173,-0.03599255147755387,0.5833333333333334,-0.02978392188721679,-0.04316838329010986,-0.05143615268283963,0.5555555555555556,-0.03626509877322347
0.5,2.0,0.25,0.5,0.0,20,3,0.06603067017379094,-0.052964042655798904,-0.09918135279803098,0.30795454545454537,-0.05433465097098811,-0.01226652715354426,-0.04643824625664106,0.4166666666666667,-0.040155074567277294,-0.018542072743852,-0.041270389081695,0.4166666666666667,-0.011044720111684558,-0.024429181514577625,-0.04484944097677279,0.3777777777777777,-0.03334613912226002
0.5,2.0,0.25,0.5,0.0,10,5,0.10454961441198551,-0.01444509841760433,-0.13920016695735316,1.0,-0.034157579092844226,0.007910544724599622,-0.034454819777092416,1.0,-0.07847823531508769,-0.05686523349166239,-0.05791162028492303,1.0,-0.026930412233227563,-0.04031487363612063,-0.04911766807117823,1.0,-0.019099674175939496
0.5,2.0,0.25,0.5,0.0,10,3,0.0816223692592517,-0.03737234357033814,-0.10373044891192595,0.6045454545454544,-0.028028762537014362,0.014039361280429485,-0.031269694972090645,0.6666666666666666,-0.06124032030061932,-0.03962731847719403,-0.0574474593187253,0.6666666666666666,-0.01941865373739593,-0.032803115140288996,-0.06003252242074919,0.6444444444444444,-0.024172279329167247
0.5,2.0,0.25,0.5,0.5,20,5,0.03838091953778067,-0.08061379329180918,-0.07415370971002289,0.5056818181818182,-0.01538985592847164,0.026678267888972207,-0.012473234233410513,0.5833333333333334,-0.04660347076822302,-0.024990468944797728,-0.03424801707236069,0.5833333333333334,-0.030674716350710618,-0.044059177753603684,-0.03669686914720405,0.5555555555555556,-0.03996408701383129
0.5,2.0,0.25,0.5,0.5,20,3,0.022807375625029103,-0.09618733720456074,-0.10902208742677455,0.30795454545454537,-0.016167198746652178,0.02590092507079167,-0.03056033153162252,0.4166666666666667,-0.05260037500039505,-0.030987373176969757,-0.042602608044364554,0.4166666666666667,-0.011721836843231137,-0.025106298246124203,-0.026852874982307484,0.3777777777777777,-0.04522312118781851
0.5,2.0,0.25,0.5,0.5,10,5,0.09344250000969234,-0.025552212819897502,-0.09814984386655468,1.0,-0.028781306780675142,0.013286817036768706,-0.01393933101232192,1.0,-0.06159118991886248,-0.039978188095437184,-0.04927588617054668,1.0,-0.05981851544525374,-0.0732029768481468,-0.06129325685952247,1.0,-0.025153966251299297
0.5,2.0,0.25,0.5,0.5,10,3,0.09940286074980409,-0.019591852079785754,-0.08294833120503142,0.6045454545454544,-0.041489729707866685,0.0005783941095771628,-0.019413706777340778,0.6666666666666666,-0.05190935865362967,-0.030296356830204374,-0.0595597620807361,0.6666666666666666,-0.018049424536169423,-0.03143388593906249,-0.04563112266234726,0.6444444444444444,-0.01793127132389933
0.5,2.0,0.25,0.75,0.0,20,5,0.11131545604658966,-0.007679256783000188,-0.08098068860017127,0.5056818181818182,-0.054897823652810485,-0.012829699835366637,-0.052033633001520974,0.5833333333333334,-0.021509154358171134,0.00010384746525415878,-0.0232017739774365,0.5833333333333334,-0.02573444979255779,-0.039118911195450856,-0.04470096209499441,0.5555555555555556,-0.012515350070721248
0.5,2.0,0.25,0.75,0.0,20,3,0.038425878371750155,-0.08056883445783969,-0.10381106614037017,0.30795454545454537,-0.039721163701079476,0.0023469601163643716,-0.04963658176681185,0.4166666666666667,-0.02000357966168742,0.0016094221617378723,-0.024486192982249633,0.4166666666666667,-0.021380770724966136,-0.0347652321278592,-0.05008445195955591,0.3777777777777777,-0.04064260697185496
0.5,2.0,0.25,0.75,0.0,10,5,0.09145190218794297,-0.027542810641646875,-0.11677105110094221,1.0,-0.0469140058629125,-0.004845882045468652,-0.048265972371614896,1.0,-0.05708033586525452,-0.035467334041829224,-0.0483726054081286,1.0,-0.024294519277519133,-0.0376789806804122,-0.04710317245399376,1.0,-0.02457768250844447
0.5,2.0,0.25,0.75,0.0,10,3,0.08024689997897183,-0.03874781285061801,-0.07035062989534457,0.6045454545454544,-0.02160565811023274,0.020462465707211108,-0.02838528192933165,0.6666666666666666,-0.03118201937313725,-0.009569017549711956,-0.04819285337547896,0.6666666666666666,-0.01633166171102174,-0.029716123113914805,-0.0495925067856684,0.6444444444444444,-0.018213670455519342
0.5,2.0,0.25,0.75,0.5,20,5,0.06450281415662285,-0.054491898672967,-0.0741873133057982,0.5056818181818182,-0.0056057612818343205,0.03646236253560953,-0.005606928135154288,0.5833333333333334,-0.04356036669662244,-0.02194736487319715,-0.041351533281012154,0.5833333333333334,-0.030533678738439263,-0.04391814014133233,-0.0333411179163956,0.5555555555555556,-0.02528558952111219
0.5,2.0,0.25,0.75,0.5,20,3,0.04079319229603695,-0.07820152053355289,-0.08071327930313654,0.30795454545454537,-0.013788867712097308,0.02827925610534654,-0.027423863720344333,0.4166666666666667,-0.04028500397781776,-0.018672002154392464,-0.04172083280087935,0.4166666666666667,-0.019151054728966277,-0.03253551613185934,-0.02875239142120356,0.3777777777777777,-0.03580199795669994
0.5,2.0,0.25,0.75,0.5,10,5,0.09442689443614216,-0.024567818393447682,-0.08705175473837845,1.0,-0.0464973114595687,-0.004429187642124854,-0.03110301855900044,1.0,-0.058235607846633064,-0.03662260602320777,-0.04413667686532341,1.0,-0.03867568978048208,-0.05206015118337515,-0.03690533455865219,1.0,-0.02546522876857011
0.5,2.0,0.25,0.75,0.5,10,3,0.07474130745473762,-0.04425340537485223,-0.06864024288787551,0.6045454545454544,-0.0202365435604539,0.021831580256989946,-0.027913920291999794,0.6666666666666666,-0.05296745843136541,-0.03135445660794012,-0.05852042237969446,0.6666666666666666,-0.01297192351829235,-0.026356384921185416,-0.03728767488059681,0.6444444444444444,-0.023112763583804846
0.5,2.0,0.5,0.0,0.0,20,5,0.09184237797641948,-0.027152334853170368,-0.11700685989045756,0.5056818181818182,-0.07481747940313865,-0.032749355585694806,-0.05512965497506361,0.5833333333333334,-0.060192105214342595,-0.0385791033909173,-0.0453293734707092,0.5833333333333334,0.006819053739216763,-0.006565407663676304,-0.040846493504432035,0.5555555555555556,-0.02717756623853941
0.5,2.0,0.5,0.0,0.0,20,3,0.014849466488979557,-0.10414524634061029,-0.13214058085304758,0.30795454545454537,-0.08296885639218132,-0.040900732574737475,-0.060530510739476795,0.4166666666666667,-0.03232123217855054,-0.010708230355125248,-0.030230885406732577,0.4166666666666667,0.01044140479812028,-0.002943056604772787,-0.032484732346685696,0.3777777777777777,-0.05913823704094371
0.5,2.0,0.5,0.0,0.0,10,5,0.09293430009273274,-0.026060412736857108,-0.12825406871316825,1.0,-0.08106956606504101,-0.03900144224759716,-0.06341406792889526,1.0,-0.06272451483927666,-0.041111513015851364,-0.038959392881353416,1.0,-0.03210952573008152,-0.04549398713297459,-0.04727564025352027,1.0,-0.034468371315808884
0.5,2.0,0.5,0.0,0.0,10,3,0.028494561222339287,-0.09050015160725056,-0.13352411501836148,0.6045454545454544,-0.06621791909020147,-0.024149795272757624,-0.0544724661425946,0.6666666666666666,-0.048036844682446844,-0.02642384285902155,-0.026040144335031545,0.6666666666666666,0.013917690274586336,0.0005332288716932698,-0.05237847682275687,0.6444444444444444,-0.0506461091395514
0.5,2.0,0.5,0.0,0.5,20,5,0.04468744754755227,-0.07430726528203757,-0.114901434106914,0.5056818181818182,-0.022438220290952327,0.01962990352649152,-0.019560291180014566,0.5833333333333334,-0.03026370695378844,-0.008650705130363145,-0.0273297428067637,0.5833333333333334,-0.03435084651000109,-0.047735307912894154,-0.04038153654766341,0.5555555555555556,-0.03698869545178262
0.5,2.0,0.5,0.0,0.5,20,3,0.032769659437325016,-0.08622505339226483,-0.10030010325940375,0.30795454545454537,-0.020269983688350868,0.02179814012909298,-0.021191464772224444,0.4166666666666667,-0.04897517174327992,-0.02736216991985463,-0.03322094572152934,0.4166666666666667,-0.006139054915052067,-0.019523516317945133,-0.026138317359457708,0.3777777777777777,-0.04038459192991589
0.5,2.0,0.5,0.0,0.5,10,5,0.09516764421879098,-0.023827068610798863,-0.13117726155136666,1.0,-0.033194016440502794,0.008874107376941054,-0.023215552153363905,1.0,-0.019823489137143824,0.0017895126862814692,-0.019456522934465426,1.0,-0.0772028896578153,-0.09058735106070837,-0.08312584661375366,1.0,-0.021823329786788262
0.5,2.0,0.5,0.0,0.5,10,3,0.05855183522800922,-0.060442877601580625,-0.105923350917145,0.6045454545454544,-0.051512722966209123,-0.009444599148765276,-0.03170916554937131,0.6666666666666666,-0.0485533729789831,-0.026940371155557807,-0.04766407479027679,0.6666666666666666,-0.03446666182720792,-0.04785112323010099,-0.043570794179833006,0.6444444444444444,-0.04077916886575142
0.5,2.0,0.5,0.25,0.0,20,5,-0.00888163493434202,-0.12787634776393186,-0.12948798719580923,0.5056818181818182,-0.07129206056492221,-0.029223936747478363,-0.0464858112672335,0.5833333333333334,-0.049314841316491664,-0.02770183949306637,-0.04272523200949441,0.5833333333333334,0.0022326888580923576,-0.011151772544800709,-0.04038790916438628,0.5555555555555556,-0.070678382486319
0.5,2.0,0.5,0.25,0.0,20,3,-0.0014482538927792499,-0.1204429667223691,-0.12153023935612772,0.30795454545454537,-0.07600271039264905,-0.033934586575205206,-0.05069954839625568,0.4166666666666667,-0.03046989690682289,-0.008856895083397598,-0.0278267246091366,0.4166666666666667,0.004587884988873192,-0.008796576414019874,-0.0372896314012332,0.3777777777777777,-0.06533100239348003
0.5,2.0,0.5,0.25,0.0,10,5,0.042019598593492136,-0.07697511423609771,-0.15667725070025984,1.0,-0.06150310202089859,-0.019434978203454745,-0.051159086116294716,1.0,-0.07307274659694729,-0.051459744773522,-0.05496988125193003,1.0,-0.01925786577187083,-0.0326423271747639,-0.04434942539524467,1.0,-0.05211285674935054
0.5,2.0,0.5,0.25,0.0,10,3,0.052008404064666225,-0.06698630876492362,-0.13625690145222802,0.6045454545454544,-0.0314011018661845,0.010667021951259348,-0.027514089557886923,0.6666666666666666,-0.03153507485767426,-0.009922073034248968,-0.032206017385911,0.6666666666666666,0.02239217212653455,0.009007710723641482,-0.0444581086531215,0.6444444444444444,-0.027614237802991912
0.5,2.0,0.5,0.25,0.5,20,5,-0.0014236186949972973,-0.12041833152458714,-0.1065559823150114,0.5056818181818182,-0.01604609985139116,0.026022023966052688,-0.017463541337847666,0.5833333333333334,-0.04256865446310265,-0.020955652639677358,-0.03207805728549795,0.5833333333333334,-0.026013187262159176,-0.03939764866505224,-0.03797497198888178,0.5555555555555556,-0.05673573839026048
0.5,2.0,0.5,0.25,0.5,20,3,-0.017125453927403167,-0.136120166756993,-0.10876985728358457,0.30795454545454537,-0.01572663664768381,0.026341487169760036,-0.0206564792338072,0.4166666666666667,-0.05447576496167017,-0.03286276313824488,-0.0395629096351513,0.4166666666666667,-0.006139052500040765,-0.01952351390293383,-0.02613831804231348,0.3777777777777777,-0.06252664480438366
0.5,2.0,0.5,0.25,0.5,10,5,0.03707826939672554,-0.0819164434328643,-0.13076116954766803,1.0,-0.04923851982916083,-0.007170396011716984,-0.019045164231194733,1.0,-0.04972147743557409,-0.028108475612148798,-0.04156133338895396,1.0,-0.06830224696000953,-0.0816867083629026,-0.07240208199333797,1.0,-0.055124276143975894
0.5,2.0,0.5,0.25,0.5,10,3,0.03964957764853372,-0.07934513518105613,-0.09612583134162,0.6045454545454544,-0.012916645275158345,0.029151478542285503,-0.003824853874295986,0.6666666666666666,-0.06256603239929082,-0.04095303057586552,-0.06190776864512715,0.6666666666666666,-0.02664595359051547,-0.040030414993408536,-0.03589222226913924,0.6444444444444444,-0.04056495803129499
0.5,2.0,0.5,0.5,0.0,20,5,0.06654273669660937,-0.05245197613298047,-0.1075771545627271,0.5056818181818182,-0.04667479430663346,-0.004606670489189613,-0.03752802771715302,0.5833333333333334,-0.04311363981384886,-0.021500637990423566,-0.040043995070384364,0.5833333333333334,-0.012479286292967129,-0.025863747695860195,-0.037054561873012704,0.5555555555555556,-0.03185971473508118
0.5,2.0,0.5,0.5,0.0,20,3,-0.006291622751485537,-0.12528633558107538,-0.11363740225671992,0.30795454545454537,-0.052587302637696176,-0.010519178820252328,-0.04379508762315876,0.4166666666666667,-0.027859956152464727,-0.006246954329039434,-0.03595726598346227,0.4166666666666667,-0.010372571090470961,-0.023757032493364028,-0.044855677168930796,0.3777777777777777,-0.06350924373990753
0.5,2.0,0.5,0.5,0.0,10,5,0.05527059972160986,-0.06372411310797998,-0.12272321508840844,1.0,-0.03527147397538555,0.0067966498420583,-0.034446491346130204,1.0,-0.0728108903021204,-0.05119788847869511,-0.048791826570575236,1.0,-0.026785544467035183,-0.04017000586992825,-0.04404625491062952,1.0,-0.04068187259036993
0.5,2.0,0.5,0.5,0.0,10,3,0.040947699169221474,-0.07804701366036837,-0.12049517309713942,0.6045454545454544,-0.031030286400301366,0.011037837417142482,-0.022653585988971714,0.6666666666666666,-0.012134357444952726,0.009478644378472567,-0.025652119966895648,0.6666666666666666,0.01903585698999888,0.005651395587105812,-0.048740267273754356,0.6444444444444444,-0.03009219079804339
0.5,2.0,0.5,0.5,0.5,20,5,0.006391959825272409,-0.11260275300431744,-0.07799910821756173,0.5056818181818182,-0.0027315891336225917,0.039336534683821256,-0.015244338409602598,0.5833333333333334,-0.043358184468087146,-0.021745182644661853,-0.03369687031277646,0.5833333333333334,-0.03214104503056081,-0.04552550643345388,-0.03619911172138979,0.5555555555555556,-0.0509277085427049
0.5,2.0,0.5,0.5,0.5,20,3,-0.04629580063001315,-0.165290513459603,-0.10458806553085664,0.30795454545454537,-0.008594654829024106,0.03347346898841974,-0.024321862529430804,0.4166666666666667,-0.05644566389660399,-0.0348326620731787,-0.041717064349036215,0.4166666666666667,-0.00737656951632748,-0.020761030919220547,-0.021206320410013135,0.3777777777777777,-0.0743514177585763
0.5,2.0,0.5,0.5,0.5,10,5,0.09936359165440223,-0.019631121175187616,-0.09623221479140676,1.0,-0.01850391404413665,0.0235642097733072,-0.01393933101232192,1.0,-0.04154374788007609,-0.019930746056650794,-0.042973737974359216,1.0,-0.05078132940112956,-0.06416579080402263,-0.05589141752883309,1.0,-0.01555743261460864
0.5,2.0,0.5,0.5,0.5,10,3,-0.02098450418744291,-0.13997921701703275,-0.12829418460042175,0.6045454545454544,-0.021132839921879754,0.020935283895564094,-0.0024651699471474053,0.6666666666666666,-0.06384178637511873,-0.04222878455169343,-0.05852042237969446,0.6666666666666666,-0.027298126296380287,-0.040682587699273354,-0.035717442013710854,0.6444444444444444,-0.07019353252141873
0.5,2.0,0.5,0.75,0.0,20,5,0.12784727649122907,0.008852563661639223,-0.07354256713390683,0.5056818181818182,-0.06361762521187941,-0.021549501394435566,-0.05133696961940626,0.5833333333333334,-0.020832986863078884,0.000780014960346409,-0.027086534392625095,0.5833333333333334,-0.009726169968986786,-0.023110631371879853,-0.03148158203875384,0.5555555555555556,-0.004753314162601257
0.5,2.0,0.5,0.75,0.0,20,3,0.06388118621085193,-0.05511352661873792,-0.08996851732983913,0.30795454545454537,-0.037664123655642645,0.004404000161801203,-0.037173843321540834,0.4166666666666667,-0.015902307735550902,0.005710694087874391,-0.022430211749696505,0.4166666666666667,-0.013903279547996972,-0.027287740950890038,-0.03516994340243351,0.3777777777777777,-0.026936643967434108
0.5,2.0,0.5,0.75,0.0,10,5,0.08482081752366355,-0.034173895305926294,-0.10264747077270131,1.0,-0.045961333527487214,-0.003893209710043366,-0.048265972371614896,1.0,-0.046519293697574016,-0.024906291874148723,-0.044298672130659744,1.0,-0.011352574018735462,-0.024737035421628528,-0.026804521315319185,1.0,-0.02379805440954426
0.5,2.0,0.5,0.75,0.0,10,3,0.08774695024838164,-0.031247762581208205,-0.08712043193120211,0.6045454545454544,-0.0014550565993903808,0.04061306721805347,-0.008374307095831757,0.6666666666666666,-0.008213496198764214,0.013399505624661079,-0.029157134825732345,0.6666666666666666,0.015619649846926764,0.0022351884440336978,-0.027026266520407294,0.6444444444444444,-0.0015630222467261097
0.5,2.0,0.5,0.75,0.5,20,5,0.06443031749911965,-0.054564395330470195,-0.06465395843124622,0.5056818181818182,-0.028359644779754833,0.013708479037689014,-0.028330001219196044,0.5833333333333334,-0.0373804249364762,-0.015767423113050905,-0.0368097790264994,0.5833333333333334,-0.029563640167492133,-0.0429481015703852,-0.03563073653198423,0.5555555555555556,-0.02993418684180475
0.5,2.0,0.5,0.75,0.5,20,3,0.05343066367358418,-0.06556404915600567,-0.07908825992052038,0.30795454545454537,-0.005858220912045464,0.03620990290539838,-0.019525603653924417,0.4166666666666667,-0.036691496042619565,-0.015078494219194272,-0.03866135747364041,0.4166666666666667,-0.02250176331677134,-0.035886224719664406,-0.02871794730170063,0.3777777777777777,-0.028096054234681755
0.5,2.0,0.5,0.75,0.5,10,5,0.08307908120376317,-0.03591563162582667,-0.09020115431436215,1.0,-0.04036096856572291,0.0017071552517209376,-0.03110301855900033,1.0,-0.04551299453375435,-0.023899992710329054,-0.048140849340058134,1.0,-0.0325514591615883,-0.04593592056448137,-0.03890402792450276,1.0,-0.02621063240991333
0.5,2.0,0.5,0.75,0.5,10,3,0.055091282490828064,-0.06390343033876178,-0.06397831157856959,0.6045454545454544,0.01164136010203598,0.05370948391947983,0.0,0.6666666666666666,-0.038478195456676856,-0.016865193633251563,-0.04879211151017093,0.6666666666666666,-0.009719381054156262,-0.02310384245704933,-0.019169814273917285,0.6444444444444444,-0.021324528086117976
1.0,0.5,0.0,0.0,0.0,20,5,0.11109945414394717,-0.00789525868564267,-0.1331745206084758,0.5056818181818182,-0.06988129986447544,-0.027813176047031596,-0.06643178412728445,0.5833333333333334,-0.027607885337879945,-0.005994883514454652,-0.026190739885088576,0.5833333333333334,0.016869330649421643,0.003484869246528577,-0.018216776460789896,0.5555555555555556,-0.010882662560486011
1.0,0.5,0.0,0.0,0.0,20,3,0.10517879979285527,-0.013815913036734573,-0.13779668144472446,0.30795454545454537,-0.06897829662478816,-0.026910172807344312,-0.06307400141172581,0.4166666666666667,-0.018094091979448668,0.0035189098439766253,-0.019320562140623276,0.4166666666666667,0.016874109602881493,0.0034896481999884266,-0.014985756586342935,0.3777777777777777,-0.01189342036177188
1.0,0.5,0.0,0.0,0.0,10,5,0.036480175546713456,-0.08251453728287639,-0.12251645672179046,1.0,-0.06722827656989938,-0.025160152752455534,-0.066592082135005,1.0,-0.033933980705530886,-0.012320978882105593,-0.0332727163894575,1.0,0.0006904440529431621,-0.012694017349949904,-0.027743778761165072,1.0,-0.04717382940021658
1.0,0.5,0.0,0.0,0.0,10,3,0.07655312263931924,-0.042441590190270606,-0.13915031758555352,0.6045454545454544,-0.07925015739551344,-0.037182033578069595,-0.07087649896778869,0.6666666666666666,-0.018665167284673267,0.0029478345387520255,-0.02477933565103707,0.6666666666666666,0.013279872601889675,-0.0001045888010033913,-0.020679625397727053,0.6444444444444444,-0.027967737119476876
1.0,0.5,0.0,0.0,0.5,20,5,0.09236324260142714,-0.0266314702281627,-0.09014253530356009,0.5056818181818182,-0.019250165690067877,0.02281795812737597,-0.01995032057816748,0.5833333333333334,-0.016416315392084324,0.005196686431340969,-0.017783181161327155,0.5833333333333334,0.01002942556117592,-0.0033550358417171466,-0.022326843703937116,0.5555555555555556,-0.00600342448238565
1.0,0.5,0.0,0.0,0.5,20,3,0.02551885054952363,-0.09347586228006621,-0.08953332891545251,0.30795454545454537,-0.014983678354438479,0.02708444546300537,-0.019421092044250243,0.4166666666666667,-0.018399112924134542,0.003213888899290751,-0.017908330921258875,0.4166666666666667,0.023230290946831378,0.009845829543938311,-0.01364403647331125,0.3777777777777777,-0.033334068893794096
1.0,0.5,0.0,0.0,0.5,10,5,0.1495529857043747,0.030558272874784853,-0.10981449528357379,1.0,-0.021452427036134925,0.020615696781308923,-0.03223366243539527,1.0,-0.02107525361709839,0.0005377482063269046,-0.019910002111907854,1.0,0.013016983911321223,-0.00036747749157184373,-0.02411264771227506,1.0,0.018930687596193676
1.0,0.5,0.0,0.0,0.5,10,3,0.04488496778989526,-0.07410974503969459,-0.11430028237880185,0.6045454545454544,-0.008099758006477775,0.03396836581096607,-0.022371966563474177,0.6666666666666666,-0.020923048606597217,0.0006899532168280764,-0.019577317576307096,0.6666666666666666,0.013030682362716872,-0.0003537790401761942,-0.024552432976271743,0.6444444444444444,-0.024806867688623266
1.0,0.5,0.0,0.25,0.0,20,5,0.051758717471888316,-0.06723599535770153,-0.11097553643357738,0.5056818181818182,-0.053015062515106015,-0.010946938697662167,-0.05719982750729269,0.5833333333333334,-0.02324068151979397,-0.001627679696368678,-0.02415221519758093,0.5833333333333334,0.013537862563707037,0.0001534011608139707,-0.011609497753628406,0.5555555555555556,-0.03321407436571444
1.0,0.5,0.0,0.25,0.0,20,3,0.055390263861456734,-0.06360444896813311,-0.12334213328613497,0.30795454545454537,-0.07277934159052946,-0.03071121777308561,-0.06554640139072343,0.4166666666666667,-0.016557866168502855,0.005055135654922438,-0.018660123313908872,0.4166666666666667,0.00549666730086229,-0.007887794102030776,-0.021287145914674954,0.3777777777777777,-0.03672470524599755
1.0,0.5,0.0,0.25,0.0,10,5,0.044246538863683016,-0.07474817396590683,-0.12078957602765672,1.0,-0.04578738976902108,-0.003719265951577233,-0.04948665720498435,1.0,-0.01526015180398721,0.006352850019438083,-0.01952251059291521,1.0,0.00785334202790633,-0.005531119374986737,-0.018743948999233817,1.0,-0.03444323517588468
1.0,0.5,0.0,0.25,0.0,10,3,0.10512857241222662,-0.013866140417363226,-0.1338305052301888,0.6045454545454544,-0.06802066199570433,-0.025952538178260487,-0.05893115830582907,0.6666666666666666,-0.009721279060375454,0.011891722763049839,-0.01808596597057599,0.6666666666666666,0.017084428576324973,0.003699967173431906,-0.015581163747566573,0.6444444444444444,-0.010389144241906312
1.0,0.5,0.0,0.25,0.5,20,5,0.015375749266214989,-0.10361896356337486,-0.08167194368110375,0.5056818181818182,-0.032847193135915664,0.009220930681528183,-0.02992945268496905,0.5833333333333334,-0.02173340956967318,-0.00012040774624788586,-0.019509995075461473,0.5833333333333334,-0.0001176166681298163,-0.013502078071022883,-0.020661533359166095,0.5555555555555556,-0.04636667380572726
1.0,0.5,0.0,0.25,0.5,20,3,-0.007243006946549002,-0.12623771977613885,-0.08122702403725257,0.30795454545454537,-0.033095088491351676,0.008973035326092171,-0.033994965704780666,0.4166666666666667,-0.014267679806920452,0.0073453220165048405,-0.016290388484238805,0.4166666666666667,0.0006918897760148646,-0.012692571626878202,-0.01994728179666616,0.3777777777777777,-0.055365802509295445
1.0,0.5,0.0,0.25,0.5,10,5,0.02850206149522516,-0.09049265133436468,-0.12255060765859171,1.0,-0.031300990417686525,0.010767133399757323,-0.020906716673756875,1.0,-0.02062936310169472,0.000983638721730573,-0.01793980183303645,1.0,0.0015211092182763064,-0.01186335218461676,-0.024053942879095125,1.0,-0.039661866769957706
1.0,0.5,0.0,0.25,0.5,10,3,0.016504005074314376,-0.10249070775527547,-0.11300333425657427,0.6045454545454544,-0.009462274888557887,0.03260584892888596,-0.01956921797958122,0.6666666666666666,-0.02061653396502805,0.000996467858397243,-0.01810843857801092,0.6666666666666666,-0.007161468944961058,-0.020545930347854124,-0.029839766334940232,0.6444444444444444,-0.040901775631071
1.0,0.5,0.0,0.5,0.0,20,5,0.058043595894066824,-0.06095111693552302,-0.06946619974182544,0.5056818181818182,-0.05016610860980153,-0.008097984792357682,-0.0369935513454247,0.5833333333333334,-0.018614018302167912,0.002998983521257381,-0.01695253874904512,0.5833333333333334,-0.0111083417716753,-0.024492803174568367,-0.020514635729743436,0.5555555555555556,-0.03267657176707143
1.0,0.5,0.0,0.5,0.0,20,3,0.07345319876075851,-0.045541514068831335,-0.06090910808884786,0.30795454545454537,-0.056917784189913445,-0.014849660372469597,-0.04212983999949005,0.4166666666666667,-0.013573434168279275,0.008039567655146018,-0.015745518733557118,0.4166666666666667,-0.013575598775479647,-0.026960060178372713,-0.021137751743446342,0.3777777777777777,-0.027044170302575506
1.0,0.5,0.0,0.5,0.0,10,5,-0.0274706203518984,-0.14646533318148824,-0.1339909716931944,1.0,-0.029673111139309594,0.012395012678134254,-0.02256252200599218,1.0,-0.022763820395782286,-0.001150818572356993,-0.019624934440916397,1.0,-0.016444139807006097,-0.029828601209899164,-0.02511092075396537,1.0,-0.06745755972947456
1.0,0.5,0.0,0.5,0.0,10,3,0.05410658946099156,-0.06488812336859828,-0.08376916493959763,0.6045454545454544,-0.06693246247153173,-0.02486433865408788,-0.05154956196336136,0.6666666666666666,-0.015912740909470924,0.005700260913954369,-0.01786130578426748,0.6666666666666666,-0.017367314278622925,-0.03075177568151599,-0.023718788565561755,0.6444444444444444,-0.03917346739452544
1.0,0.5,0.0,0.5,0.5,20,5,0.07365598443483767,-0.04533872839475217,-0.0432100756153202,0.5056818181818182,-0.03041629899591447,0.011651824821529377,-0.021623657895545878,0.5833333333333334,-0.019868012821677827,0.0017449890017474656,-0.01913346205396027,0.5833333333333334,-0.01192627268218005,-0.025310734085073117,-0.020418343418059703,0.5555555555555556,-0.02102433333475498
1.0,0.5,0.0,0.5,0.5,20,3,0.055792520592409245,-0.0632021922371806,-0.06819052378765234,0.30795454545454537,-0.029005918313386392,0.013062205504057456,-0.018791530353118424,0.4166666666666667,-0.01791772155508975,0.0036952802683355435,-0.01718170915978945,0.4166666666666667,-0.011949562513972056,-0.025334023916865123,-0.019756899401026873,0.3777777777777777,-0.02842124667799634
1.0,0.5,0.0,0.5,0.5,10,5,-0.014597342483170683,-0.13359205531276053,-0.10096560817883904,1.0,-0.031246085356359976,0.010822038461083872,-0.0234120078221165,1.0,-0.028279761083525257,-0.006666759260099964,-0.025694868979687202,1.0,-0.009913126018864071,-0.023297587421757138,-0.02349785806776772,1.0,-0.06190556727774984
1.0,0.5,0.0,0.5,0.5,10,3,0.03229144216219426,-0.08670327066739558,-0.08409103735261558,0.6045454545454544,-0.038251930950025215,0.003816192867418633,-0.03014442956522767,0.6666666666666666,-0.025111152436595008,-0.003498150613169715,-0.022517831454625603,0.6666666666666666,-0.012199042922365844,-0.02558350432525891,-0.02040296920763085,0.6444444444444444,-0.042424671824237654
1.0,0.5,0.0,0.75,0.0,20,5,0.03688877643819577,-0.08210593639139407,-0.05058475228762993,0.5056818181818182,-0.023583404125454788,0.01848471969198906,-0.016181785002757243,0.5833333333333334,-0.01639123599744874,0.005221765825976554,-0.015166381828513154,0.5833333333333334,-0.003026908097626624,-0.01641136950051969,-0.013949075222841945,0.5555555555555556,-0.03400493200431154
1.0,0.5,0.0,0.75,0.0,20,3,0.025342604491734422,-0.09365210833785542,-0.07023787398296844,0.30795454545454537,-0.035110322773410196,0.006957801044033651,-0.024569731256142036,0.4166666666666667,-0.019365116237658575,0.002247885585766718,-0.018143965339518675,0.4166666666666667,0.0013190937266662761,-0.01206536767622679,-0.011099890198853157,0.3777777777777777,-0.04187662080459554
1.0,0.5,0.0,0.75,0.0,10,5,-0.009282622880716684,-0.12827733571030653,-0.10034473488171547,1.0,-0.03462781574172957,0.007440308075714275,-0.02876780018532299,1.0,-0.02504553355476391,-0.0034325317313386172,-0.02489050402082016,1.0,-0.012810651785003957,-0.026195113187897023,-0.02017074639413652,1.0,-0.06030887078859472
1.0,0.5,0.0,0.75,0.0,10,3,0.06005166740441559,-0.058943045425174256,-0.042853977900960016,0.6045454545454544,-0.03859717463875656,0.003470949178687288,-0.03276125393950957,0.6666666666666666,-0.01905058046116037,0.0025624213622649217,-0.0188945976572783,0.6666666666666666,-0.019321013592016212,-0.03270547499490928,-0.024472285724067566,0.6444444444444444,-0.03017809119155325
1.0,0.5,0.0,0.75,0.5,20,5,0.03943668331365968,-0.07955802951593016,-0.04934302618227959,0.5056818181818182,-0.019501851875169063,0.022566271942274785,-0.015135664769480806,0.5833333333333334,-0.01700517323907691,0.0046078285843483835,-0.015781083585075906,0.5833333333333334,-0.0008388847917349951,-0.014223346194628061,-0.011785022429710246,0.5555555555555556,-0.03160187293814183
1.0,0.5,0.0,0.75,0.5,20,3,0.04275610504191629,-0.07623860778767355,-0.0483159562437836,0.30795454545454537,-0.035110322773410196,0.006957801044033651,-0.024569731256142036,0.4166666666666667,-0.019365116237658575,0.002247885585766718,-0.018143965339518675,0.4166666666666667,0.0018200355167357074,-0.011564425886157359,-0.010605161401302743,0.3777777777777777,-0.03396540428850329
1.0,0.5,0.0,0.75,0.5,10,5,0.000830858002691004,-0.11816385482689884,-0.093583213759459,1.0,-0.027040384158319886,0.015027739659123962,-0.021134311269998207,1.0,-0.021252988301204034,0.0003600135222212586,-0.021097355706765297,1.0,-0.009811609469373206,-0.023196070872266272,-0.01719406375572452,1.0,-0.05284220835983024
1.0,0.5,0.0,0.75,0.5,10,3,0.08218620603279558,-0.03680850679679426,-0.042853977900960016,0.6045454545454544,-0.03859717463875656,0.003470949178687288,-0.03276125393950957,0.6666666666666666,-0.01905058046116037,0.0025624213622649217,-0.0188945976572783,0.6666666666666666,-0.01833555154060884,-0.03172001294350191,-0.02349200006908858,0.6444444444444444,-0.020069729501071144
1.0,0.5,0.25,0.0,0.0,20,5,0.12381073139858212,0.004816018568992275,-0.12964515159691903,0.5056818181818182,-0.06846422060111401,-0.026396096783670164,-0.06528249175378797,0.5833333333333334,-0.021579816830251675,3.318499317361834e-05,-0.023179952281759175,0.5833333333333334,0.017734793405120186,0.00435033200222712,-0.019315158153314638,0.5555555555555556,-0.0037742882905609067
1.0,0.5,0.25,0.0,0.0,20,3,0.07421748847849474,-0.0447772243510951,-0.14087275187321258,0.30795454545454537,-0.06514032366484024,-0.02307219984739639,-0.061258664478100355,0.4166666666666667,-0.017943204080016484,0.003669797743408809,-0.02016133458064051,0.4166666666666667,0.021464905991650296,0.00808044458875723,-0.012470811921431735,0.3777777777777777,-0.024155264570016988
1.0,0.5,0.25,0.0,0.0,10,5,0.0678387717318889,-0.05115594109770094,-0.11839663444484416,1.0,-0.07236332612595298,-0.030295202308509128,-0.0668801361786685,1.0,-0.02733823028112481,-0.005725228457699516,-0.024676457279053876,1.0,-0.0029564259846096563,-0.016340887387502723,-0.024723348187187022,1.0,-0.03390389144787304
1.0,0.5,0.25,0.0,0.0,10,3,0.023902379494350923,-0.09509233333523892,-0.1428726488560046,0.6045454545454544,-0.07363587675316119,-0.03156775293571734,-0.06210822971172225,0.6666666666666666,-0.017290440402497498,0.004322561420927795,-0.025163414267163176,0.6666666666666666,0.016946506702610886,0.00356204529971782,-0.016151550921068014,0.6444444444444444,-0.049500797226690006
1.0,0.5,0.25,0.0,0.5,20,5,0.06259733505500265,-0.0563973777745872,-0.09865672666634118,0.5056818181818182,-0.03800036130189277,0.004067762515551077,-0.034611772627838655,0.5833333333333334,-0.009998692760294303,0.01161430906313099,-0.008907678367874872,0.5833333333333334,0.01628431898866123,0.002899857585768162,-0.017855861326471878,0.5555555555555556,-0.022184754372341596
1.0,0.5,0.25,0.0,0.5,20,3,0.05825264875322178,-0.06074206407636806,-0.09685856261160553,0.30795454545454537,-0.03264858828288153,0.009419535534562318,-0.02777278071889344,0.4166666666666667,-0.008483183606178502,0.013129818217246791,-0.007833986578285712,0.4166666666666667,0.016642698299345504,0.0032582368964524377,-0.019636136650626468,0.3777777777777777,-0.022520836683670165
1.0,0.5,0.25,0.0,0.5,10,5,0.09342309706722718,-0.025571615762362665,-0.12456270243300693,1.0,-0.039773004964336334,0.002295118853107514,-0.04110788001672283,1.0,-0.02212980058260794,-0.0005167987591826462,-0.022174806927290458,1.0,0.004716982039180362,-0.008667479363712705,-0.026636058612858116,1.0,-0.012311089098220625
1.0,0.5,0.25,0.0,0.5,10,3,0.07108295932417752,-0.047911753505412324,-0.10899658714657023,0.6045454545454544,-0.046698192806207794,-0.004630068988763947,-0.04282399059822817,0.6666666666666666,-0.024766741820899107,-0.0031537399974738145,-0.022301692066845957,0.6666666666666666,0.0072132963221895885,-0.006171165080703478,-0.026481993580869112,0.6444444444444444,-0.024116542086353127
1.0,0.5,0.25,0.25,0.0,20,5,0.10264968617253967,-0.016345026657050177,-0.11982654190674757,0.5056818181818182,-0.05762431940759549,-0.015556195590151645,-0.058878538921273926,0.5833333333333334,-0.016111860139930267,0.0055011416834950255,-0.02138433694976749,0.5833333333333334,0.008376848146955052,-0.005007613255938015,-0.017169095872004436,0.5555555555555556,-0.01117028162907694
1.0,0.5,0.25,0.25,0.0,20,3,0.060671785766206465,-0.05832292706338338,-0.132212067311115,0.30795454545454537,-0.05486056053130661,-0.012792436713862765,-0.0581865395881096,0.4166666666666667,-0.016639745135877404,0.004973256687547889,-0.020886311662584145,0.4166666666666667,0.009018730022040788,-0.004365731380852278,-0.015306077282308261,0.3777777777777777,-0.02935229756098387
1.0,0.5,0.25,0.25,0.0,10,5,0.002251236810797197,-0.11674347601879265,-0.1351679495124415,1.0,-0.05504054268565017,-0.012972418868206326,-0.05685426527782822,1.0,-0.01930342128264806,0.002309580540777234,-0.024129433143894485,1.0,0.004377037413631157,-0.009007423989261909,-0.018613195100645075,1.0,-0.056782345442780977
1.0,0.5,0.25,0.25,0.0,10,3,0.08416192685707169,-0.034832785972518154,-0.13830274935544784,0.6045454545454544,-0.06013344120923403,-0.01806531739179018,-0.06156226140760668,0.6666666666666666,-0.013264250677917588,0.008348751145507705,-0.02402307059713915,0.6666666666666666,0.007895576428194717,-0.005488884974698349,-0.019833664013988783,0.6444444444444444,-0.019762103109959312
1.0,0.5,0.25,0.25,0.5,20,5,0.016838276096083016,-0.10215643673350683,-0.08930500498192473,0.5056818181818182,-0.05065920223930154,-0.00859107842185769,-0.04773464636137392,0.5833333333333334,-0.021081830058252482,0.000531171765172811,-0.018853760556750254,0.5833333333333334,-0.00020233518200418743,-0.013586796584897254,-0.02177497458961375,0.5555555555555556,-0.050076509858501164
1.0,0.5,0.25,0.25,0.5,20,3,0.035018066320250174,-0.08397664650933967,-0.08936437047351842,0.30795454545454537,-0.049619831010017545,-0.007551707192573698,-0.04231616784775216,0.4166666666666667,-0.019191395580480997,0.0024216062429442964,-0.017404092459916476,0.4166666666666667,0.002164414632386258,-0.011220046770506809,-0.017108126278001623,0.3777777777777777,-0.04099718380648065
1.0,0.5,0.25,0.25,0.5,10,5,0.00838775023203131,-0.11060696259755853,-0.100459072208537,1.0,-0.018221178325056764,0.023846945492387084,-0.03345893674244982,1.0,-0.02201095997619662,-0.0003979581527713272,-0.021006903165477042,1.0,-0.005159313629314544,-0.01854377503220761,-0.025743030235958586,1.0,-0.04665265677355141
1.0,0.5,0.25,0.25,0.5,10,3,0.013880777665141064,-0.10511393516444878,-0.13137847417915904,0.6045454545454544,-0.05203092569899659,-0.00996280188155274,-0.059287917504580956,0.6666666666666666,-0.02140159756120452,0.00021140426222077124,-0.018714157013562716,0.6666666666666666,-0.010580388580874844,-0.02396484998376791,-0.02534666387398432,0.6444444444444444,-0.053354988152622206
1.0,0.5,0.25,0.5,0.0,20,5,0.06309577642011455,-0.0558989364094753,-0.0900211715270961,0.5056818181818182,-0.060108527560507996,-0.01804040374306415,-0.055017472813356894,0.5833333333333334,-0.01661082052617291,0.005002181297252384,-0.017702264360801023,0.5833333333333334,-0.01250987437481732,-0.025894335777710387,-0.02212279210526069,0.5555555555555556,-0.03279844549209862
1.0,0.5,0.25,0.5,0.0,20,3,0.07362055375558585,-0.045374159074003995,-0.08929951799076186,0.30795454545454537,-0.05665627842872201,-0.014588154611278159,-0.05156314583132793,0.4166666666666667,-0.011937603226073623,0.00967539859735167,-0.012271056268646663,0.4166666666666667,-0.010924317775823034,-0.0243087791787161,-0.022459037175131424,0.3777777777777777,-0.026260417323326003
1.0,0.5,0.25,0.5,0.0,10,5,0.054420598289851574,-0.06457411453973827,-0.10359608364984352,1.0,-0.07402826319990563,-0.03196013938246178,-0.06435249207442939,1.0,-0.018846684619645004,0.0027663172037802886,-0.022044706095710964,1.0,-0.016338835608322944,-0.02972329701121601,-0.028377303100700746,1.0,-0.041091933359613024
1.0,0.5,0.25,0.5,0.0,10,3,0.06215048411614621,-0.056844228713443634,-0.09626286148905061,0.6045454545454544,-0.07642309724094187,-0.034354973423498025,-0.06782522936719693,0.6666666666666666,-0.016389720550621156,0.005223281272804137,-0.019564300349311226,0.6666666666666666,-0.011480983178604798,-0.024865444581497864,-0.02459036341733456,0.6444444444444444,-0.0371149707732282
1.0,0.5,0.25,0.5,0.5,20,5,0.0008595311634920222,-0.11813518166609782,-0.09556251689912232,0.5056818181818182,-0.04441681309680523,-0.0023486892793613823,-0.03581039544199516,0.5833333333333334,-0.019045901343585525,0.002567100479839768,-0.016824534445476713,0.5833333333333334,-0.011082253528875818,-0.024466714931768885,-0.02005385236603463,0.5555555555555556,-0.05703294623737374
1.0,0.5,0.25,0.5,0.5,20,3,0.05909167234041557,-0.059903040489174275,-0.066898372753732,0.30795454545454537,-0.04845698800570608,-0.006388864188262233,-0.03964930548645296,0.4166666666666667,-0.01925804466616976,0.002354957157255533,-0.01703715816582374,0.4166666666666667,-0.011582871452238463,-0.02496733285513153,-0.02046453751581523,0.3777777777777777,-0.03194544062187538
1.0,0.5,0.25,0.5,0.5,10,5,-0.006078065117980258,-0.1250727779475701,-0.10350901692966008,1.0,-0.02384867358844467,0.01821945022899918,-0.028505359346797987,1.0,-0.021832236977958996,-0.00021923515453370346,-0.01963933771880433,1.0,-0.018604780380194974,-0.03198924178308804,-0.0270150427090855,1.0,-0.05655915905980002
1.0,0.5,0.25,0.5,0.5,10,3,0.019858415813806873,-0.09913629701578297,-0.07524168435519774,0.6045454545454544,-0.060609861918149766,-0.018541738100705918,-0.060607792129531046,0.6666666666666666,-0.02216657287114021,-0.000553571047714918,-0.019974423140808883,0.6666666666666666,-0.012878569524741534,-0.0262630309276346,-0.0218898635550534,0.6444444444444444,-0.05326925847858125
1.0,0.5,0.25,0.75,0.0,20,5,0.03512086107223311,-0.08387385175735673,-0.04984613397619164,0.5056818181818182,-0.032635850475013495,0.009432273342430353,-0.022356437218976066,0.5833333333333334,-0.019221615867001884,0.0023913859564234086,-0.016926225191651323,0.5833333333333334,-0.00629415428742397,-0.019678615690317036,-0.014196576150089513,0.5555555555555556,-0.037978249415286984
1.0,0.5,0.25,0.75,0.0,20,3,0.0594026945448054,-0.05959201828478444,-0.06680137717548373,0.30795454545454537,-0.04739722348389985,-0.005329099666456005,-0.037274667656845506,0.4166666666666667,-0.019799069998983843,0.0018139318244414504,-0.017505030783709796,0.4166666666666667,-0.002955448478637268,-0.016339909881530335,-0.0139772943719626,0.3777777777777777,-0.030327579853330334
1.0,0.5,0.25,0.75,0.0,10,5,-0.022130908866276888,-0.14112562169586673,-0.1089799988247645,1.0,-0.049665092232337726,-0.007596968414893879,-0.03891786509158979,1.0,-0.022133352080442203,-0.0005203502570169105,-0.020008030887786687,1.0,-0.015330866746145144,-0.02871532814903821,-0.02097500794784346,1.0,-0.06979112362777176
1.0,0.5,0.25,0.75,0.0,10,3,-0.023463283064539597,-0.14245799589412944,-0.08982290008803784,0.6045454545454544,-0.045587024201084514,-0.0035189003836406663,-0.03479367866242333,0.6666666666666666,-0.01432673178584265,0.007286270037582643,-0.012184443478509,0.6666666666666666,-0.01758491949544183,-0.030969380898334897,-0.021941044203980242,0.6444444444444444,-0.06853828987738125
1.0,0.5,0.25,0.75,0.5,20,5,0.05395605451153651,-0.06503865831805333,-0.04598231367142014,0.5056818181818182,-0.04729177183841993,-0.005223648020976079,-0.03716809546018229,0.5833333333333334,-0.02109021171624781,0.0005227901071774843,-0.019500673954287007,0.5833333333333334,-0.00577694813446461,-0.019161409537357676,-0.013683483066634805,0.5555555555555556,-0.03336910116289505
1.0,0.5,0.25,0.75,0.5,20,3,0.044695469566694124,-0.07429924326289572,-0.0605935306934855,0.30795454545454537,-0.05495710742121518,-0.012888983603771331,-0.044914884497956664,0.4166666666666667,-0.020691775822660907,0.0009212260007643858,-0.019101591086988945,0.4166666666666667,-0.0015632820595576913,-0.014947743462450758,-0.01260051768015813,0.3777777777777777,-0.03876088298849886
1.0,0.5,0.25,0.75,0.5,10,5,-0.039225473043792536,-0.15822018587338238,-0.10198725303938105,1.0,-0.053374662666854644,-0.011306538849410797,-0.0426693866274801,1.0,-0.022331091383003043,-0.0007180895595777503,-0.02020619996216888,1.0,-0.013276732610111308,-0.026661194013004375,-0.018932648145663977,1.0,-0.0781326108912621
1.0,0.5,0.25,0.75,0.5,10,3,0.002020910407301235,-0.11697380242228861,-0.06569777396451504,0.6045454545454544,-0.041675371841349285,0.000392751976094563,-0.03083778988028374,0.6666666666666666,-0.021529739013825266,8.326280960002652e-05,-0.019403105912592644,0.6666666666666666,-0.014840761085252563,-0.02822522248814563,-0.01920905366101122,0.6444444444444444,-0.05676131704778808
1.0,0.5,0.5,0.0,0.0,20,5,0.07411107186367727,-0.044883640965912575,-0.1308133069685269,0.5056818181818182,-0.06524992409666497,-0.02318180027922112,-0.06104294072331873,0.5833333333333334,-0.0250339991409686,-0.003420997317543306,-0.026039370808389917,0.5833333333333334,0.02401062923648012,0.010626167833587052,-0.011665294743952725,0.5555555555555556,-0.02491231292705938
1.0,0.5,0.5,0.0,0.0,20,3,0.07129883422074412,-0.04769587860884572,-0.1406060365270022,0.30795454545454537,-0.06059681832113284,-0.01852869450368899,-0.05891519693724012,0.4166666666666667,-0.020913128387788804,0.0006998734356364888,-0.022949673704984797,0.4166666666666667,0.024573261462965457,0.01118880006007239,-0.013346943852455162,0.3777777777777777,-0.024312017975546493
1.0,0.5,0.5,0.0,0.0,10,5,0.0319755197383369,-0.08701919309125294,-0.13683563184871905,1.0,-0.07214059569542741,-0.030072471877983564,-0.06760830287583564,1.0,-0.02679949485405697,-0.005186493030631678,-0.026424620214303363,1.0,0.001774936773871305,-0.011609524629021761,-0.020570493883716012,1.0,-0.04919615750950773
1.0,0.5,0.5,0.0,0.0,10,3,0.056011749621230456,-0.06298296320835939,-0.14547016890853315,0.6045454545454544,-0.06878724220859678,-0.02671911839115293,-0.06240568199483154,0.6666666666666666,-0.01715661286449921,0.004456388958926083,-0.023206968308113196,0.6666666666666666,0.015660077183101917,0.0022756157802088506,-0.014941370185017622,0.6444444444444444,-0.034012312330679716
1.0,0.5,0.5,0.0,0.5,20,5,0.09231921608972415,-0.02667549673986569,-0.1001918974988979,0.5056818181818182,-0.03704463803590485,0.005023485781538994,-0.026959272604830442,0.5833333333333334,-0.01031113993628896,0.011301861887136333,-0.008658042857050852,0.5833333333333334,0.02887795660251591,0.015493495199622842,-0.01329780704289274,0.5555555555555556,-0.006728798524540935
1.0,0.5,0.5,0.0,0.5,20,3,0.03370731062327037,-0.08528740220631947,-0.09998654170163879,0.30795454545454537,-0.03974816042065832,0.0023199633967855293,-0.030280350881925155,0.4166666666666667,-0.00636285505430334,0.015250146769121953,-0.006017763668447751,0.4166666666666667,0.017815219189666998,0.004430757786773931,-0.02047287808658449,0.3777777777777777,-0.034847204460263
1.0,0.5,0.5,0.0,0.5,10,5,0.03535876576825925,-0.0836359470613306,-0.1333240764900505,1.0,-0.045289602186368016,-0.003221478368924169,-0.0359947804787496,1.0,-0.021029445297817362,0.0005835565256079311,-0.021405250048126434,1.0,0.006200329685425832,-0.007184131717467235,-0.024746059247344965,1.0,-0.03943163204860871
1.0,0.5,0.5,0.0,0.5,10,3,0.06786871298153674,-0.051125999848053105,-0.1181174267514733,0.6045454545454544,-0.03417767552114792,0.007890448296295927,-0.037418515543756636,0.6666666666666666,-0.02771587179735724,-0.006102869973931946,-0.02525827641595002,0.6666666666666666,0.012608075634540139,-0.0007763857683529274,-0.023539362770840677,0.6444444444444444,-0.022065976218892648
1.0,0.5,0.5,0.25,0.0,20,5,0.10690760848781178,-0.012087104341778065,-0.12190693727050683,0.5056818181818182,-0.05407592354661517,-0.01200779972917132,-0.053210971218997316,0.5833333333333334,-0.021459259959823118,0.0001537418636021748,-0.024924653226245375,0.5833333333333334,0.0062466464318000625,-0.007137814971093004,-0.020008045119148,0.5555555555555556,-0.009488757852216584
1.0,0.5,0.5,0.25,0.0,20,3,0.050573981603487805,-0.06842073122610204,-0.11994478937313402,0.30795454545454537,-0.05121316839529555,-0.009145044577851702,-0.050234604488719636,0.4166666666666667,-0.017617681890413683,0.00399531993301161,-0.019777982558880747,0.4166666666666667,0.0079253788176199,-0.005459082585273167,-0.01977140350160378,0.3777777777777777,-0.033295154594048075
1.0,0.5,0.5,0.25,0.0,10,5,0.0416215135686997,-0.07737319926089015,-0.13439601901514575,1.0,-0.05545683204372287,-0.013388708226279022,-0.05122097654491442,1.0,-0.02890943991862449,-0.007296438095199198,-0.027109169351934193,1.0,0.0028161380376239276,-0.010568323365269139,-0.022239969128493575,1.0,-0.040844830943040575
1.0,0.5,0.5,0.25,0.0,10,3,0.107511980135506,-0.011482732694083841,-0.11696988420170162,0.6045454545454544,-0.05417398283981012,-0.012105859022366272,-0.05229160580728587,0.6666666666666666,-0.015805820736792597,0.005807181086632696,-0.020780556576794007,0.6666666666666666,0.010132318722031242,-0.003252142680861825,-0.025273857852246784,0.6444444444444444,-0.007810438707063667
1.0,0.5,0.5,0.25,0.5,20,5,0.019984285327297124,-0.09901042750229272,-0.09440675926520381,0.5056818181818182,-0.03240363875623242,0.009664485061211425,-0.02773545148565615,0.5833333333333334,-0.014468244038116307,0.007144757785308986,-0.012440713894114941,0.5833333333333334,0.007364582251565777,-0.00601987915132729,-0.01827916912154992,0.5555555555555556,-0.04196983931563161
1.0,0.5,0.5,0.25,0.5,20,3,0.03049139644302512,-0.08850331638656472,-0.08364795305999406,0.30795454545454537,-0.03321469403235011,0.008853429785093736,-0.026665092814696534,0.4166666666666667,-0.010718532689532045,0.010894469133893248,-0.009425459464788566,0.4166666666666667,0.0140341003253861,0.0006496389224930343,-0.017660949260674963,0.3777777777777777,-0.03588151871922275
1.0,0.5,0.5,0.25,0.5,10,5,-0.017057259218474008,-0.13605197204806385,-0.123466184723945,1.0,-0.04446943371766454,-0.002401309900220694,-0.03409937049707423,1.0,-0.0259273655641582,-0.004314363740732907,-0.023491969336753793,1.0,-0.006894218826215326,-0.020278680229108392,-0.024834119113973374,1.0,-0.0655126714921601
1.0,0.5,0.5,0.25,0.5,10,3,0.000989863502948829,-0.11800484932664101,-0.10767242081572503,0.6045454545454544,-0.041198076010674045,0.0008700478067698025,-0.03267299580096683,0.6666666666666666,-0.022585950952667022,-0.0009729491292417292,-0.020142200452438086,0.6666666666666666,0.0037218140961767787,-0.009662647306716288,-0.019097939784738616,0.6444444444444444,-0.05448000971068971
1.0,0.5,0.5,0.5,0.0,20,5,0.037646207644766116,-0.08134850518482373,-0.09761760270900222,0.5056818181818182,-0.048867589050150984,-0.006799465232707136,-0.03853106612013324,0.5833333333333334,-0.018983725293545528,0.002629276529879765,-0.019618811430214045,0.5833333333333334,-0.008778944435458902,-0.02216340583835197,-0.02270799505725174,0.5555555555555556,-0.041236813037618295
1.0,0.5,0.5,0.5,0.0,20,3,0.047964774621906514,-0.07102993820768333,-0.08504716697384507,0.30795454545454537,-0.045048933498660015,-0.0029808096812161677,-0.03447609436134147,0.4166666666666667,-0.01075143277030477,0.010861569053120523,-0.013143800160624775,0.4166666666666667,-0.003874876864428334,-0.0172593382673214,-0.018617625159029316,0.3777777777777777,-0.03366833999589167
1.0,0.5,0.5,0.5,0.0,10,5,0.02127143163063616,-0.09772328119895368,-0.12022376435794757,1.0,-0.03698135974062422,0.005086764076819628,-0.02961431997164099,1.0,-0.023704879234495713,-0.0020918774110704197,-0.022812380869141724,1.0,-0.015016246839497538,-0.028400708242390604,-0.03072468910131254,1.0,-0.047277673368343404
1.0,0.5,0.5,0.5,0.0,10,3,0.054150455290582045,-0.0648442575390078,-0.11522623166146806,0.6045454545454544,-0.03718674617460194,0.004881377642841911,-0.027838714113627816,0.6666666666666666,-0.017387351983259913,0.00422564984016538,-0.01847602314898622,0.6666666666666666,-0.012154089630777687,-0.025538551033670753,-0.025204412949942134,0.6444444444444444,-0.03115650666086884
1.0,0.5,0.5,0.5,0.5,20,5,0.0020476361532981713,-0.11694707667629167,-0.0907232955976931,0.5056818181818182,-0.04355458835208881,-0.00148646453464496,-0.034793427426017765,0.5833333333333334,-0.02490606344495827,-0.0032930616215329778,-0.022538760528197255,0.5833333333333334,-0.014520618386452688,-0.027905079789345755,-0.02338180398962142,0.5555555555555556,-0.057677521849624304
1.0,0.5,0.5,0.5,0.5,20,3,0.05018542240963786,-0.06880929041995199,-0.0715078213548902,0.30795454545454537,-0.03326098550944456,0.008807138307999285,-0.02330974224221205,0.4166666666666667,-0.01885383309911648,0.0027591687243088137,-0.01647183676461017,0.4166666666666667,-0.011447174244037184,-0.02483163564693025,-0.019728528490801867,0.3777777777777777,-0.03207326615037179
1.0,0.5,0.5,0.5,0.5,10,5,-0.030546681311388935,-0.14954139414097878,-0.10526450980653268,1.0,-0.021395619828758594,0.020672503988685254,-0.016056680137842116,1.0,-0.027748627847600016,-0.006135626024174723,-0.02485767873942446,1.0,-0.02137675194520483,-0.0347612133480979,-0.032978338594716106,1.0,-0.06826002727211003
1.0,0.5,0.5,0.5,0.5,10,3,0.07048252642079866,-0.04851218640879118,-0.07175529275224457,0.6045454545454544,-0.03355972359179049,0.008508400225653356,-0.025792874107503083,0.6666666666666666,-0.023710023630454713,-0.00209702180702942,-0.020807065900235178,0.6666666666666666,-0.014243556114428069,-0.027628017517321135,-0.02268357958642131,0.6444444444444444,-0.024162139726195277
1.0,0.5,0.5,0.75,0.0,20,5,0.04307268230308625,-0.07592203052650359,-0.050458759036753786,0.5056818181818182,-0.033506432094270844,0.008561691723173004,-0.022575422749457785,0.5833333333333334,-0.018394115544108747,0.0032188862793165463,-0.01622013606922368,0.5833333333333334,-0.011223988144311248,-0.024608449547204314,-0.0196605036928722,0.5555555555555556,-0.03523292529631653
1.0,0.5,0.5,0.75,0.0,20,3,0.050778278477102035,-0.06821643435248781,-0.05155110336538782,0.30795454545454537,-0.03361763331371781,0.008450490503726038,-0.022687881650910402,0.4166666666666667,-0.013797444994978814,0.00781555682844648,-0.013332551996234732,0.4166666666666667,-0.010928705063579014,-0.02431316646647208,-0.019683525166289573,0.3777777777777777,-0.031059414278391848
1.0,0.5,0.5,0.75,0.0,10,5,-0.019912884840048495,-0.13890759766963834,-0.09483166064559123,1.0,-0.04219531503592533,-0.00012719121848148163,-0.029159899263790146,1.0,-0.020544620580139616,0.0010683812432856765,-0.0166625340909472,1.0,-0.022884476546015886,-0.03626893794890895,-0.03214484179447341,1.0,-0.06782030026180111
1.0,0.5,0.5,0.75,0.0,10,3,0.0197273737147039,-0.09926733911488594,-0.08367111701166119,0.6045454545454544,-0.034938955974213926,0.007129167843229922,-0.021804783473440503,0.6666666666666666,-0.015801526240514563,0.00581147558291073,-0.011900640423818776,0.6666666666666666,-0.022341560442547093,-0.03572602184544016,-0.029233732528871403,0.6444444444444444,-0.04737519258027061
1.0,0.5,0.5,0.75,0.5,20,5,0.048582793445699934,-0.07041191938388991,-0.047089809476316136,0.5056818181818182,-0.03163135477806012,0.010436769039383731,-0.02264921608428061,0.5833333333333334,-0.019644369950178153,0.0019686318732471397,-0.017787068717215915,0.5833333333333334,-0.012085436657857995,-0.02546989806075106,-0.019611487034132846,0.5555555555555556,-0.03260136139103011
1.0,0.5,0.5,0.75,0.5,20,3,0.050140491551926125,-0.06885422127766372,-0.048826908392290536,0.30795454545454537,-0.046370318950171185,-0.004302195132727338,-0.03752489205623133,0.4166666666666667,-0.01505720114491682,0.006555800678508472,-0.013191209438807139,0.4166666666666667,-0.0110369347586452,-0.024421396161538267,-0.017586878602057432,0.3777777777777777,-0.03473978768058498
1.0,0.5,0.5,0.75,0.5,10,5,-0.05952161098416575,-0.1785163238137556,-0.11580933260147841,1.0,-0.04107971346576489,0.0009884103516789589,-0.031734480548618715,1.0,-0.022831875024128312,-0.001218873200703019,-0.019745831594357277,1.0,-0.020812293945807192,-0.03419675534870026,-0.03009229778077649,1.0,-0.08539758741068078
1.0,0.5,0.5,0.75,0.5,10,3,0.0404967091662749,-0.07849800366331494,-0.06183581406010119,0.6045454545454544,-0.03139785071027068,0.010670273107173167,-0.021958262439720877,0.6666666666666666,-0.02093762672417665,0.0006753750992486429,-0.017845600974300102,0.6666666666666666,-0.020505904210100234,-0.0338903656129933,-0.027411017072193844,0.6444444444444444,-0.03763878194876013
1.0,1.0,0.0,0.0,0.0,20,5,0.07993159883963075,-0.0390631139899591,-0.1324745808553366,0.5056818181818182,-0.062625912916345,-0.020557789098901158,-0.05398340045751804,0.5833333333333334,-0.03644088448275207,-0.014827882659326774,-0.03782566598951542,0.5833333333333334,0.01665194697132799,0.0032674855684349247,-0.019762976645850694,0.5555555555555556,-0.024451908133840662
1.0,1.0,0.0,0.0,0.0,20,3,0.076290292936948,-0.04270441989264184,-0.1323024115307172,0.30795454545454537,-0.061860072775259956,-0.019791948957816108,-0.055223222334646827,0.4166666666666667,-0.030600503243602195,-0.008987501420176902,-0.030974442510801836,0.4166666666666667,0.014412607490622342,0.0010281460877292758,-0.026748366768327148,0.3777777777777777,-0.02535887949101
1.0,1.0,0.0,0.0,0.0,10,5,0.022195277927397505,-0.09679943490219234,-0.1284452218801312,1.0,-0.06227351541193793,-0.020205391594494082,-0.060686878371775776,1.0,-0.049504631999378046,-0.027891630175952753,-0.05989111748655129,1.0,0.009318331593850315,-0.004066129809042751,-0.020227795260194692,1.0,-0.053404757602359396
1.0,1.0,0.0,0.0,0.0,10,3,0.07940768689453237,-0.039587025935057474,-0.13801290281243117,0.6045454545454544,-0.06695777801714697,-0.024889654199703126,-0.06343372533017322,0.6666666666666666,-0.04266353779354659,-0.021050535970121298,-0.048252983501391844,0.6666666666666666,0.017610625435199534,0.0042261640323064675,-0.02504631294724413,0.6444444444444444,-0.02656023101137387
1.0,1.0,0.0,0.0,0.5,20,5,0.00944235489153522,-0.10955235793805462,-0.10089910315850703,0.5056818181818182,-0.040961602311730405,0.0011065215057134425,-0.024819309068419337,0.5833333333333334,-0.03528469080088392,-0.01367168897745863,-0.030618073130502355,0.5833333333333334,0.018026479392677652,0.004642017989784586,-0.017557568479591334,0.5555555555555556,-0.05037638134384732
1.0,1.0,0.0,0.0,0.5,20,3,-0.028785721909698747,-0.1477804347392886,-0.11502928009802671,0.30795454545454537,-0.047074029702335096,-0.0050059058848912485,-0.02985431396350602,0.4166666666666667,-0.03462271381268356,-0.013009711989258266,-0.023655463757416673,0.4166666666666667,0.0023004910701525105,-0.011083970332740556,-0.03404205196769383,0.3777777777777777,-0.07136672445220249
1.0,1.0,0.0,0.0,0.5,10,5,0.048557870725929764,-0.07043684210366008,-0.15451050917975007,1.0,-0.034428233061054025,0.007639890756389822,-0.02244638145593847,1.0,-0.046320751592614284,-0.02470774976918899,-0.041516027491818375,1.0,-0.00274377163516748,-0.016128233038060547,-0.024528521747365972,1.0,-0.035912003678637006
1.0,1.0,0.0,0.0,0.5,10,3,-0.004280450253015267,-0.12327516308260511,-0.13026270508952253,0.6045454545454544,-0.035130703156906584,0.0069374206605372635,-0.027959921219068873,0.6666666666666666,-0.03566618023787138,-0.014053178414446088,-0.03280266531087839,0.6666666666666666,0.021172788341095483,0.007788326938202417,-0.023333483727857374,0.6444444444444444,-0.054679195943474534
1.0,1.0,0.0,0.25,0.0,20,5,0.038486250354924145,-0.0805084624746657,-0.11020314081561022,0.5056818181818182,-0.06570915016370404,-0.023641026346260197,-0.048529574881463367,0.5833333333333334,-0.02443168186843403,-0.002818680045008737,-0.028224962233445727,0.5833333333333334,0.003353108681146688,-0.010031352721746378,-0.025092722392894062,0.5555555555555556,-0.04406656961517788
1.0,1.0,0.0,0.25,0.0,20,3,0.015357804023406363,-0.10363690880618348,-0.11596851049279822,0.30795454545454537,-0.06960259913928046,-0.027534475321836616,-0.054872488189116164,0.4166666666666667,-0.030976087250682016,-0.009363085427256723,-0.03180262927217692,0.4166666666666667,0.011913168661156881,-0.0014712927417361854,-0.02625703039818783,0.3777777777777777,-0.055145384518590655
1.0,1.0,0.0,0.25,0.0,10,5,0.031452223153506154,-0.08754248967608369,-0.11954500174791982,1.0,-0.05289985052091295,-0.010831726703469102,-0.05768225101090052,1.0,-0.04866910492688081,-0.02705610310345552,-0.05708037834908164,1.0,-0.00032012622069643726,-0.013704587623589504,-0.027173113699665574,1.0,-0.04821615563916169
1.0,1.0,0.0,0.25,0.0,10,3,0.08550340985722604,-0.0334913029723638,-0.12607225343885098,0.6045454545454544,-0.001157064831500132,0.040911058985943716,-0.013293481813629993,0.6666666666666666,-0.041528419489564206,-0.019915417666138913,-0.04450231449937225,0.6666666666666666,0.004082629012262418,-0.009301832390630649,-0.02973454601350234,0.6444444444444444,-0.009225909099593215
1.0,1.0,0.0,0.25,0.5,20,5,0.0045439457500786595,-0.11445076707951118,-0.09812347765692286,0.5056818181818182,-0.05645290702519323,-0.014384783207749385,-0.04147905223882986,0.5833333333333334,-0.031199840072124174,-0.009586838248698881,-0.03699047948738621,0.5833333333333334,-0.009251722915909255,-0.02263618431880232,-0.016898514356975314,0.5555555555555556,-0.05993249437284256
1.0,1.0,0.0,0.25,0.5,20,3,0.01896201971029754,-0.1000326931192923,-0.11347727357072135,0.30795454545454537,-0.041577569367654776,0.0004905544497890713,-0.03830900040303664,0.4166666666666667,-0.03222178477172044,-0.010608782948295148,-0.028119126707347175,0.4166666666666667,-0.013307843865498215,-0.02669230526839128,-0.029710682165580926,0.3777777777777777,-0.05048723652373723
1.0,1.0,0.0,0.25,0.5,10,5,0.07675275197625453,-0.042241960853335314,-0.10080599403498336,1.0,-0.04970539408071861,-0.007637270263274765,-0.024209066986044858,1.0,-0.05823050425545384,-0.03661750243202855,-0.05381823772768457,1.0,-0.010173099973474264,-0.02355756137636733,-0.02620135439642657,1.0,-0.029944459521078964
1.0,1.0,0.0,0.25,0.5,10,3,-0.04530618319807811,-0.16430089602766795,-0.14504877308145192,0.6045454545454544,-0.020855260222441663,0.021212863595002185,-0.011898960988521723,0.6666666666666666,-0.04710814697527743,-0.02549514515185214,-0.04255048495195446,0.6666666666666666,-0.00025551548785140987,-0.013639976890744476,-0.02058853158389584,0.6444444444444444,-0.07450245562008953
1.0,1.0,0.0,0.5,0.0,20,5,0.08005678610045908,-0.03893792672913077,-0.09077228283253624,0.5056818181818182,-0.05909722372513737,-0.017029099907693523,-0.053313410357008095,0.5833333333333334,-0.04442785198410837,-0.022814850160683076,-0.039023174216027856,0.5833333333333334,0.0001633643308887045,-0.013221097072004362,-0.019148023847188944,0.5555555555555556,-0.027184734089935346
1.0,1.0,0.0,0.5,0.0,20,3,0.009024508166357359,-0.10997020466323248,-0.09992971945059803,0.30795454545454537,-0.05290448560785366,-0.01083636179040981,-0.042861452335515304,0.4166666666666667,-0.035107916600444544,-0.013494914777019251,-0.034738611649959394,0.4166666666666667,-0.004995504793829153,-0.01837996619672222,-0.025953780181890762,0.3777777777777777,-0.05697691469211829
1.0,1.0,0.0,0.5,0.0,10,5,0.05567518299224061,-0.06331952983734923,-0.12205967145898322,1.0,-0.063223723356709,-0.021155599539265157,-0.04963263170252474,1.0,-0.07778901521183534,-0.05617601338841005,-0.06757570887385111,1.0,-0.008484176295677548,-0.021868637698570614,-0.02338451944401998,1.0,-0.04548938597467054
1.0,1.0,0.0,0.5,0.0,10,3,0.049875962563563414,-0.06911875026602643,-0.11824679344138056,0.6045454545454544,-0.0073121401571552,0.03475598366028865,-0.012783238734602964,0.6666666666666666,-0.0534216951251032,-0.031808693301677904,-0.054667801343364464,0.6666666666666666,0.005233545293437558,-0.008150916109455508,-0.02265391182374965,0.6444444444444444,-0.028408383116309742
1.0,1.0,0.0,0.5,0.5,20,5,0.05135831598715668,-0.06763639684243317,-0.07011804203494032,0.5056818181818182,-0.030611494718896126,0.011456629098547721,-0.03462631192860288,0.5833333333333334,-0.0367305776095026,-0.015117575786077309,-0.03765501167444596,0.5833333333333334,-0.009386172263181836,-0.022770633666074902,-0.020250704565413225,0.5555555555555556,-0.03325545272228082
1.0,1.0,0.0,0.5,0.5,20,3,-0.02820182878515387,-0.14719654161474371,-0.099359925358807,0.30795454545454537,-0.014343734097083671,0.027724389720360176,-0.02347241349175344,0.4166666666666667,-0.028317151482100233,-0.0067041496586749405,-0.025531780037343355,0.4166666666666667,-0.011056118246222213,-0.02444057964911528,-0.019388713370589006,0.3777777777777777,-0.06397905569271317
1.0,1.0,0.0,0.5,0.5,10,5,0.06735440913969581,-0.05164030368989403,-0.08833482692886996,1.0,-0.03781488705426006,0.0042532367631837875,-0.028444525404464627,1.0,-0.06977590968205882,-0.04816290785863353,-0.06503945933493582,1.0,-0.016437564032310115,-0.02982202543520318,-0.024210624510778933,1.0,-0.03387256746373187
1.0,1.0,0.0,0.5,0.5,10,3,0.03303702563833966,-0.08595768719125019,-0.08713561106266199,0.6045454545454544,0.0028340295123268078,0.044902153329770655,-0.0091352040111925,0.6666666666666666,-0.04806213381881963,-0.026449131995394337,-0.043215122777456205,0.6666666666666666,-0.014204429921750306,-0.027588891324643372,-0.023177907435561473,0.6444444444444444,-0.03556112440162558
1.0,1.0,0.0,0.75,0.0,20,5,0.10723705952816265,-0.011757653301427196,-0.04833511581929717,0.5056818181818182,-0.012354498549237758,0.02971362526820609,-0.013886399974247565,0.5833333333333334,-0.05180762527369909,-0.030194623450273794,-0.04555846253708251,0.5833333333333334,-0.011148063548576226,-0.024532524951469292,-0.021116409230177435,0.5555555555555556,-0.006071609928852178
1.0,1.0,0.0,0.75,0.0,20,3,0.05212916192511763,-0.06686555090447222,-0.06562933874444588,0.30795454545454537,-0.021403805329863745,0.020664318487580102,-0.028003909664162885,0.4166666666666667,-0.04047122597206865,-0.018858224148643354,-0.03414734948962217,0.4166666666666667,-0.001045085693428427,-0.014429547096321493,-0.017400235284612875,0.3777777777777777,-0.0299165839718622
1.0,1.0,0.0,0.75,0.0,10,5,0.02304210111484495,-0.0959526117147449,-0.12114392656673689,1.0,-0.06006664905938763,-0.017998525241943786,-0.050875334905363334,1.0,-0.06994723199262398,-0.04833423016919869,-0.06919990833396927,1.0,-0.014954950817435364,-0.02833941222032843,-0.022028611393974717,1.0,-0.05917935294055022
1.0,1.0,0.0,0.75,0.0,10,3,0.019715988294316533,-0.09927872453527331,-0.07757279934995565,0.6045454545454544,0.025366976815451192,0.06743510063289504,-0.010294183660619294,0.6666666666666666,-0.05895742887848621,-0.037344427055060914,-0.05820127460273783,0.6666666666666666,-0.003721701387412457,-0.017106162790305524,-0.019362869966558893,0.6444444444444444,-0.0359842393594542
1.0,1.0,0.0,0.75,0.5,20,5,0.09536568074696561,-0.023629032082624235,-0.04667815792577923,0.5056818181818182,0.024676715133697735,0.06674483895114158,-0.009322375738620714,0.5833333333333334,-0.042248065681320446,-0.020635063857895153,-0.03878935686277907,0.5833333333333334,-0.009436699764833856,-0.022821161167726922,-0.018326534408494077,0.5555555555555556,-0.0004652884532388205
1.0,1.0,0.0,0.75,0.5,20,3,0.05711650684722058,-0.06187820598236926,-0.06188159670968829,0.30795454545454537,-0.012550333123276136,0.02951779069416771,-0.028237744193818637,0.4166666666666667,-0.036010069189335026,-0.014397067365909733,-0.03252883322915723,0.4166666666666667,-0.0021651288383307543,-0.01554959024122382,-0.01577058326214753,0.3777777777777777,-0.024957743659594273
1.0,1.0,0.0,0.75,0.5,10,5,0.0656993924402609,-0.05329532038932894,-0.07959785334769076,1.0,-0.04792196518200054,-0.005853841364556689,-0.03985830171486793,1.0,-0.05890024636079527,-0.03728724453736998,-0.058144046137279415,1.0,-0.016518342219707494,-0.02990280362260056,-0.02372824364401005,1.0,-0.03552486174033278
1.0,1.0,0.0,0.75,0.5,10,3,0.07296257547893803,-0.046032137350651814,-0.057315578192058014,0.6045454545454544,0.018365265441267153,0.060433389258711,-0.004802586417894772,0.6666666666666666,-0.04137097307990267,-0.01975797125647738,-0.040600687590375606,0.6666666666666666,1.7781774415581708e-05,-0.013366679628477485,-0.014435629946837114,0.6444444444444444,-0.010574812125858797
1.0,1.0,0.25,0.0,0.0,20,5,0.07427873903841942,-0.04471597379117043,-0.13605555783750678,0.5056818181818182,-0.06567699619031475,-0.023608872372870904,-0.06165394929378376,0.5833333333333334,-0.036231371115618694,-0.0146183692921934,-0.032751907256554746,0.5833333333333334,0.0228314113739303,0.009446949971037233,-0.018550991693687235,0.5555555555555556,-0.02680011919741784
1.0,1.0,0.25,0.0,0.0,20,3,0.08299961125431299,-0.035995101575276855,-0.14073980205587755,0.30795454545454537,-0.07573546588496238,-0.033667342067518535,-0.07167934204817272,0.4166666666666667,-0.02668570738562459,-0.005072705562199298,-0.02800030753139149,0.4166666666666667,0.01993806610484028,0.006553604701947213,-0.020091409451620135,0.3777777777777777,-0.024392496354792032
1.0,1.0,0.25,0.0,0.0,10,5,0.024271848040177346,-0.0947228647894125,-0.15158952950628646,1.0,-0.08235332610248791,-0.040285202285044064,-0.06821101050322487,1.0,-0.04321772920699374,-0.021604727383568445,-0.041683104600216514,1.0,0.00700476581338938,-0.006379695589503687,-0.025069877064108348,1.0,-0.056894253172457464
1.0,1.0,0.25,0.0,0.0,10,3,0.08662717688763855,-0.0323675359419513,-0.13307689978098236,0.6045454545454544,-0.06795584774222407,-0.025887723924780226,-0.05878711518008872,0.6666666666666666,-0.02751309383930134,-0.005900092015876046,-0.0342710388023203,0.6666666666666666,0.029620432111327144,0.016235970708434078,-0.023462229040381644,0.6444444444444444,-0.019486940351189436
1.0,1.0,0.25,0.0,0.5,20,5,0.011661857754396099,-0.10733285507519374,-0.0940460925110207,0.5056818181818182,-0.025846023889829817,0.01622209992761403,-0.025216137317744747,0.5833333333333334,-0.029356720791527735,-0.007743718968102442,-0.026524288610441427,0.5833333333333334,0.017532925714964342,0.004148464312071276,-0.012948098066906555,0.5555555555555556,-0.044783548000338354
1.0,1.0,0.25,0.0,0.5,20,3,-0.05778753038013795,-0.1767822432097278,-0.11685641709152528,0.30795454545454537,-0.03587379508481037,0.006194328732633481,-0.028056729257939672,0.4166666666666667,-0.023374208305143918,-0.0017612064817186246,-0.020524318566525257,0.4166666666666667,0.020614152846348377,0.0072296914434553106,-0.01744848144695188,0.3777777777777777,-0.07718315451695863
1.0,1.0,0.25,0.0,0.5,10,5,0.061674318891922875,-0.05732039393766697,-0.12237306358423283,1.0,-0.009205334662646836,0.03286278915479701,-0.015594063754379772,1.0,-0.0410588526849166,-0.01944585086149131,-0.036435770433229986,1.0,-0.0016888147087485983,-0.015073276111641665,-0.02008825366829281,1.0,-0.02275634902922083
1.0,1.0,0.25,0.0,0.5,10,3,-0.011217905851579557,-0.1302126186811694,-0.11332159526956864,0.6045454545454544,-0.016085580320049142,0.025982543497394706,-0.02008240118205551,0.6666666666666666,-0.03521644933180679,-0.013603447508381494,-0.02869078479508047,0.6666666666666666,0.00879321099021424,-0.004591250412678827,-0.020088880520229058,0.6444444444444444,-0.05482924722033661
1.0,1.0,0.25,0.25,0.0,20,5,0.04773326132220079,-0.07126145150738905,-0.12417137436862036,0.5056818181818182,-0.053419791873585254,-0.011351668056141406,-0.049267359708687564,0.5833333333333334,-0.032102347592869784,-0.010489345769444491,-0.029757563202263193,0.5833333333333334,0.01703774694850435,0.0036532855456112845,-0.021873331157284848,0.5555555555555556,-0.035930979225935404
1.0,1.0,0.25,0.25,0.0,20,3,0.0012180371078653884,-0.11777667572172446,-0.1252594362064493,0.30795454545454537,-0.07701663286034299,-0.034948509042899145,-0.06415974657697754,0.4166666666666667,-0.03376569479540115,-0.012152692971975854,-0.02986733785389617,0.4166666666666667,0.030320802379394163,0.016936340976501096,-0.01455154661799396,0.3777777777777777,-0.061019084134822
1.0,1.0,0.25,0.25,0.0,10,5,-0.020354051643135418,-0.13934876447272526,-0.15495934441127157,1.0,-0.057785938101394985,-0.015717814283951137,-0.0557099612569808,1.0,-0.038853805063664315,-0.017240803240239022,-0.037924676910480626,1.0,0.009752435460682385,-0.0036320259422106815,-0.023710525898369417,1.0,-0.06976732196108161
1.0,1.0,0.25,0.25,0.0,10,3,0.09543205746743855,-0.023562655362151297,-0.12930330319404304,0.6045454545454544,-0.01990075363162702,0.022167370185816826,-0.024751680080461913,0.6666666666666666,-0.04800580817125377,-0.02639280634782848,-0.0416869427785056,0.6666666666666666,0.016785643272208217,0.0034011818693151508,-0.02844841565563616,0.6444444444444444,-0.008510096038290879
1.0,1.0,0.25,0.25,0.5,20,5,0.007209729270193144,-0.1117849835593967,-0.10007625699962464,0.5056818181818182,-0.06349934878259,-0.021431224965146156,-0.04088908835195715,0.5833333333333334,-0.03248908585811905,-0.010876084034693756,-0.028675568842507992,0.5833333333333334,0.001803020022598023,-0.011581441380295043,-0.018385641585308754,0.5555555555555556,-0.05902967765526338
1.0,1.0,0.25,0.25,0.5,20,3,-0.016978286151606903,-0.13597299898119675,-0.09936624741345779,0.30795454545454537,-0.04854372841433496,-0.006475604596891116,-0.029267153312681926,0.4166666666666667,-0.02455977036153334,-0.0029467685381080466,-0.02253998334687468,0.4166666666666667,0.01836951129588904,0.004985049892995974,-0.013364848888030134,0.3777777777777777,-0.06250100848752813
1.0,1.0,0.25,0.25,0.5,10,5,0.033670941320298686,-0.08532377150929116,-0.10622275279023119,1.0,-0.03519475044705078,0.0068733733703930655,-0.023569323916699414,1.0,-0.04229131033178746,-0.020678308508362164,-0.04254865601896418,1.0,-0.005159986940394656,-0.018544448343287723,-0.02362374348697871,1.0,-0.042560767364330246
1.0,1.0,0.25,0.25,0.5,10,3,-0.019842475129356663,-0.1388371879589465,-0.1185981667829219,0.6045454545454544,-0.011155449489374636,0.030912674328069212,-0.018653625539552632,0.6666666666666666,-0.03234488767432353,-0.010731885850898237,-0.03130285854855497,0.6666666666666666,0.00766453552922286,-0.005719925873670206,-0.02599432259113399,0.6444444444444444,-0.05721633775819389
1.0,1.0,0.25,0.5,0.0,20,5,0.051911885533072244,-0.0670828272965176,-0.0921916046429847,0.5056818181818182,-0.06451569387191314,-0.02244757005446929,-0.053709700476061606,0.5833333333333334,-0.04334862427944153,-0.021735622456016235,-0.04079711452666701,0.5833333333333334,0.0024181202010833402,-0.010966341201809726,-0.021035409132353577,0.5555555555555556,-0.04070445934572413
1.0,1.0,0.25,0.5,0.0,20,3,0.04596411988934701,-0.07303059294024283,-0.09006480936613948,0.30795454545454537,-0.05213613822886731,-0.010068014411423465,-0.049145700814189563,0.4166666666666667,-0.03812641409477502,-0.016513412271349726,-0.03482853566390942,0.4166666666666667,0.008611756058063413,-0.004772705344829653,-0.020015402673278615,0.3777777777777777,-0.03857368806839205
1.0,1.0,0.25,0.5,0.0,10,5,0.038776981848512415,-0.08021773098107743,-0.10814499410589506,1.0,-0.06332250089196756,-0.02125437707452371,-0.064353871044866,1.0,-0.06479310427731666,-0.04318010245389137,-0.06350641602326446,1.0,-0.011532080661190935,-0.024916542064084002,-0.028582685359733517,1.0,-0.05162606988781208
1.0,1.0,0.25,0.5,0.0,10,3,0.05569283572010142,-0.06330187710948842,-0.12801888744869927,0.6045454545454544,0.0013832858871087872,0.043451409704552635,-0.01726015866112962,0.6666666666666666,-0.06137378056115683,-0.03976077873773154,-0.05894489646996992,0.6666666666666666,0.008363214716322176,-0.0050212466865708905,-0.0249680053220227,0.6444444444444444,-0.024340296086777
1.0,1.0,0.25,0.5,0.5,20,5,0.028632297442454657,-0.09036241538713519,-0.07258280090739588,0.5056818181818182,-0.042501269763049465,-0.0004331459456056175,-0.03498702029335865,0.5833333333333334,-0.03469257910765755,-0.013079577284232258,-0.03345106203160453,0.5833333333333334,-0.00398040434657021,-0.017364865749463276,-0.021761306315219553,0.5555555555555556,-0.04533803986566657
1.0,1.0,0.25,0.5,0.5,20,3,0.02246685068630816,-0.09652786214328168,-0.09764584480566862,0.30795454545454537,-0.03502012943897359,0.007047994378470257,-0.028868082693031427,0.4166666666666667,-0.02875789844631793,-0.007144896622892638,-0.025172351137571214,0.4166666666666667,-0.0023611509176075796,-0.015745612320500646,-0.01697926239731784,0.3777777777777777,-0.04510911571136819
1.0,1.0,0.25,0.5,0.5,10,5,0.05702512142195659,-0.06196959140763325,-0.09174229908900333,1.0,-0.03657820219132779,0.005489921626116057,-0.026450454449962413,1.0,-0.05493821846409508,-0.033325216640669786,-0.05809935155932233,1.0,-0.008341514847644671,-0.021725976250537737,-0.022306687220729038,1.0,-0.03477151466058708
1.0,1.0,0.25,0.5,0.5,10,3,0.05462584711611518,-0.06436886571347467,-0.09000056275806623,0.6045454545454544,-0.028223752520406764,0.013844371297037084,-0.010458512848979029,0.6666666666666666,-0.040869990559959546,-0.019256988736534253,-0.040208148494687235,0.6666666666666666,-0.015619931125797515,-0.02900439252869058,-0.027389231844442974,0.6444444444444444,-0.032744103936588054
1.0,1.0,0.25,0.75,0.0,20,5,0.061129110895480565,-0.05786560193410928,-0.07623094192289581,0.5056818181818182,-0.0037091297531007816,0.038358994064343066,-0.013611249843272666,0.5833333333333334,-0.044341698828916365,-0.022728697005491072,-0.0432535907130408,0.5833333333333334,-0.0006341352876007011,-0.014018596690493768,-0.02173852722587577,0.5555555555555556,-0.021961866408661133
1.0,1.0,0.25,0.75,0.0,20,3,0.030199634336309122,-0.08879507849328072,-0.0665605860612688,0.30795454545454537,-0.028284522218322006,0.013783601599121842,-0.030228049430118475,0.4166666666666667,-0.039146916118016684,-0.01753391429459139,-0.03805289324660455,0.4166666666666667,0.0036125701074518624,-0.009771891295441204,-0.019215777258745348,0.3777777777777777,-0.04060775576070075
1.0,1.0,0.25,0.75,0.0,10,5,-0.003888490687574575,-0.12288320351716442,-0.1127651937808718,1.0,-0.05292929620134901,-0.01086117238390516,-0.04866067431897092,1.0,-0.06956131092309503,-0.04794830909966974,-0.06696852143082221,1.0,-0.0019724469161460645,-0.015356908319039131,-0.02981581816902834,1.0,-0.06750851729150661
1.0,1.0,0.25,0.75,0.0,10,3,-0.0029211972962507327,-0.12191591012584058,-0.09480763220269983,0.6045454545454544,0.003217828127758393,0.04528595194520224,-0.007365946187767314,0.6666666666666666,-0.05362371014317979,-0.0320107083197545,-0.05098650843512176,0.6666666666666666,0.004124532452921326,-0.00925992894997174,-0.020481614340487564,0.6444444444444444,-0.04973126716078664
1.0,1.0,0.25,0.75,0.5,20,5,0.052766511105518665,-0.06622820172407118,-0.0547235698998344,0.5056818181818182,-5.959431536339821e-05,0.04200852950208045,-0.015508583006104693,0.5833333333333334,-0.040499365002975796,-0.018886363179550503,-0.039858589992323945,0.5833333333333334,-0.008029646811510527,-0.021414108214403593,-0.01928546874430348,0.5555555555555556,-0.02534562910940503
1.0,1.0,0.25,0.75,0.5,20,3,0.03515448180425951,-0.08384023102533034,-0.055340810131617735,0.30795454545454537,-0.015581373717290514,0.026486750100153333,-0.02418990059405146,0.4166666666666667,-0.025358796762061653,-0.00374579493863636,-0.024707910556667434,0.4166666666666667,-0.003375391336748468,-0.016759852739641534,-0.016580991096080577,0.3777777777777777,-0.034182263588102
1.0,1.0,0.25,0.75,0.5,10,5,0.048326887024977117,-0.07066782580461273,-0.07919731745340863,1.0,-0.025062847953020162,0.017005275864423686,-0.02747314401231782,1.0,-0.05307534392883473,-0.031462342105409435,-0.05138596214077917,1.0,-0.015472182396442546,-0.028856643799335613,-0.025770346777106323,1.0,-0.036597050531681566
1.0,1.0,0.25,0.75,0.5,10,3,0.008742199032672815,-0.11025251379691703,-0.05634803952173839,0.6045454545454544,0.016882557728249425,0.05895068154569327,-0.008336963202357328,0.6666666666666666,-0.0396978294430953,-0.018084827619670008,-0.03798458120569037,0.6666666666666666,-0.013288944300773875,-0.02667340570366694,-0.023204069703201324,0.6444444444444444,-0.04158969582068989
1.0,1.0,0.5,0.0,0.0,20,5,0.0979464901754199,-0.021048222654169946,-0.13604235602915737,0.5056818181818182,-0.06281378437034968,-0.02074566055290583,-0.06122704265121548,0.5833333333333334,-0.025866270263524282,-0.0042532684400989895,-0.026967422116816575,0.5833333333333334,0.03129358844279273,0.017909127039899664,-0.01904487645951991,0.5555555555555556,-0.012609736542632834
1.0,1.0,0.5,0.0,0.0,20,3,0.04947549484465741,-0.06951921798493244,-0.14341920836942035,0.30795454545454537,-0.06264336434829243,-0.020575240530848582,-0.05854550541525583,0.4166666666666667,-0.01877761259729971,0.002835389226125584,-0.02501199397616949,0.4166666666666667,0.03374233352327738,0.020357872120384313,-0.017344852322795146,0.3777777777777777,-0.032948469023955256
1.0,1.0,0.5,0.0,0.0,10,5,0.058840577380867565,-0.06015413544872228,-0.1484107145278073,1.0,-0.06477239918540934,-0.022704275367965487,-0.05977101189316736,1.0,-0.04269107625682733,-0.02107807443340204,-0.03855481583639986,1.0,0.026459656642121576,0.01307519523922851,-0.025536736348874878,1.0,-0.03394586167304243
1.0,1.0,0.5,0.0,0.0,10,3,0.04710306034396372,-0.07189165248562612,-0.13569966968749336,0.6045454545454544,-0.07147782057198138,-0.02940969675453753,-0.0641046027201273,0.6666666666666666,-0.025701430443580198,-0.004088428620154905,-0.036695489220990085,0.6666666666666666,0.021203046930850178,0.007818585527957111,-0.03160384681238915,0.6444444444444444,-0.0391441442709958
1.0,1.0,0.5,0.0,0.5,20,5,0.02568582035313094,-0.0933088924764589,-0.09926318738607676,0.5056818181818182,-0.02455779343382114,0.017510330383622708,-0.023077242111872898,0.5833333333333334,-0.024416991577736358,-0.002803989754311065,-0.023401872689937098,0.5833333333333334,0.019254949910311625,0.005870488507418559,-0.015373321606561352,0.5555555555555556,-0.03715144420553471
1.0,1.0,0.5,0.0,0.5,20,3,0.04375226897202844,-0.0752424438575614,-0.09884398336792677,0.30795454545454537,-0.04930823782832139,-0.007240114010877541,-0.0409498063879028,0.4166666666666667,-0.01950114165410921,0.002111860169316082,-0.018480907699663707,0.4166666666666667,0.020734853896714034,0.0073503924938209675,-0.017635430364264626,0.3777777777777777,-0.034249790339151466
1.0,1.0,0.5,0.0,0.5,10,5,0.04292599986591217,-0.07606871296367768,-0.13114722363264408,1.0,0.005934223713305986,0.048002347530749834,-0.015594063754379772,1.0,-0.030836483543915327,-0.009223481720490034,-0.031535809249881974,1.0,0.015358255786342534,0.0019737943834494676,-0.02108764797224605,1.0,-0.023317787051523584
1.0,1.0,0.5,0.0,0.5,10,3,0.06089294855631944,-0.058101764273270406,-0.11128885400339561,0.6045454545454544,0.001971253457763389,0.04403937727520724,-0.021983056361651654,0.6666666666666666,-0.03430867826732331,-0.012695676443898019,-0.03181636947818978,0.6666666666666666,0.007994346049903012,-0.005390115352990055,-0.02124453372462498,0.6444444444444444,-0.017848818373703085
1.0,1.0,0.5,0.25,0.0,20,5,0.02430801630706836,-0.09468669652252149,-0.1275206662059445,0.5056818181818182,-0.06834235554879275,-0.026274231731348907,-0.0672189088879448,0.5833333333333334,-0.02121878373196784,0.00039421809145745446,-0.025222359409107553,0.5833333333333334,0.02409585341014342,0.010711392007250353,-0.018747771730083906,0.5555555555555556,-0.04751172985316573
1.0,1.0,0.5,0.25,0.0,20,3,0.03728620630270507,-0.08170850652688477,-0.1218549972145998,0.30795454545454537,-0.054118028422704745,-0.012049904605260897,-0.05306429510258137,0.4166666666666667,-0.021412427366846676,0.00020057445657861717,-0.0240382330321135,0.4166666666666667,0.028466951193913292,0.015082489791020226,-0.0183642010941224,0.3777777777777777,-0.03748884445127355
1.0,1.0,0.5,0.25,0.0,10,5,0.055896115950900604,-0.06309859687868924,-0.14316469284718303,1.0,-0.06981379047858793,-0.027745666661144086,-0.05319115241941519,1.0,-0.03073921901672616,-0.009126217193300867,-0.032093802373365565,1.0,0.016559101765605266,0.0031746403627122,-0.03316072447785123,1.0,-0.03622352178528448
1.0,1.0,0.5,0.25,0.0,10,3,0.030165338506714656,-0.08882937432287519,-0.1411993017573303,0.6045454545454544,-0.04834863719283522,-0.006280513375391372,-0.038212764208455874,0.6666666666666666,-0.0378442756191697,-0.016231273795744405,-0.036658486838550663,0.6666666666666666,0.02821118918921628,0.014826727786323213,-0.026493680879722703,0.6444444444444444,-0.041754028690554855
1.0,1.0,0.5,0.25,0.5,20,5,0.024117811702407677,-0.09487690112718217,-0.08839365844470548,0.5056818181818182,-0.0537471931914103,-0.011679069373966455,-0.04168901177515205,0.5833333333333334,-0.024094917679841177,-0.002481915856415884,-0.022503342175281493,0.5833333333333334,-2.1126578533592344e-05,-0.013405587981426659,-0.021266660537606175,0.5555555555555556,-0.04799749842639997
1.0,1.0,0.5,0.25,0.5,20,3,0.02099322681565119,-0.09800148601393865,-0.09973714752378593,0.30795454545454537,-0.03932311170017011,0.0027450121172737374,-0.025861717923108762,0.4166666666666667,-0.021926588691696502,-0.0003135868682712095,-0.020147923056437977,0.4166666666666667,0.023562770272257838,0.010178308869364772,-0.013279252294926325,0.3777777777777777,-0.041934707376789934
1.0,1.0,0.5,0.25,0.5,10,5,0.06143579264629828,-0.05755892018329156,-0.10185700293768662,1.0,-0.028503626444151386,0.013564497373292461,-0.028088604872342327,1.0,-0.02446378062961896,-0.0028507788061936656,-0.027021284170991478,1.0,-0.00394014032289558,-0.017324601725788646,-0.026988775083429006,1.0,-0.025536696818955432
1.0,1.0,0.5,0.25,0.5,10,3,0.0039026028502751053,-0.11509210997931474,-0.12180382019540248,0.6045454545454544,0.012696879611729495,0.05476500342917334,-0.01306707325905565,0.6666666666666666,-0.030102437238010538,-0.008489435414585245,-0.02759777042375755,0.6666666666666666,0.004080014139485444,-0.009304447263407623,-0.02546472855208326,0.6444444444444444,-0.040769281035097235
1.0,1.0,0.5,0.5,0.0,20,5,0.006579449732547538,-0.1124152630970423,-0.12051259452328322,0.5056818181818182,-0.06135623408949675,-0.019288110272052905,-0.05549434900031924,0.5833333333333334,-0.035797860107724344,-0.014184858284299051,-0.03355912838427666,0.5833333333333334,0.01077212966062624,-0.002612331742266827,-0.01753784343432263,0.5555555555555556,-0.05792847446566715
1.0,1.0,0.5,0.5,0.0,20,3,0.027932777984100543,-0.0910619348454893,-0.11804475199271658,0.30795454545454537,-0.045976740417390194,-0.003908616599946346,-0.04584760363862328,0.4166666666666667,-0.021962961353607646,-0.00034995953018235326,-0.023887796755404755,0.4166666666666667,0.01170934433351234,-0.0016751170693807271,-0.018616283660362054,0.3777777777777777,-0.042258786320391234
1.0,1.0,0.5,0.5,0.0,10,5,-0.018517969923311894,-0.13751268275290174,-0.13529229084699657,1.0,-0.048546394310833185,-0.006478270493389338,-0.04677967022581597,1.0,-0.04886588808042813,-0.02725288625700284,-0.04595655657477549,1.0,0.003975425414340483,-0.009409035988552583,-0.024521985320542283,1.0,-0.06899956319898642
1.0,1.0,0.5,0.5,0.0,10,3,0.08762017679752732,-0.03137453603206253,-0.10786882755217053,0.6045454545454544,-0.031171521069020436,0.010896602748423412,-0.04534491662802209,0.6666666666666666,-0.040335588043702075,-0.018722586220276782,-0.037400164034018246,0.6666666666666666,0.009898589712083572,-0.0034858716908094944,-0.023781450715642194,0.6444444444444444,-0.014725659213985226
1.0,1.0,0.5,0.5,0.5,20,5,0.025526436098133987,-0.09346827673145586,-0.06842824042046014,0.5056818181818182,-0.035035379541842215,0.007032744275601632,-0.027626515149152597,0.5833333333333334,-0.032570036299040095,-0.010957034475614802,-0.03133376379100827,0.5833333333333334,-0.00013556752310284192,-0.013520028925995908,-0.01880509160431154,0.5555555555555556,-0.04397409797049634
1.0,1.0,0.5,0.5,0.5,20,3,0.03435392160000905,-0.08464079122958079,-0.09280355929687623,0.30795454545454537,-0.028464210994415984,0.013603912823027864,-0.02360320250050718,0.4166666666666667,-0.023498910685418983,-0.0018859088619936903,-0.02225104624449925,0.4166666666666667,0.009375748224206282,-0.004008713178686785,-0.014730918579457408,0.3777777777777777,-0.035571571153656466
1.0,1.0,0.5,0.5,0.5,10,5,0.03136130037827267,-0.08763341245131717,-0.0906452405731194,1.0,-0.027359548268366396,0.014708575549077452,-0.02951274360603995,1.0,-0.0354451562332585,-0.013832154409833208,-0.03295428647498244,1.0,-0.007293513284731268,-0.020677974687624334,-0.024257910651558245,1.0,-0.040934411080442
1.0,1.0,0.5,0.5,0.5,10,3,0.052023999518275854,-0.06697071331131399,-0.10689519551128968,0.6045454545454544,-0.032167228374365364,0.009900895443078483,-0.027185023141394704,0.6666666666666666,-0.0385159008987378,-0.016902899075312505,-0.03603296104208631,0.6666666666666666,-0.006191304800453379,-0.019575766203346445,-0.027649388287255494,0.6444444444444444,-0.033133396921120516
1.0,1.0,0.5,0.75,0.0,20,5,0.057279227936898325,-0.06171548489269152,-0.07156407480340421,0.5056818181818182,-0.030052429396675406,0.012015694420768441,-0.037839720925934905,0.5833333333333334,-0.032548848965655464,-0.01093584714223017,-0.03049490035403779,0.5833333333333334,0.00011252866761735092,-0.013271932735275715,-0.02149761166622166,0.5555555555555556,-0.028399211578144956
1.0,1.0,0.5,0.75,0.0,20,3,0.07022340537330751,-0.04877130745628233,-0.060545759755533335,0.30795454545454537,-0.008848662532674245,0.0332194612847696,-0.025688727260750444,0.4166666666666667,-0.022230313694783232,-0.0006173118713579395,-0.02015445830144247,0.4166666666666667,-0.0010160618124148701,-0.014400523215307937,-0.02192964668823616,0.3777777777777777,-0.01589489829713453
1.0,1.0,0.5,0.75,0.0,10,5,-0.02642148374609754,-0.14541619657568738,-0.12747782161451904,1.0,-0.06228843795835737,-0.02022031414091352,-0.0436725561356448,1.0,-0.04741050777772804,-0.025797505954302746,-0.045173585370571145,1.0,-0.0019526756471437423,-0.015337137050036809,-0.03293838843954855,1.0,-0.07666256344493863
1.0,1.0,0.5,0.75,0.0,10,3,0.03329157159272156,-0.08570314123686829,-0.08067219328406361,0.6045454545454544,-0.011696001018658642,0.030372122798785206,-0.010835725242918426,0.6666666666666666,-0.041826865872717,-0.020213864049291708,-0.039787578404190116,0.6666666666666666,-0.008513539672687642,-0.02189800107558071,-0.029285998351705755,0.6444444444444444,-0.03729016262562529
1.0,1.0,0.5,0.75,0.5,20,5,0.05257330948911787,-0.06642140334047197,-0.05841714440759693,0.5056818181818182,-0.017080484753502545,0.024987639063941303,-0.026254620990423416,0.5833333333333334,-0.02408155189572414,-0.0024685500722988474,-0.022584742398592206,0.5833333333333334,-0.0009147725128350048,-0.014299233915728071,-0.018970272328769577,0.5555555555555556,-0.0261578893354311
1.0,1.0,0.5,0.75,0.5,20,3,0.05818619503146594,-0.06080851779812391,-0.05211122612024732,0.30795454545454537,-0.0214192366390078,0.02064888717843605,-0.025259770717485308,0.4166666666666667,-0.022735911426026045,-0.0011229096026007523,-0.02123703806030075,0.4166666666666667,-0.005011167860211274,-0.01839562926310434,-0.020063393242823357,0.3777777777777777,-0.025129392044402513
1.0,1.0,0.5,0.75,0.5,10,5,0.02745319413283509,-0.09154151869675475,-0.09019787696035841,1.0,-0.03770404097457436,0.004364082842869488,-0.030599104250651155,1.0,-0.031165131376724275,-0.009552129553298983,-0.030278565004251412,1.0,-0.013461302315759371,-0.026845763718652438,-0.02932342760871387,1.0,-0.04556234669361499
1.0,1.0,0.5,0.75,0.5,10,3,0.052060941430340124,-0.06693377139924972,-0.06385698071298385,0.6045454545454544,-0.01630324079316181,0.025764883024282037,-0.013427394446132945,0.6666666666666666,-0.028857811548686274,-0.007244809725260981,-0.027969133782170585,0.6666666666666666,-0.01388536730733303,-0.027269828710226096,-0.026085530746837615,0.6444444444444444,-0.028856172138914928
1.0,1.5,0.0,0.0,0.0,20,5,0.06987074847152552,-0.04912396435806432,-0.12190909171294195,0.5056818181818182,-0.06700103130024071,-0.024932907482796862,-0.056173362415725014,0.5833333333333334,-0.02737279350297861,-0.005759791679553317,-0.019275482728500326,0.5833333333333334,0.0039055549246960197,-0.009478906478197047,-0.03331788679914505,0.5555555555555556,-0.030624815555490716
1.0,1.5,0.0,0.0,0.0,20,3,0.017104106955209142,-0.1018906058743807,-0.1378170623197722,0.30795454545454537,-0.06820447174828059,-0.026136347930836745,-0.0602075065627139,0.4166666666666667,-0.024819592563007697,-0.0032065907395824045,-0.01811443554746872,0.4166666666666667,0.01686670912478072,0.0034822477218876546,-0.04005143996725946,0.3777777777777777,-0.05234351107883471
1.0,1.5,0.0,0.0,0.0,10,5,-0.03960669097566216,-0.158601403805252,-0.13507616461932392,1.0,-0.07178142953311462,-0.029713305715670768,-0.062467920251135345,1.0,-0.040805137380537815,-0.019192135557112522,-0.024779179695382125,1.0,0.011451355090358772,-0.001933106312534294,-0.032280408245513814,1.0,-0.08196774442172812
1.0,1.5,0.0,0.0,0.0,10,3,0.049257761588456406,-0.06973695124113344,-0.1378735965824205,0.6045454545454544,-0.060043080816569394,-0.017974956999125546,-0.058372732541979166,0.6666666666666666,-0.03129316940653515,-0.009680167583109855,-0.019090424362251612,0.6666666666666666,0.020687399356263292,0.0073029379533702254,-0.044155317486530454,0.6444444444444444,-0.03623195175275238
1.0,1.5,0.0,0.0,0.5,20,5,0.007053493001516475,-0.11194121982807337,-0.10510543084540702,0.5056818181818182,-0.02922545785678976,0.012842665960654087,-0.021666459679372085,0.5833333333333334,-0.026734030928385444,-0.005121029104960151,-0.028411552180674704,0.5833333333333334,-0.020738254208170992,-0.03412271561106406,-0.027122515755682808,0.5555555555555556,-0.05304944413987313
1.0,1.5,0.0,0.0,0.5,20,3,-0.01570571401888199,-0.13470042684847183,-0.10279305448859355,0.30795454545454537,-0.01396307614962855,0.028105047667815297,-0.016859021210232417,0.4166666666666667,-0.02833059676821692,-0.006717594944791627,-0.030906067698899364,0.4166666666666667,-0.003499246569133918,-0.016883707972026984,-0.027048530096781098,0.3777777777777777,-0.057129125602381294
1.0,1.5,0.0,0.0,0.5,10,5,0.09434497499123173,-0.02464973783835811,-0.12389097425805629,1.0,-0.04510557836403428,-0.0030374545465904346,-0.03541132112869638,1.0,-0.06801085459643808,-0.04639785277301278,-0.05158023154290192,1.0,-0.028881515822822057,-0.04226597722571512,-0.037058574930827426,1.0,-0.025151320163717943
1.0,1.5,0.0,0.0,0.5,10,3,-0.05152056023620111,-0.17051527306579095,-0.15454136477685165,0.6045454545454544,-0.016023323363677178,0.02604480045376667,-0.02068340040326122,0.6666666666666666,-0.04980062080919723,-0.028187618985771934,-0.04331856912766319,0.6666666666666666,-0.013066573063977849,-0.026451034466870915,-0.04979093872767448,0.6444444444444444,-0.07841647078406071
1.0,1.5,0.0,0.25,0.0,20,5,0.026346174102114928,-0.09264853872747492,-0.12253395086089824,0.5056818181818182,-0.059034663964899425,-0.016966540147455578,-0.05004413872664559,0.5833333333333334,-0.03420203295324187,-0.012589031129816575,-0.03131110948940952,0.5833333333333334,0.004649576308104475,-0.008734885094788591,-0.03189290342089901,0.5555555555555556,-0.04913206489791838
1.0,1.5,0.0,0.25,0.0,20,3,-0.021550024983904126,-0.14054473781349397,-0.11822580652702486,0.30795454545454537,-0.06133577061058282,-0.01926764679313897,-0.04849646507449501,0.4166666666666667,-0.010691103829907678,0.010921897993517615,-0.01650166245639384,0.4166666666666667,0.013483274769229281,9.881336633621451e-05,-0.04158993863595495,0.3777777777777777,-0.06640893701037896
1.0,1.5,0.0,0.25,0.0,10,5,0.06648187965446994,-0.0525128331751199,-0.1159270962660568,1.0,-0.06815929336181958,-0.026091169544375736,-0.06048679037609439,1.0,-0.06237980191389236,-0.04076680009046707,-0.05036826072558076,1.0,-0.005408020715005901,-0.018792482117898968,-0.025908649006593842,1.0,-0.039087459646152796
1.0,1.5,0.0,0.25,0.0,10,3,0.0429221328614624,-0.07607257996812744,-0.1446660508748765,0.6045454545454544,-0.031184019074555147,0.0108841047428887,-0.023561417812095864,0.6666666666666666,0.005636045655254218,0.02724904747867951,-0.018338816310763395,0.6666666666666666,0.041519010578921156,0.02813454917602809,-0.02752937742534478,0.6444444444444444,-0.02320409530172904
1.0,1.5,0.0,0.25,0.5,20,5,-0.028511039459380716,-0.14750575228897056,-0.10592017328414072,0.5056818181818182,-0.019569555695608587,0.02249856812183526,-0.021531654969926706,0.5833333333333334,-0.026978231556567756,-0.0053652297331424625,-0.028008644140930294,0.5833333333333334,-0.014955020585085688,-0.028339481987978754,-0.025319061904397033,0.5555555555555556,-0.06580865325774612
1.0,1.5,0.0,0.25,0.5,20,3,-0.041566940610342495,-0.16056165343993234,-0.1265420188769264,0.30795454545454537,-0.012509248231873493,0.029558875585570354,-0.028025441935828233,0.4166666666666667,-0.03423962022518001,-0.012626618401754719,-0.034915499079269496,0.4166666666666667,-0.0027698822739602447,-0.01615434367685331,-0.027772547578628126,0.3777777777777777,-0.06918016946336818
1.0,1.5,0.0,0.25,0.5,10,5,0.08904860384373414,-0.0299461089858557,-0.10939081069746315,1.0,-0.021576795426325956,0.02049132839111789,-0.017991486234529064,1.0,-0.02459376173544836,-0.0029807599120230677,-0.04194281507591413,1.0,-0.0152706609775074,-0.028655122380400466,-0.02434310812708662,1.0,-0.013098299289719124
1.0,1.5,0.0,0.25,0.5,10,3,-0.007784714149082994,-0.12677942697867284,-0.1310728706913088,0.6045454545454544,-0.0046327306456535045,0.03743539317179034,-0.010977692041099107,0.6666666666666666,-0.04064939864730355,-0.019036396823878254,-0.05778247803388448,0.6666666666666666,0.0059562546790941084,-0.007428206723798958,-0.034879551741244796,0.6444444444444444,-0.05166158437960678
1.0,1.5,0.0,0.5,0.0,20,5,0.05257648633989209,-0.06641822648969775,-0.09402493144164437,0.5056818181818182,-0.056170022850029144,-0.014101899032585297,-0.04059547290144383,0.5833333333333334,-0.023473888954612776,-0.001860887131187483,-0.031940335085938076,0.5833333333333334,0.005449036349420844,-0.007935425053472223,-0.025874952950595054,0.5555555555555556,-0.03488312350620927
1.0,1.5,0.0,0.5,0.0,20,3,0.05903960776128714,-0.059955105068302705,-0.10416296446180306,0.30795454545454537,-0.06113721612557932,-0.01906909230813547,-0.04735621977215276,0.4166666666666667,0.0009503956912937372,0.02256339751471903,-0.01913277264637503,0.4166666666666667,-0.00623897724028899,-0.019623438643182056,-0.036466294598110904,0.3777777777777777,-0.03130607652703954
1.0,1.5,0.0,0.5,0.0,10,5,0.061093813931648144,-0.0579008988979417,-0.11893541830735388,1.0,-0.06661261022247189,-0.024544486405028043,-0.0500225103348535,1.0,-0.05208557073023523,-0.030472568906809938,-0.051901713025910734,1.0,-0.012916271917797095,-0.02630073332069016,-0.027922313097723417,1.0,-0.040707521439455795
1.0,1.5,0.0,0.5,0.0,10,3,0.10106790990115999,-0.017926802928429852,-0.12923954592267617,0.6045454545454544,-0.03065060921885754,0.011417514598586309,-0.025365301124797734,0.6666666666666666,-0.04109072420860471,-0.01947772238517942,-0.04581939539289814,0.6666666666666666,0.038664526703032776,0.02528006530013971,-0.019832656345257216,0.6444444444444444,-0.004342331230902814
1.0,1.5,0.0,0.5,0.5,20,5,-0.023144257712067184,-0.14213897054165703,-0.08223684785171836,0.5056818181818182,0.0011085842420455183,0.043176708059489366,-0.006923027084767774,0.5833333333333334,-0.026790229303331525,-0.005177227479906232,-0.02782290031913015,0.5833333333333334,-0.001294613803936362,-0.014679075206829428,-0.009399721008039763,0.5555555555555556,-0.056146805131883665
1.0,1.5,0.0,0.5,0.5,20,3,0.013619904562651275,-0.10537480826693857,-0.09904283371961808,0.30795454545454537,-0.01825655724270059,0.02381156657474326,-0.02930518330324683,0.4166666666666667,-0.0300935455008976,-0.008480543677472308,-0.033278147855645424,0.4166666666666667,-0.006933139079995154,-0.02031760048288822,-0.026891903544143614,0.3777777777777777,-0.04578549370049062
1.0,1.5,0.0,0.5,0.5,10,5,0.04492412372387,-0.07407058910571984,-0.09363088204563252,1.0,-0.03179014544172021,0.01027797837572364,-0.025949384112756935,1.0,-0.01818115501047557,0.0034318468129497237,-0.042092321303296876,1.0,-0.014735674750512628,-0.028120136153405695,-0.023049761138106306,1.0,-0.03446551390471141
1.0,1.5,0.0,0.5,0.5,10,3,0.04475402012152241,-0.07424069270806744,-0.12188604086700394,0.6045454545454544,-0.030921308054706387,0.011146815762737461,-0.01181600994944576,0.6666666666666666,-0.04224841039481142,-0.020635408571386127,-0.058983717218794474,0.6666666666666666,-0.00403941348063408,-0.017423874883527146,-0.03843408619844013,0.6444444444444444,-0.03633050029618297
1.0,1.5,0.0,0.75,0.0,20,5,0.07758972039313061,-0.04140499243645923,-0.07177913329932972,0.5056818181818182,-0.042692583690293495,-0.0006244598728496475,-0.03760297589750583,0.5833333333333334,-0.015831153680131327,0.005781848143293966,-0.02247130344900372,0.5833333333333334,0.012185985720577941,-0.0011984756823151255,-0.015580114482413587,0.5555555555555556,-0.01810085569547224
1.0,1.5,0.0,0.75,0.0,20,3,0.003350046136106677,-0.11564466669348317,-0.092189811416715,0.30795454545454537,-0.05605701442350908,-0.01398889060606523,-0.047490780079179395,0.4166666666666667,-0.02383281135034565,-0.0022198095269203577,-0.031907917965095844,0.4166666666666667,0.0023917347260524746,-0.010992726676840592,-0.025796082165819634,0.3777777777777777,-0.05751920309414788
1.0,1.5,0.0,0.75,0.0,10,5,0.004640613166613461,-0.11435409966297638,-0.13413603519655848,1.0,-0.04686946438084427,-0.004801340563400425,-0.038983837038385705,1.0,-0.039514212589677467,-0.017901210766252174,-0.05392357008873705,1.0,-0.004729805420740862,-0.01811426682363393,-0.017560730443877848,1.0,-0.058062001627672395
1.0,1.5,0.0,0.75,0.0,10,3,0.0067893642400609355,-0.11220534858952891,-0.10857203598198295,0.6045454545454544,-0.001430652270151045,0.0406374715472928,-0.020967675172502198,0.6666666666666666,-0.05574334532487801,-0.03413034350145272,-0.06879691140386801,0.6666666666666666,0.020645235945285556,0.00726077454239249,-0.016962726796509786,0.6444444444444444,-0.04436347432232385
1.0,1.5,0.0,0.75,0.5,20,5,0.07877531256635639,-0.04021940026323345,-0.06277213057937014,0.5056818181818182,-0.01599734554763188,0.026070778269811967,-0.024467966892418036,0.5833333333333334,-0.021593388763553878,1.961305987141504e-05,-0.02847302126623552,0.5833333333333334,-0.002985879938101066,-0.016370341340994132,-0.016714822162505638,0.5555555555555556,-0.014033644793170472
1.0,1.5,0.0,0.75,0.5,20,3,0.04366586581507814,-0.0753288470145117,-0.07134302907387402,0.30795454545454537,-0.020225242354499406,0.02184288146294444,-0.029720753709362335,0.4166666666666667,-0.024453088830812875,-0.0028400870073875817,-0.031224593815447843,0.4166666666666667,-0.0032461917263894025,-0.01663065312928247,-0.012167965910569345,0.3777777777777777,-0.031357871811294666
1.0,1.5,0.0,0.75,0.5,10,5,-0.0027776722374467377,-0.12177238506703658,-0.08475892948962671,1.0,-0.034835924107646354,0.007232199709797493,-0.02626430259294399,1.0,-0.03306788187690568,-0.011454880053480387,-0.04391306096823189,1.0,-0.03122758287835503,-0.0446120442812481,-0.03540493122714561,1.0,-0.06139956200292636
1.0,1.5,0.0,0.75,0.5,10,3,0.05780001218893549,-0.061194700640654354,-0.07348422110463293,0.6045454545454544,0.005083463306184255,0.0471515871236281,-0.008975909161865747,0.6666666666666666,-0.0412318857723416,-0.01961888394891631,-0.05629156398946222,0.6666666666666666,-0.02218451336067606,-0.03556897476356913,-0.02731788071162422,0.6444444444444444,-0.02402789731426025
1.0,1.5,0.25,0.0,0.0,20,5,0.05791088203104233,-0.06108383079854751,-0.13083706855927846,0.5056818181818182,-0.0629114963600993,-0.020843372542655447,-0.04506561439971968,0.5833333333333334,-0.016563317674328504,0.005049684149096789,-0.0203288875470391,0.5833333333333334,0.02349527471353463,0.010110813310641564,-0.027951259804863793,0.5555555555555556,-0.030424492376049484
1.0,1.5,0.25,0.0,0.0,20,3,0.05281163211171558,-0.06618308071787427,-0.14173316128665026,0.30795454545454537,-0.07344829276633735,-0.031380168948893505,-0.060153751076712725,0.4166666666666667,-0.014928488669445406,0.0066845131539798874,-0.015155818564930867,0.4166666666666667,0.011659310728914685,-0.0017251506739783817,-0.028585405998377444,0.3777777777777777,-0.03688352418826657
1.0,1.5,0.25,0.0,0.0,10,5,-0.08429322210493839,-0.20328793493452824,-0.17231410043333384,1.0,-0.06783471149873166,-0.02576658768128781,-0.04849369640398682,1.0,-0.028765100111147746,-0.007152098287722453,-0.02033441436009109,1.0,0.050466755673540975,0.03708229427064791,-0.026728787065155357,1.0,-0.09343168824342085
1.0,1.5,0.25,0.0,0.0,10,3,0.052856049730269916,-0.06613866309931993,-0.1508015498801044,0.6045454545454544,-0.049339779715992904,-0.0072716558985490565,-0.0493142958186884,0.6666666666666666,-0.017103057768343977,0.004509944055081316,-0.009264180855885651,0.6666666666666666,0.027378456787413796,0.01399399538452073,-0.025996945328099264,0.6444444444444444,-0.028804721453390924
1.0,1.5,0.25,0.0,0.5,20,5,0.04220037269125365,-0.07679434013833619,-0.0977179001803875,0.5056818181818182,-0.04700748395360488,-0.004939360136161031,-0.03737800128924473,0.5833333333333334,-0.023796258357305367,-0.0021832565338800736,-0.028411552180674815,0.5833333333333334,0.0004298566139506743,-0.012954604788942392,-0.023107082177686977,0.5555555555555556,-0.03806297229471491
1.0,1.5,0.25,0.0,0.5,20,3,-0.021812834727839014,-0.14080754755742886,-0.11401200300639136,0.30795454545454537,-0.02228426400411765,0.0197838598133262,-0.019662504099972167,0.4166666666666667,-0.03615911302789221,-0.014546111204466916,-0.02919152791409274,0.4166666666666667,-0.004660112281398843,-0.01804457368429191,-0.03499688163001491,0.3777777777777777,-0.06330603418082527
1.0,1.5,0.25,0.0,0.5,10,5,0.06298519788566859,-0.05600951494392126,-0.13292326059973925,1.0,-0.03663115444375553,0.005436969373688316,-0.0197531348232175,1.0,-0.06533968454704453,-0.04372668272361924,-0.0642695886831004,1.0,-0.02868618584706706,-0.042070647249960125,-0.029379310042119577,1.0,-0.03671463887737939
1.0,1.5,0.25,0.0,0.5,10,3,-0.004768769370360415,-0.12376348219995026,-0.11899780090814782,0.6045454545454544,-0.058071513691954846,-0.016003389874510998,-0.03573534856682048,0.6666666666666666,-0.04882219524638465,-0.027209193422959355,-0.04187611812900982,0.6666666666666666,-0.017632420687553108,-0.031016882090446174,-0.03989603443819523,0.6444444444444444,-0.0684283257856162
1.0,1.5,0.25,0.25,0.0,20,5,0.044211467547670136,-0.07478324528191971,-0.12443833682742156,0.5056818181818182,-0.08510563713602426,-0.04303751331858041,-0.06704550128091036,0.5833333333333334,-0.023658047089710754,-0.0020450452662854612,-0.020753461916587335,0.5833333333333334,0.022069738239930636,0.00868527683703757,-0.021843000347910757,0.5555555555555556,-0.04341580397089615
1.0,1.5,0.25,0.25,0.0,20,3,-0.0297344440845414,-0.14872915691413124,-0.1334166997412659,0.30795454545454537,-0.060275439860393965,-0.018207316042950117,-0.04561381762153072,0.4166666666666667,-0.010361940049699259,0.011251061773726034,-0.013782406956212134,0.4166666666666667,0.009799608168159724,-0.003584853234733343,-0.03617091580524745,0.3777777777777777,-0.07033001834124769
1.0,1.5,0.25,0.25,0.0,10,5,-0.008077925384159745,-0.1270726382137496,-0.1418964745722916,1.0,-0.07086706107372043,-0.02879893725627658,-0.06321685305290303,1.0,-0.024115139110069017,-0.002502137286643724,-0.022095922545500635,1.0,0.0426362053197884,0.029251743916895334,-0.026953139601292975,1.0,-0.06036998051571872
1.0,1.5,0.25,0.25,0.0,10,3,0.036058685965604464,-0.08293602686398538,-0.12574847446327708,0.6045454545454544,-0.031184018848638195,0.010884104968805652,-0.023561417584401334,0.6666666666666666,-0.035076642387688595,-0.013463640564263302,-0.031033072499283998,0.6666666666666666,0.0455120600971648,0.03212759869427173,-0.025363749057289442,0.6444444444444444,-0.03180059212709074
1.0,1.5,0.25,0.25,0.5,20,5,0.001867509533796774,-0.11712720329579307,-0.11143041071076876,0.5056818181818182,-0.01867956066505494,0.023388563152388908,-0.018509071555095624,0.5833333333333334,-0.03109943113089897,-0.009486429307473676,-0.03522641972917551,0.5833333333333334,0.0010003678480108302,-0.012384093554882236,-0.014494560321101302,0.5555555555555556,-0.05014067912436304
1.0,1.5,0.25,0.25,0.5,20,3,0.025049759713394515,-0.09394495311619533,-0.10702611016365171,0.30795454545454537,-0.026305198219903514,0.015762925597540334,-0.03701958999058186,0.4166666666666667,-0.0324533027052637,-0.010840300881838405,-0.02974927075787992,0.4166666666666667,-0.005150972736478243,-0.01853543413937131,-0.034196365369868253,0.3777777777777777,-0.04274085775608427
1.0,1.5,0.25,0.25,0.5,10,5,0.03595270309140641,-0.08304200973818343,-0.1289744829232542,1.0,-0.04880032453634531,-0.00673220071890146,-0.02440479561671216,1.0,-0.04874495825714342,-0.02713195643371813,-0.050446440359136036,1.0,-0.029056386710842208,-0.042440848113735274,-0.02920127824152019,1.0,-0.04948787524402592
1.0,1.5,0.25,0.25,0.5,10,3,-0.005737351379264122,-0.12473206420885397,-0.1321682132321661,0.6045454545454544,-0.028252274513911435,0.013815849303532413,-0.011898960988521612,0.6666666666666666,-0.038736129606137815,-0.01712312778271252,-0.04163421883766805,0.6666666666666666,-0.0011480164706030305,-0.014532477873496097,-0.03989603398845787,0.6444444444444444,-0.057423807416532476
1.0,1.5,0.25,0.5,0.0,20,5,0.014330450892447999,-0.10466426193714184,-0.10540914106986732,0.5056818181818182,-0.06857556163571088,-0.026507437818267032,-0.05639362703300299,0.5833333333333334,-0.01990649328402394,0.0017065085394013524,-0.025473098248085524,0.5833333333333334,0.02734226646653437,0.013957805063641304,-0.017419314380144435,0.5555555555555556,-0.05137613028582419
1.0,1.5,0.25,0.5,0.0,20,3,0.015205270487030242,-0.1037894423425596,-0.10557378543445406,0.30795454545454537,-0.06140612341755869,-0.01933799960011484,-0.0478642434101173,0.4166666666666667,-0.03054195318991837,-0.008928951366493076,-0.029548091652826014,0.4166666666666667,0.013908127195146447,0.0005236657922533805,-0.020660580323884292,0.3777777777777777,-0.052800541790316485
1.0,1.5,0.25,0.5,0.0,10,5,0.062474057645971914,-0.05652065518361793,-0.12857136375070666,1.0,-0.07259302245961952,-0.03052489864217567,-0.0561092188831257,1.0,-0.06325775645334852,-0.04164475462992323,-0.06806494353710513,1.0,0.029804213305052674,0.016419751902159607,-0.027438433290799202,1.0,-0.03684926990233653
1.0,1.5,0.25,0.5,0.0,10,3,0.09311294254579972,-0.02588177028379013,-0.11660641254873683,0.6045454545454544,-0.031478948173609966,0.010589175643833881,-0.024361428096824955,0.6666666666666666,-0.0682038197417818,-0.04659081791835651,-0.06296079787634434,0.6666666666666666,0.024409515996974385,0.011025054594081318,-0.022964888420290652,0.6444444444444444,-0.014334367215388366
1.0,1.5,0.25,0.5,0.5,20,5,0.030716710135026304,-0.08827800269456354,-0.0767342922486357,0.5056818181818182,-0.03829206636908755,0.003776057448356296,-0.03897735316770967,0.5833333333333334,-0.022386949367850573,-0.0007739475444252797,-0.033127198435769056,0.5833333333333334,-0.003413501889678927,-0.016797963292571993,-0.014857201266034847,0.5555555555555556,-0.0414168734760141
1.0,1.5,0.25,0.5,0.5,20,3,0.07237927155268142,-0.04661544127690842,-0.09760739086543835,0.30795454545454537,-0.02514567514981214,0.016922448667631707,-0.03224181439894358,0.4166666666666667,-0.019454856236115536,0.0021581455873097566,-0.02778229538257626,0.4166666666666667,-0.00655201678598627,-0.019936478188879336,-0.026487793978903773,0.3777777777777777,-0.0194130862979363
1.0,1.5,0.25,0.5,0.5,10,5,0.04508015515755304,-0.0739145576720368,-0.09672516921414187,1.0,-0.05238618109997395,-0.010318057282530102,-0.029415905062929237,1.0,-0.050600159211659945,-0.028987157388234652,-0.052287728242349285,1.0,-0.029585493607062974,-0.04296995500995604,-0.032231218142839024,1.0,-0.046634632132777694
1.0,1.5,0.25,0.5,0.5,10,3,0.11658516446194467,-0.0024095483676451757,-0.09570454362304204,0.6045454545454544,-0.030066460112177507,0.012001663705266341,-0.01181600994944576,0.6666666666666666,-0.051667325056016566,-0.030054323232591273,-0.048588320513347494,0.6666666666666666,-0.005802655632375586,-0.019187117035268653,-0.017969089345528655,0.6444444444444444,-0.005470096879302733
1.0,1.5,0.25,0.75,0.0,20,5,0.06552261507451362,-0.05347209775507622,-0.08437491440756528,0.5056818181818182,-0.054756603530804915,-0.012688479713361067,-0.05098245798742462,0.5833333333333334,-0.02477782792280603,-0.0031648260993807353,-0.03882650440320923,0.5833333333333334,0.006048907962247441,-0.007335553440645626,-0.01769269363588022,0.5555555555555556,-0.028809620849128522
1.0,1.5,0.25,0.75,0.0,20,3,0.052148553613522663,-0.06684615921606718,-0.08867076671631058,0.30795454545454537,-0.05488186979277643,-0.01281374597533258,-0.04603951893833502,0.4166666666666667,-0.03314507582167314,-0.01153207399824785,-0.03919209158374626,0.4166666666666667,-0.0007710821716455651,-0.014155543574538632,-0.02706496854297913,0.3777777777777777,-0.03713735077698135
1.0,1.5,0.25,0.75,0.0,10,5,0.011279068406605752,-0.10771564442298409,-0.13364041505023871,1.0,-0.05028481815011554,-0.008216694332671692,-0.042035636948007604,1.0,-0.0689693492930179,-0.04735634746959261,-0.0689193812383867,1.0,0.007268731723300004,-0.006115729679593063,-0.024022418065255735,1.0,-0.058547025145888616
1.0,1.5,0.25,0.75,0.0,10,3,0.06099395070246616,-0.058000762127123684,-0.10062121229243226,0.6045454545454544,0.021322660908969393,0.06339078472641324,-0.01278323780328039,0.6666666666666666,-0.06033906471387995,-0.03872606289045466,-0.06878821334256568,0.6666666666666666,0.009044090122606319,-0.004340371280286748,-0.018433899683419575,0.6444444444444444,-0.016712611901213557
1.0,1.5,0.25,0.75,0.5,20,5,0.07016441832811893,-0.04883029450147092,-0.06226136976601493,0.5056818181818182,-0.016879283116491228,0.02518884070095262,-0.024628894425521297,0.5833333333333334,-0.030108170816692592,-0.008495168993267299,-0.03547907820904872,0.5833333333333334,-0.002168957501648694,-0.01555341890454176,-0.0176273899120033,0.5555555555555556,-0.019283710535095117
1.0,1.5,0.25,0.75,0.5,20,3,0.049408542955997836,-0.06958616987359201,-0.06763032946105829,0.30795454545454537,-0.019207614482247393,0.022860509335196455,-0.02270343693523924,0.4166666666666667,-0.020290358516092177,0.0013226433073331156,-0.030445211744359768,0.4166666666666667,0.0011324755370523132,-0.012251985865840753,-0.015358632561372487,0.3777777777777777,-0.027238050493093437
1.0,1.5,0.25,0.75,0.5,10,5,0.0102724449901479,-0.10872226783944194,-0.08726942886388478,1.0,-0.032225913934425865,0.009842209883017983,-0.026264302592943767,1.0,-0.05402308714369697,-0.032410085320271675,-0.04865947083332345,1.0,-0.013808914513416037,-0.027193375916309104,-0.020085879026521924,1.0,-0.055404987242481496
1.0,1.5,0.25,0.75,0.5,10,3,0.07228164671396176,-0.04671306611562809,-0.04838968238394892,0.6045454545454544,0.005083463306184255,0.0471515871236281,-0.008975909161865747,0.6666666666666666,-0.0451885528834749,-0.023575551060049604,-0.04907327589507193,0.6666666666666666,-0.012447882775792118,-0.025832344178685185,-0.018356279576652534,0.6444444444444444,-0.01664416725693583
1.0,1.5,0.5,0.0,0.0,20,5,0.06525833561619443,-0.053736377213395414,-0.13519022508125234,0.5056818181818182,-0.06570482483764928,-0.02363670102020543,-0.050133428304902417,0.5833333333333334,-0.022306674940722915,-0.0006936731172976218,-0.02517628830037777,0.5833333333333334,0.012248950525887814,-0.0011355108770052524,-0.021515678680678496,0.5555555555555556,-0.03036492260022473
1.0,1.5,0.5,0.0,0.0,20,3,0.04820242288470844,-0.0707922899448814,-0.13772660559088135,0.30795454545454537,-0.0830072513362482,-0.04093912751880435,-0.06717826462248355,0.4166666666666667,-0.03157641356654706,-0.009963411743121764,-0.019946987419744766,0.4166666666666667,0.0038085290676277417,-0.009575932335265325,-0.034039802156967336,0.3777777777777777,-0.04502221396665579
1.0,1.5,0.5,0.0,0.0,10,5,-0.011534018333264506,-0.13052873116285435,-0.17026705594134972,1.0,-0.07489677671749106,-0.03282865290004722,-0.06210085123667353,1.0,-0.04889357194886779,-0.027280570125442494,-0.0541645782795146,1.0,0.005964470151601509,-0.007419991251291558,-0.02461705541081305,1.0,-0.07215017645480637
1.0,1.5,0.5,0.0,0.0,10,3,0.04106217406732182,-0.07793253876226802,-0.14603613999585108,0.6045454545454544,-0.051171230179447136,-0.009103106362003288,-0.05114579719060541,0.6666666666666666,-0.05545519217670336,-0.03384219035327807,-0.05296078647791014,0.6666666666666666,0.015334173363424242,0.0019497119605311752,-0.02763365099500248,0.6444444444444444,-0.04212929079243347
1.0,1.5,0.5,0.0,0.5,20,5,0.01211625795565019,-0.10687845487393965,-0.10657365337810587,0.5056818181818182,-0.0422443996103522,-0.0001762757929083536,-0.028756947333501537,0.5833333333333334,-0.046649597340852056,-0.025036595517426763,-0.037109271973182034,0.5833333333333334,0.0028582937583443435,-0.010526167644548723,-0.017995470620418508,0.5555555555555556,-0.053473788115796256
1.0,1.5,0.5,0.0,0.5,20,3,-0.0021016384296511648,-0.12109635125924101,-0.10414266033114217,0.30795454545454537,-0.05390185617600163,-0.01183373235855778,-0.03280617056485147,0.4166666666666667,-0.033930711858076834,-0.012317710034651541,-0.023345761865469217,0.4166666666666667,-0.0063407918157335486,-0.019725253218626615,-0.030411805156012384,0.3777777777777777,-0.062258235644289624
1.0,1.5,0.5,0.0,0.5,10,5,0.0781375734540708,-0.04085713937551905,-0.12143425425059429,1.0,-0.031870400175745495,0.010197723641698353,-0.019029808664747794,1.0,-0.06852202644974836,-0.04690902462632307,-0.06209957434453517,1.0,-0.024023752198572557,-0.03740821360146562,-0.04088832744871018,1.0,-0.028483867542727286
1.0,1.5,0.5,0.0,0.5,10,3,0.004368036111698004,-0.11462667671789184,-0.11687725809163929,0.6045454545454544,-0.03872384879802948,0.0033442750194143667,-0.029743845390714396,0.6666666666666666,-0.04083450305551739,-0.019221501232092097,-0.0337904085475933,0.6666666666666666,0.009495832977308716,-0.0038886284255843506,-0.01741356369445579,0.6444444444444444,-0.054212455216849205
1.0,1.5,0.5,0.25,0.0,20,5,-0.005941337138480995,-0.12493604996807084,-0.12194987045307237,0.5056818181818182,-0.07685975479836049,-0.034791630980916644,-0.057719401647063795,0.5833333333333334,-0.02340075775189887,-0.0017877559284735778,-0.026437042822292978,0.5833333333333334,0.021456381167901162,0.008071919765008095,-0.017080446356061096,0.5555555555555556,-0.06397650565538086
1.0,1.5,0.5,0.25,0.0,20,3,-0.026507783146485386,-0.14550249597607523,-0.12968275985667077,0.30795454545454537,-0.06911167187707057,-0.02704354805962672,-0.0536728660886886,0.4166666666666667,-0.03847274580711446,-0.01685974398368917,-0.0335466588936445,0.4166666666666667,-0.0037249936177310428,-0.01710945502062411,-0.035768537530445066,0.3777777777777777,-0.07733239005478754
1.0,1.5,0.5,0.25,0.0,10,5,-0.04464722500556373,-0.16364193783515357,-0.1551566572707329,1.0,-0.06340583511402631,-0.021337711296582462,-0.03981328788369942,1.0,-0.02787036977416968,-0.006257367950744386,-0.03502524581586752,1.0,0.020197296901766082,0.0068128354988730155,-0.02485866946668136,1.0,-0.07888997971774543
1.0,1.5,0.5,0.25,0.0,10,3,0.051306959741419966,-0.06768775308816988,-0.12234624636472857,0.6045454545454544,-0.028841144661428175,0.013226979156015672,-0.030046745310060796,0.6666666666666666,-0.055772118554931804,-0.03415911673150651,-0.051941689451301176,0.6666666666666666,0.006431116906425505,-0.006953344496467562,-0.02929239861147892,0.6444444444444444,-0.03331961328486864
1.0,1.5,0.5,0.25,0.5,20,5,0.018679919351130003,-0.10031479347845984,-0.09929609539316442,0.5056818181818182,-0.05427917151941897,-0.01221104770197512,-0.0392166873971197,0.5833333333333334,-0.03246452979802106,-0.010851527974595765,-0.034628860492122215,0.5833333333333334,-0.002731790577170101,-0.016116251980063168,-0.016170191921401122,0.5555555555555556,-0.05223958598399955
1.0,1.5,0.5,0.25,0.5,20,3,0.020094891977307405,-0.09889982085228244,-0.09626682102142059,0.30795454545454537,-0.04543090864207555,-0.003362784824631704,-0.034854432306175576,0.4166666666666667,-0.03705254947209358,-0.015439547648668284,-0.0325998578143466,0.4166666666666667,-0.014800671738756321,-0.028185133141649388,-0.03281016634969358,0.3777777777777777,-0.05188931770823267
1.0,1.5,0.5,0.25,0.5,10,5,0.01870054743737426,-0.10029416539221558,-0.1261582876968318,1.0,-0.047688157937368914,-0.005620034119925066,-0.022137708560807434,1.0,-0.06213425971868092,-0.040521257895255625,-0.058048227346260806,1.0,-0.012782178061980343,-0.02616663946487341,-0.028739932068073126,1.0,-0.05654056756049764
1.0,1.5,0.5,0.25,0.5,10,3,-0.025411617395819652,-0.1444063302254095,-0.1258934792509393,0.6045454545454544,-0.02825980596751354,0.013808317849930307,-0.018653625539552632,0.6666666666666666,-0.04605736874412791,-0.02444436692070262,-0.04365011359693549,0.6666666666666666,-0.0017157721196584541,-0.01510023352255152,-0.02494684705514949,0.6444444444444444,-0.06746245920543982
1.0,1.5,0.5,0.5,0.0,20,5,0.022623126151005923,-0.09637158667858392,-0.10515303588051295,0.5056818181818182,-0.06903318433344541,-0.02696506051600156,-0.05578121587623719,0.5833333333333334,-0.035490002448805624,-0.013877000625380331,-0.03408216663870567,0.5833333333333334,0.0030408154769900886,-0.010343645925902978,-0.018775016188507854,0.5555555555555556,-0.05374157611705565
1.0,1.5,0.5,0.5,0.0,20,3,0.0027285639954124363,-0.11626614883417741,-0.09917534379200887,0.30795454545454537,-0.05987035274173891,-0.01780222892429506,-0.04946958608359686,0.4166666666666667,-0.03544249644122144,-0.013829494617796145,-0.03573367594761334,0.4166666666666667,0.0032398578703747294,-0.010144603532518337,-0.025038673863773564,0.3777777777777777,-0.060366438929000774
1.0,1.5,0.5,0.5,0.0,10,5,0.020702870800517914,-0.09829184202907193,-0.13547138274148174,1.0,-0.06571020099933367,-0.02364207718188982,-0.0521551840690504,1.0,-0.06457425140476614,-0.042961249581340843,-0.0662576908050706,1.0,-0.0037083155899021447,-0.01709277699279521,-0.022780609063568158,1.0,-0.05914995219467523
1.0,1.5,0.5,0.5,0.0,10,3,0.07871136853282867,-0.04028334429676117,-0.10845796622534576,0.6045454545454544,-0.024607240445878253,0.017460883371565594,-0.015327738775805844,0.6666666666666666,-0.05149318578800255,-0.029880183964577256,-0.050493347076580375,0.6666666666666666,0.000276006562560438,-0.013108454840332628,-0.02368649490282071,0.6444444444444444,-0.02021057991138761
1.0,1.5,0.5,0.5,0.5,20,5,0.003971256498545239,-0.1150234563310446,-0.08623380562636351,0.5056818181818182,-0.03630104838602721,0.005767075431416635,-0.04091767643171007,0.5833333333333334,-0.025008821936684078,-0.003395820113258785,-0.03233138451712225,0.5833333333333334,0.004876898382835115,-0.008507563020057951,-0.011321927653371033,0.5555555555555556,-0.05210429396111343
1.0,1.5,0.5,0.5,0.5,20,3,0.05233345801248768,-0.06666125481710217,-0.08114025409393022,0.30795454545454537,-0.02556076648183314,0.016507357335610706,-0.02916605330086597,0.4166666666666667,-0.021101843849299362,0.0005111579741259309,-0.02717758694936878,0.4166666666666667,-0.0025797606510042925,-0.01596422205389736,-0.020239264928460954,0.3777777777777777,-0.02818868494575901
1.0,1.5,0.5,0.5,0.5,10,5,0.06354215082606296,-0.055452562003526884,-0.08890431788926789,1.0,-0.05584755778183881,-0.01377943396439496,-0.024060536804212163,1.0,-0.046353131923881685,-0.024740130100456392,-0.045166523160324656,1.0,-0.00040133876487413733,-0.013785800167767204,-0.02158887466776671,1.0,-0.03417740093291938
1.0,1.5,0.5,0.5,0.5,10,3,0.08120873915892113,-0.037785973670668715,-0.0884317624235541,0.6045454545454544,-0.03049772265755657,0.011570401159887278,-0.01181600994944576,0.6666666666666666,-0.04674955809098502,-0.02513655626755973,-0.04145939282348421,0.6666666666666666,-0.002994081657304637,-0.016378543060197703,-0.020321941599014348,0.6444444444444444,-0.020338352760992717
1.0,1.5,0.5,0.75,0.0,20,5,0.04574179891762231,-0.07325291391196753,-0.07426441946627493,0.5056818181818182,-0.055700897345135725,-0.013632773527691877,-0.05055843408675331,0.5833333333333334,-0.04303829715061336,-0.021425295327188065,-0.041403921988157455,0.5833333333333334,0.0024337805312142358,-0.01095068087167883,-0.01892619491684089,0.5555555555555556,-0.0412284010721384
1.0,1.5,0.5,0.75,0.0,20,3,0.05837855215675436,-0.060616160672835484,-0.07971806302358597,0.30795454545454537,-0.05685105100509269,-0.014782927187648842,-0.04581629458172487,0.4166666666666667,-0.03559414665907745,-0.01398114483565216,-0.03536382632536883,0.4166666666666667,0.0034370335532689644,-0.009947427849624102,-0.018333845680088112,0.3777777777777777,-0.03456229000247962
1.0,1.5,0.5,0.75,0.0,10,5,-0.028716143886601042,-0.14771085671619089,-0.12331206764798652,1.0,-0.058575164963325155,-0.016507041145881307,-0.050397993321975476,1.0,-0.07316694867764395,-0.05155394685421866,-0.0693114013593712,1.0,-0.016199899711150656,-0.029584361114043722,-0.025052205437254504,1.0,-0.08276739200399559
1.0,1.5,0.5,0.75,0.0,10,3,0.09181845035312852,-0.02717626247646132,-0.09707996073680614,0.6045454545454544,0.023314373175207015,0.06538249699265086,-0.00783517498105768,0.6666666666666666,-0.05806475572105341,-0.036451753897628114,-0.06008281029062845,0.6666666666666666,0.0010107911393446578,-0.012373670263548409,-0.021100637204630512,0.6444444444444444,-0.003207507490421358
1.0,1.5,0.5,0.75,0.5,20,5,0.05293234227620647,-0.06606237055338338,-0.05814920955188985,0.5056818181818182,-0.023853903359183137,0.01821422045826071,-0.02997049873708313,0.5833333333333334,-0.035490909025463924,-0.01387790720203863,-0.03697969152954461,0.5833333333333334,0.0013892252566090058,-0.01199523614628406,-0.0156537715485372,0.5555555555555556,-0.029055483136705747
1.0,1.5,0.5,0.75,0.5,20,3,0.04444762237477984,-0.07454709045481,-0.06010262744997574,0.30795454545454537,-0.0273882223244033,0.014679901493040548,-0.02935893886865082,0.4166666666666667,-0.03107729202924503,-0.009464290205819736,-0.02773440606908395,0.4166666666666667,-0.0013592476072828985,-0.014743709010175965,-0.014254851254415501,0.3777777777777777,-0.03350741521380372
1.0,1.5,0.5,0.75,0.5,10,5,0.0023263006930465124,-0.11666841213654333,-0.0822560142301344,1.0,-0.03425519129962251,0.007812932517821336,-0.021732138701438863,1.0,-0.05335608504809408,-0.03174308322466879,-0.05447631457492086,1.0,-0.01922546285830329,-0.032609924261196355,-0.026525081248952587,1.0,-0.06020050345486894
1.0,1.5,0.5,0.75,0.5,10,3,0.05566312486200187,-0.06333158796758798,-0.057044022584569865,0.6045454545454544,0.0031257961411326196,0.04519391995857647,-0.004027846106812394,0.6666666666666666,-0.04361743534511264,-0.02200443352168735,-0.041238391998022816,0.6666666666666666,-0.005214330901695319,-0.018598792304588385,-0.019734150992684496,0.6444444444444444,-0.023291218469711834
1.0,2.0,0.0,0.0,0.0,20,5,0.060574552717165275,-0.05842016011242457,-0.1177177633101032,0.5056818181818182,-0.07746784963303832,-0.035399725815594474,-0.05814075277227693,0.5833333333333334,-0.04419538113033239,-0.022582379306907097,-0.031874698422993286,0.5833333333333334,-0.006426517831372602,-0.01981097923426567,-0.048869405238595065,0.5555555555555556,-0.04149800728566559
1.0,2.0,0.0,0.0,0.0,20,3,0.018671224525035335,-0.10032348830455451,-0.1365500151797303,0.30795454545454537,-0.07169479068918061,-0.029626666871736762,-0.05759948462109388,0.4166666666666667,-0.02752471759258468,-0.005911715769159387,-0.02513280554716324,0.4166666666666667,-0.00554570687603273,-0.018930168278925796,-0.0496817404016906,0.3777777777777777,-0.0562785190621965
1.0,2.0,0.0,0.0,0.0,10,5,0.08883203748837332,-0.030162675341216527,-0.10201439328184714,1.0,-0.07113085127831631,-0.02906272746087246,-0.06348281522865018,1.0,-0.05391498095834524,-0.032301979134919945,-0.04165626797480626,1.0,-0.0051722096512993865,-0.018556671054192453,-0.04795398843672716,1.0,-0.028467683297132413
1.0,2.0,0.0,0.0,0.0,10,3,0.019251568691188936,-0.09974314413840091,-0.13716302827024984,0.6045454545454544,-0.06286578309284407,-0.020797659275400227,-0.06287353962773279,0.6666666666666666,-0.029549441596248505,-0.007936439772823212,-0.02810170486678154,0.6666666666666666,-0.009660365187916686,-0.023044826590809753,-0.07375624525600166,0.6444444444444444,-0.054731019635675414
1.0,2.0,0.0,0.0,0.5,20,5,0.017112518920675113,-0.10188219390891473,-0.1019926765725907,0.5056818181818182,-0.016771794486655667,0.02529632933078818,-0.02029576213316464,0.5833333333333334,-0.044703863900537266,-0.023090862077111973,-0.032595016689130785,0.5833333333333334,-0.01734519354009645,-0.030729654942989515,-0.029722654449988894,0.5555555555555556,-0.04759598247932981
1.0,2.0,0.0,0.0,0.5,20,3,-0.015824773211773002,-0.13481948604136285,-0.11216822695458062,0.30795454545454537,-0.011240127688460388,0.03082799612898346,-0.024567015504241008,0.4166666666666667,-0.053085654136717064,-0.03147265231329177,-0.04112030438486025,0.4166666666666667,-0.019048561600728986,-0.03243302300362205,-0.0395539976901802,0.3777777777777777,-0.0625476209839045
1.0,2.0,0.0,0.0,0.5,10,5,0.0971651693568254,-0.021829543472764446,-0.12533844723550625,1.0,-0.02673687441862671,0.015331249398817137,-0.024615205889322422,1.0,-0.04519185755868971,-0.023578855735264415,-0.04438241891348349,1.0,-0.07909276827997547,-0.09247722968286853,-0.08296495617338706,1.0,-0.023398895025759658
1.0,2.0,0.0,0.0,0.5,10,3,-0.03928567507210057,-0.1582803879016904,-0.14147926147044643,0.6045454545454544,-0.027683447791606475,0.014384676025837373,-0.03422368073825377,0.6666666666666666,-0.0623179587265672,-0.04070495690314191,-0.06467355046841095,0.6666666666666666,-0.03673053809075766,-0.050114999493650725,-0.06321846861785696,0.6444444444444444,-0.08125299900882024
1.0,2.0,0.0,0.25,0.0,20,5,0.08682026611573579,-0.032174446713854055,-0.11933333707350235,0.5056818181818182,-0.06869509883980462,-0.026626975022360777,-0.054555677547753145,0.5833333333333334,-0.04208426036710955,-0.020471258543684256,-0.032413019402056986,0.5833333333333334,0.0031106275339498612,-0.010273833868943205,-0.03528614232349747,0.5555555555555556,-0.025747008638718635
1.0,2.0,0.0,0.25,0.0,20,3,-0.04001311637587668,-0.15900782920546652,-0.1259294202227541,0.30795454545454537,-0.06235994859796912,-0.02029182478052527,-0.05103676140215452,0.4166666666666667,-0.02465727823370656,-0.003044276410281266,-0.029157374817652237,0.4166666666666667,-0.004925083300076127,-0.018309544702969194,-0.04512317130004284,0.3777777777777777,-0.07982955250457882
1.0,2.0,0.0,0.25,0.0,10,5,0.07405435197942056,-0.04494036085016928,-0.14872159544464292,1.0,-0.08009169117153869,-0.038023567354094845,-0.0624174050317291,1.0,-0.04264274600344686,-0.02102974418002157,-0.0420330391145618,1.0,-0.0038494969188348493,-0.017233958321727916,-0.042056081491686714,1.0,-0.03546860959636231
1.0,2.0,0.0,0.25,0.0,10,3,-0.023798096401362323,-0.14279280923095217,-0.1314708013574437,0.6045454545454544,-0.07263355502804658,-0.030565431210602734,-0.06096879859172566,0.6666666666666666,0.008586826535313064,0.030199828358738356,-0.024792761204952996,0.6666666666666666,0.004999792429386307,-0.00838466897350676,-0.057480267589553824,0.6444444444444444,-0.06862584804879442
1.0,2.0,0.0,0.25,0.5,20,5,-0.02142765100380717,-0.140422363833397,-0.10638440318705389,0.5056818181818182,-0.011457263755101699,0.03061086006234215,-0.01678855098116505,0.5833333333333334,-0.041189704463152066,-0.019576702639726773,-0.03403771011607348,0.5833333333333334,-0.027268343469803447,-0.04065280487269651,-0.03922112164153069,0.5555555555555556,-0.0645717748363066
1.0,2.0,0.0,0.25,0.5,20,3,-0.032335243649070256,-0.1513299564786601,-0.13242564879986118,0.30795454545454537,-0.010726966752955702,0.031341157064488145,-0.030024553318787173,0.4166666666666667,-0.039499014409218214,-0.01788601258579292,-0.037625847951503144,0.4166666666666667,-0.009627283426456468,-0.023011744829349534,-0.0323207710280512,0.3777777777777777,-0.06639785476154637
1.0,2.0,0.0,0.25,0.5,10,5,0.10712354671663293,-0.01187116611295691,-0.11733693904315012,1.0,-0.02918618178900312,0.01288194202844073,-0.02461520657327909,1.0,-0.059052009561669894,-0.0374390077382446,-0.05329567461745732,1.0,-0.08529594010673025,-0.09868040150962332,-0.08929113521495324,1.0,-0.022539450630900612
1.0,2.0,0.0,0.25,0.5,10,3,0.06011930397699805,-0.05887540885259179,-0.10408429700712651,0.6045454545454544,-0.05308230551026294,-0.011014181692819092,-0.032740324304809554,0.6666666666666666,-0.05932672363696723,-0.037713721813541934,-0.06190776864512715,0.6666666666666666,-0.025529027775005653,-0.03891348917789872,-0.05234428504659394,0.6444444444444444,-0.040741561055587176
1.0,2.0,0.0,0.5,0.0,20,5,0.0789570841551952,-0.04003762867439464,-0.09533577569576135,0.5056818181818182,-0.054736579263174656,-0.012668455445730809,-0.0445007006209337,0.5833333333333334,-0.03848580022791381,-0.01687279840448852,-0.0415262199708355,0.5833333333333334,-0.006389360200930505,-0.01977382160382357,-0.03693370389478112,0.5555555555555556,-0.026681039766157107
1.0,2.0,0.0,0.5,0.0,20,3,0.0225193462306712,-0.09647536659891864,-0.10009396773785906,0.30795454545454537,-0.05073084298542285,-0.008662719167979005,-0.03709813824285313,0.4166666666666667,-0.025928673641068767,-0.004315671817643474,-0.032486262927659215,0.4166666666666667,-0.006092257500544096,-0.019476718903437162,-0.045509815580709545,0.3777777777777777,-0.04914845336967024
1.0,2.0,0.0,0.5,0.0,10,5,0.0903283915078783,-0.02866632132171154,-0.12467146528984197,1.0,-0.0645651789823376,-0.022497055164893753,-0.05425491124353077,1.0,-0.05924705387311591,-0.037634052049690614,-0.05734704725007611,1.0,0.014522352132817273,0.001137890729924207,-0.02262723361534269,1.0,-0.023998532583958593
1.0,2.0,0.0,0.5,0.0,10,3,0.08772844742725794,-0.031266265402331905,-0.1378425694731793,0.6045454545454544,-0.03402586427913823,0.008042259538305618,-0.027509312360021965,0.6666666666666666,0.005170677543455016,0.02678367936688031,-0.027692543435329786,0.6666666666666666,-0.0040731123646415845,-0.01745757376753465,-0.06582802876924898,0.6444444444444444,-0.010660338706571106
1.0,2.0,0.0,0.5,0.5,20,5,-0.02704074202993756,-0.1460354548595274,-0.09156372565069748,0.5056818181818182,-0.007017452012454406,0.03505067180498944,-0.011649434202909426,0.5833333333333334,-0.036491148606913604,-0.01487814678348831,-0.033511504082871735,0.5833333333333334,-0.0325443573369788,-0.04592881873987187,-0.034190347338514004,0.5555555555555556,-0.06607433156404399
1.0,2.0,0.0,0.5,0.5,20,3,-0.049924424326006855,-0.1689191371555967,-0.13163747690759886,0.30795454545454537,-0.005842200729200719,0.03622592308824313,-0.0255543046778145,0.4166666666666667,-0.03890996404428959,-0.017296962220864298,-0.03980419478528263,0.4166666666666667,-0.009625390788459698,-0.023009852191352764,-0.0279545536826028,0.3777777777777777,-0.07300315310979029
1.0,2.0,0.0,0.5,0.5,10,5,0.06296445474618717,-0.05603025808340267,-0.1106611998394561,1.0,-0.038439507909066695,0.003628615908377153,-0.033270481198223956,1.0,-0.035277180871501,-0.013664179048075709,-0.051260912244693646,1.0,-0.05017282197708761,-0.06355728337998068,-0.054321425948231306,1.0,-0.035889681524645375
1.0,2.0,0.0,0.5,0.5,10,3,0.03289378318626901,-0.08610092964332083,-0.11548957340479404,0.6045454545454544,-0.0057247497813414094,0.03634337403610244,-0.0036773126396588696,0.6666666666666666,-0.05105052681169753,-0.029437524988272235,-0.060405646877825125,0.6666666666666666,-0.031418496372796145,-0.04480295777568921,-0.05869251545338883,0.6444444444444444,-0.04079564724506298
1.0,2.0,0.0,0.75,0.0,20,5,0.07468823408240777,-0.044306478747182076,-0.08962672869241095,0.5056818181818182,-0.03870614953405238,0.0033619742833914668,-0.032157563419550894,0.5833333333333334,-0.02528495393489849,-0.003671952111473198,-0.03193100784495273,0.5833333333333334,-0.0037016768748284745,-0.01708613827772154,-0.029216765945221823,0.5555555555555556,-0.02221113542376328
1.0,2.0,0.0,0.75,0.0,20,3,0.04410463590813851,-0.07489007692145133,-0.08651089407674928,0.30795454545454537,-0.04342819372924267,-0.0013600699117988224,-0.04630026373140805,0.4166666666666667,-0.01838507357233865,0.0032279282510866425,-0.021899749509984412,0.4166666666666667,-0.011025633401690271,-0.024410094804583338,-0.046088338347988866,0.3777777777777777,-0.03721787707562731
1.0,2.0,0.0,0.75,0.0,10,5,0.08170799138311069,-0.037286721446479154,-0.12253844539328174,1.0,-0.04362660454534184,-0.0015584807278979929,-0.04044844847152873,1.0,-0.05524227273164106,-0.03362927090821577,-0.05586406293427282,1.0,-0.015670349427367225,-0.02905481083026029,-0.024576730338122688,1.0,-0.026571257093661527
1.0,2.0,0.0,0.75,0.0,10,3,0.07233139282383028,-0.04666332000575957,-0.11078528117198838,0.6045454545454544,-0.015133331363781921,0.026934792453661927,-0.021957807864397827,0.6666666666666666,-0.015874434251452962,0.005738567571972331,-0.03228281648346909,0.6666666666666666,-0.002721318653692739,-0.016105780056585806,-0.04493449570888075,0.6444444444444444,-0.015819877761868346
1.0,2.0,0.0,0.75,0.5,20,5,0.04598095696305893,-0.07301375586653092,-0.06716767116594824,0.5056818181818182,-0.000333869600765313,0.041734254216678535,-0.004176523517444686,0.5833333333333334,-0.029272829303546022,-0.007659827480120729,-0.02939403404879537,0.5833333333333334,-0.0312936556803427,-0.04467811708323577,-0.033984514029459345,0.5555555555555556,-0.030273318270272756
1.0,2.0,0.0,0.75,0.5,20,3,0.03153042028693909,-0.08746429254265076,-0.07231665533364962,0.30795454545454537,-0.017996896653096006,0.02407122716434784,-0.027839615327207023,0.4166666666666667,-0.0372280131644015,-0.015615011340976204,-0.03810699678393947,0.4166666666666667,-0.016150255711002925,-0.029534717113895992,-0.027401934549010964,0.3777777777777777,-0.04011358412133671
1.0,2.0,0.0,0.75,0.5,10,5,0.05020108564647474,-0.0687936271831151,-0.08577641939271874,1.0,-0.03949812909260497,0.0025699947248388755,-0.03040054056274355,1.0,-0.04099021208561948,-0.01937721026219419,-0.04761396093441117,1.0,-0.04131014073397343,-0.0546946021368665,-0.047612995928058455,1.0,-0.04142540541105118
1.0,2.0,0.0,0.75,0.5,10,3,0.08472807941457061,-0.03426663341501923,-0.07198483614745765,0.6045454545454544,0.005498381407675446,0.04756650522511929,-0.0038539520473507283,0.6666666666666666,-0.04593435771081822,-0.024321355887392926,-0.05865208843159053,0.6666666666666666,-0.004979174070360748,-0.018363635473253814,-0.036759621427998934,0.6444444444444444,-0.009931107434575842
1.0,2.0,0.25,0.0,0.0,20,5,0.038259879093262894,-0.08073483373632695,-0.12172126089040303,0.5056818181818182,-0.06704110190717316,-0.024972978089729314,-0.054897613268151346,0.5833333333333334,-0.04030287790649523,-0.018689876083069934,-0.0284334536054226,0.5833333333333334,0.0003630715681111063,-0.01302138983478196,-0.03706334368557773,0.5555555555555556,-0.04733060959145725
1.0,2.0,0.25,0.0,0.0,20,3,0.015646218930724043,-0.1033484938988658,-0.13644446175666247,0.30795454545454537,-0.06892663158721457,-0.026858507769770723,-0.05924794364143948,0.4166666666666667,-0.018918228923116343,0.0026947729003089504,-0.020968051329990356,0.4166666666666667,0.004548443642906408,-0.008836017759986659,-0.04389358385827424,0.3777777777777777,-0.05414263592588395
1.0,2.0,0.25,0.0,0.0,10,5,-0.005486402084956876,-0.12448111491454672,-0.1473346423706965,1.0,-0.07012424528040295,-0.028056121462959105,-0.06246792113227806,1.0,-0.030469030495054783,-0.00885602867162949,-0.027343459910316392,1.0,-0.020072028129999198,-0.033456489532892264,-0.028121350914741328,1.0,-0.06937740980796406
1.0,2.0,0.25,0.0,0.0,10,3,0.01754837960438982,-0.10144633322520002,-0.14862487187474105,0.6045454545454544,-0.061653280875717975,-0.019585157058274127,-0.061661047446325834,0.6666666666666666,-0.017733413515233942,0.0038795883081913507,-0.016704799677729643,0.6666666666666666,0.02743367136694852,0.014049209964055454,-0.030498492813116118,0.6444444444444444,-0.04785781947507153
1.0,2.0,0.25,0.0,0.5,20,5,0.019802832855988495,-0.09919187997360135,-0.09947024782333214,0.5056818181818182,-0.01976284008293383,0.022305283734510017,-0.022301001059018333,0.5833333333333334,-0.027246768673482635,-0.005633766850057342,-0.030134098703580525,0.5833333333333334,-0.02131173025958022,-0.034696191662473286,-0.028251484125486614,0.5555555555555556,-0.045109518831372694
1.0,2.0,0.25,0.0,0.5,20,3,-0.016537285152335435,-0.13553199798192528,-0.1252100279893491,0.30795454545454537,-0.01584132412984529,0.026226799687598557,-0.01866269419613742,0.4166666666666667,-0.03152125932533989,-0.009908257501914597,-0.034075552544241106,0.4166666666666667,-0.012474238194951748,-0.025858699597844814,-0.028345622806030923,0.3777777777777777,-0.05979774273493065
1.0,2.0,0.25,0.0,0.5,10,5,0.061078215724319485,-0.05791649710527036,-0.12982897372755364,1.0,-0.046355003367275605,-0.004286879549831757,-0.026671957777578248,1.0,-0.04069010791134897,-0.01907710608792368,-0.042506771782999664,1.0,-0.03252023943901139,-0.045904700841904456,-0.03965225559907337,1.0,-0.03688141462430382
1.0,2.0,0.25,0.0,0.5,10,3,-0.023655930883549336,-0.14265064371313918,-0.1323737307400299,0.6045454545454544,-0.03294155220476036,0.009126571612683487,-0.022631673212647474,0.6666666666666666,-0.04719170445436416,-0.025578702630938865,-0.04948820732382597,0.6666666666666666,-0.01828180737133367,-0.031666268774226736,-0.03802028300959448,0.6444444444444444,-0.07049789247851661
1.0,2.0,0.25,0.25,0.0,20,5,0.07070616910059835,-0.048288543728991495,-0.13044288935248793,0.5056818181818182,-0.08244635402905443,-0.04037823021161058,-0.0685157130750651,0.5833333333333334,-0.029001535030736436,-0.007388533207311143,-0.031696724608306526,0.5833333333333334,0.0078099454110294175,-0.005574515991863649,-0.03512484470059585,0.5555555555555556,-0.033768859610825035
1.0,2.0,0.25,0.25,0.0,20,3,-0.035579484113072324,-0.15457419694266217,-0.13072279427144629,0.30795454545454537,-0.059310992885897806,-0.01724286906845396,-0.041128248808993795,0.4166666666666667,-0.017718261517277623,0.0038947403061476704,-0.01969083383886594,0.4166666666666667,0.01168145104185947,-0.0017030103610335967,-0.03627046170619164,0.3777777777777777,-0.07354034639954436
1.0,2.0,0.25,0.25,0.0,10,5,0.037751609768416516,-0.08124310306117333,-0.15449319812617968,1.0,-0.06890458584553993,-0.026836462028096086,-0.061238219379464276,1.0,-0.03863487807192012,-0.017021876248494827,-0.03648424283940588,1.0,-0.02085192813751724,-0.034236389540410306,-0.04655471439447523,1.0,-0.05095725175288778
1.0,2.0,0.25,0.25,0.0,10,3,0.020401093860135333,-0.09859361896945451,-0.12265018540373251,0.6045454545454544,-0.028937475409133495,0.013130648408310353,-0.025587993413938914,0.6666666666666666,-0.005696406317216796,0.015916595506208497,-0.016802595998644865,0.6666666666666666,0.025872782047235532,0.012488320644342465,-0.04574053260751432,0.6444444444444444,-0.0368237290115943
1.0,2.0,0.25,0.25,0.5,20,5,0.016562710578892137,-0.1024320022506977,-0.09563386349537362,0.5056818181818182,-0.012431321042760235,0.029636802774683613,-0.019560291180014566,0.5833333333333334,-0.026289820903298122,-0.004676819079872829,-0.02800864505412759,0.5833333333333334,-0.01368869894204816,-0.027073160344941227,-0.026365733664628577,0.5555555555555556,-0.04344769723286518
1.0,2.0,0.25,0.25,0.5,20,3,-0.01793958141625851,-0.13693429424584835,-0.11604359428697752,0.30795454545454537,-0.012509242721451486,0.029558881095992362,-0.02802544193582812,0.4166666666666667,-0.03514467677074229,-0.013531674947316996,-0.03757654813745637,0.4166666666666667,-0.0004654419617592387,-0.013849903364652305,-0.022111433435287542,0.3777777777777777,-0.05833794888342906
1.0,2.0,0.25,0.25,0.5,10,5,0.1153505068879237,-0.0036442059416661454,-0.12844517769674335,1.0,-0.045292236408217446,-0.003224112590773598,-0.031471783245925034,1.0,-0.04207795351836774,-0.020464951694942446,-0.04542950959896985,1.0,-0.01759336314627713,-0.030977824549170196,-0.030492132789205706,1.0,-0.01016233725806006
1.0,2.0,0.25,0.25,0.5,10,3,0.018494394474912967,-0.10050031835467688,-0.1317857692313429,0.6045454545454544,-0.004632731582951077,0.03743539223449277,-0.010977692972421682,0.6666666666666666,-0.05932672363696723,-0.037713721813541934,-0.06190776864512715,0.6666666666666666,-0.0118478212023726,-0.025232282605265666,-0.032595976830873785,0.6444444444444444,-0.045308195863802546
1.0,2.0,0.25,0.5,0.0,20,5,0.047604054102134974,-0.07139065872745487,-0.10722779694817308,0.5056818181818182,-0.0747361337859126,-0.03266800996846875,-0.06354145440089554,0.5833333333333334,-0.022309918806191265,-0.0006969169827659716,-0.03187853806452623,0.5833333333333334,0.00036849685267270615,-0.01301596455022036,-0.03256178464185544,0.5555555555555556,-0.042349731149419825
1.0,2.0,0.25,0.5,0.0,20,3,-0.008662637615150626,-0.12765735044474047,-0.11999130962610338,0.30795454545454537,-0.04821930204352032,-0.00615117822607647,-0.03743634097891113,0.4166666666666667,-0.00672979824954667,0.014883203573878623,-0.02063618386211541,0.4166666666666667,-0.0007420236813708847,-0.014126485084263951,-0.04032519825669412,0.3777777777777777,-0.05887009448321013
1.0,2.0,0.25,0.5,0.0,10,5,0.0834631673475319,-0.03553154548205795,-0.12894175648417827,1.0,-0.07586295206448779,-0.03379482824704394,-0.06567720894433149,1.0,-0.07122435077476685,-0.04961134895134156,-0.06348336613314653,1.0,-0.006052487249114891,-0.019436948652007957,-0.02223112605749522,1.0,-0.03479514716918949
1.0,2.0,0.25,0.5,0.0,10,3,0.03480174452956186,-0.08419296830002798,-0.1420523623812493,0.6045454545454544,-0.03391525844427412,0.008152865373169726,-0.026815646014438865,0.6666666666666666,-0.007276909519637886,0.014336092303787407,-0.02899077718170573,0.6666666666666666,0.05210414281082065,0.038719681407927586,-0.023563591779935722,0.6444444444444444,-0.027890253334962912
1.0,2.0,0.25,0.5,0.5,20,5,-0.011809286052190116,-0.13080399888177996,-0.0984340888713714,0.5056818181818182,-0.008093895425328235,0.03397422839211561,-0.0197202958782009,0.5833333333333334,-0.028285867247227148,-0.006672865423801855,-0.02800864505412748,0.5833333333333334,-0.010554642916895118,-0.023939104319788185,-0.018735761707800336,0.5555555555555556,-0.05496003786031058
1.0,2.0,0.25,0.5,0.5,20,3,-0.008299895791306078,-0.12729460862089592,-0.10344246514625433,0.30795454545454537,0.0002605494205876191,0.04232867323803147,-0.022827282682069017,0.4166666666666667,-0.032977323220467314,-0.011364321397042021,-0.03636222536939737,0.4166666666666667,-0.016432784485267637,-0.029817245888160704,-0.026083159525069233,0.3777777777777777,-0.05287764066267571
1.0,2.0,0.25,0.5,0.5,10,5,0.06466091280693664,-0.0543338000226532,-0.11375079271554689,1.0,-0.04728447690082105,-0.005216353083377201,-0.03434735839440073,1.0,-0.023034263231537566,-0.0014212614081122732,-0.041945364097045745,1.0,-0.011452759355116915,-0.02483722075800998,-0.023923998600401064,1.0,-0.02969307060595658
1.0,2.0,0.25,0.5,0.5,10,3,0.06835857425347691,-0.05063613857611293,-0.0884895383990949,0.6045454545454544,-0.012017341509620527,0.03005078230782332,-0.0033413244649023177,0.6666666666666666,-0.04158294252179595,-0.01996994069837066,-0.05701789068267116,0.6666666666666666,0.006382552452639079,-0.007001908950253988,-0.017774526710353622,0.6444444444444444,-0.01931934422958869
1.0,2.0,0.25,0.75,0.0,20,5,0.025115398439900627,-0.09387931438968922,-0.10254670623418893,0.5056818181818182,-0.050335674578891654,-0.008267550761447806,-0.03808486396255162,0.5833333333333334,-0.027913640410321627,-0.006300638586896334,-0.02861006209505046,0.5833333333333334,-0.0012902837072567008,-0.014674745110149767,-0.029187928054893675,0.5555555555555556,-0.047458886720279016
1.0,2.0,0.25,0.75,0.0,20,3,0.06454934121554712,-0.054445371614042726,-0.08519131040805428,0.30795454545454537,-0.05424132620711364,-0.01217320238966979,-0.04003557386727208,0.4166666666666667,-0.0077500624864829115,0.013862939336942381,-0.023396665838686825,0.4166666666666667,0.0003136903906273414,-0.013070771012265725,-0.02956013963863391,0.3777777777777777,-0.027424892575035175
1.0,2.0,0.25,0.75,0.0,10,5,0.05934623986878429,-0.059648472960805554,-0.12946981590744844,1.0,-0.06113494685979792,-0.019066823042354075,-0.04444748743851579,1.0,-0.03322877321216222,-0.011615771388736928,-0.04321978217975464,1.0,-0.015506974547366492,-0.02889143595025956,-0.023668650197917196,1.0,-0.037684599693800495
1.0,2.0,0.25,0.75,0.0,10,3,0.054867092764201875,-0.06412762006538797,-0.11830692450038238,0.6045454545454544,-0.022090121578083655,0.019978002239360193,-0.01779103472411636,0.6666666666666666,-0.021805099405693307,-0.00019209758226801377,-0.03576537652051237,0.6666666666666666,0.02575587206026997,0.012371410657376902,-0.021593738401646134,0.6444444444444444,-0.022036031508318208
1.0,2.0,0.25,0.75,0.5,20,5,0.016057175495052034,-0.10293753733453781,-0.07311943820769129,0.5056818181818182,-0.012804618581490401,0.029263505235953446,-0.020544688760279484,0.5833333333333334,-0.026784062225020944,-0.005171060401595651,-0.026606338111007433,0.5833333333333334,-0.004360752966251824,-0.01774521436914489,-0.01406137741301594,0.5555555555555556,-0.042443456707164734
1.0,2.0,0.25,0.75,0.5,20,3,0.040212296905887124,-0.07878241592370272,-0.09961663488542283,0.30795454545454537,-0.012229555755764343,0.029838568061679505,-0.026436758812252048,0.4166666666666667,-0.03161184105693171,-0.009998839233506418,-0.031892815511844086,0.4166666666666667,-0.013645972981246812,-0.02703043438413988,-0.023951356457618145,0.3777777777777777,-0.033546836192893295
1.0,2.0,0.25,0.75,0.5,10,5,0.08884435239005373,-0.030150360439536117,-0.08782665912258791,1.0,-0.027539544519976533,0.014528579297467314,-0.029520440669993153,1.0,-0.03563047949946152,-0.014017477676036227,-0.04526441008384263,1.0,-0.020023263111085154,-0.03340772451397822,-0.02557906792248077,1.0,-0.01704929770192659
1.0,2.0,0.25,0.75,0.5,10,3,0.0804122427538585,-0.038582470075731345,-0.05305662452434101,0.6045454545454544,0.02524288284523557,0.06731100666267942,0.0,0.6666666666666666,-0.042588302323050775,-0.020975300499625482,-0.05559185703288072,0.6666666666666666,-1.9901371509201127e-05,-0.013404362774402268,-0.015893240857323132,0.6444444444444444,-0.005691309359513414
1.0,2.0,0.5,0.0,0.0,20,5,0.017946090147773264,-0.10104862268181658,-0.13174631126268,0.5056818181818182,-0.08031474918078174,-0.038246625363337894,-0.06417768570531512,0.5833333333333334,-0.021746653158214113,-0.00013365133478882019,-0.0200924580796753,0.5833333333333334,0.0072762760876656785,-0.006108185315227388,-0.03670837226972379,0.5555555555555556,-0.05596981204515437
1.0,2.0,0.5,0.0,0.0,20,3,0.04076686610571478,-0.07822784672387506,-0.13439507030297582,0.30795454545454537,-0.07056974682026007,-0.028501623002816223,-0.05708006484493333,0.4166666666666667,-0.019050081527960505,0.002562920295464788,-0.016730513397861024,0.4166666666666667,0.013260169707449032,-0.0001242916954440343,-0.03911924497205521,0.3777777777777777,-0.041962142486444726
1.0,2.0,0.5,0.0,0.0,10,5,-0.04808601166232174,-0.16708072449191158,-0.16619626823885936,1.0,-0.08493234085851586,-0.04286421704107202,-0.05910047136586327,1.0,-0.03646895660864058,-0.014855954785215286,-0.029647550356520114,1.0,0.04390986192725732,0.030525400524364255,-0.030088779402334342,1.0,-0.08355196342075587
1.0,2.0,0.5,0.0,0.0,10,3,0.002148760110269432,-0.11684595271932041,-0.1392270040717457,0.6045454545454544,-0.06356655652639742,-0.021498432708953574,-0.05667822646576315,0.6666666666666666,-0.012785767354463351,0.008827234468961942,-0.018968543108105695,0.6666666666666666,0.04372903755572799,0.030344576152834923,-0.031948094465862886,0.6444444444444444,-0.052079515307663055
1.0,2.0,0.5,0.0,0.5,20,5,0.018125797367118057,-0.10086891546247179,-0.10446300053529611,0.5056818181818182,-0.01916896504289667,0.02289915877454718,-0.015776774594187692,0.5833333333333334,-0.02630151137999437,-0.004688509556569076,-0.028411550355470827,0.5833333333333334,-0.0022732039374515622,-0.01565766534034463,-0.023607519756713935,0.5555555555555556,-0.042718148499012565
1.0,2.0,0.5,0.0,0.5,20,3,-0.010356435070627334,-0.12935114790021718,-0.11431361763925152,0.30795454545454537,-0.02617777736554705,0.015890346451896797,-0.02015412664984506,0.4166666666666667,-0.029822035671381086,-0.008209033847955793,-0.028981684730662982,0.4166666666666667,-0.009021880839783836,-0.022406342242676902,-0.03489336479221805,0.3777777777777777,-0.05882773635571843
1.0,2.0,0.5,0.0,0.5,10,5,0.06911156165357935,-0.0498831511760105,-0.12955905259908473,1.0,-0.04667832490509183,-0.00461020108764798,-0.029217570443143326,1.0,-0.06891905856773084,-0.04730605674430555,-0.05158023154290181,1.0,-0.027413896109699465,-0.04079835751259253,-0.03604150617016588,1.0,-0.03681563043965143
1.0,2.0,0.5,0.0,0.5,10,3,0.04706006753030101,-0.07193464529928884,-0.10975880518062331,0.6045454545454544,-0.04210401899238869,-3.58951749448444e-05,-0.024823663826584852,0.6666666666666666,-0.054310597045873044,-0.03269759522244775,-0.03950067636827026,0.6666666666666666,-0.014711118796902567,-0.028095580199795633,-0.0403364937001337,0.6444444444444444,-0.0414985404917527
1.0,2.0,0.5,0.25,0.0,20,5,0.00968688112447813,-0.10930783170511171,-0.1307032901903945,0.5056818181818182,-0.09083363147412715,-0.048765507656683305,-0.07205500231662698,0.5833333333333334,-0.017003865042664046,0.004609136780761247,-0.023997116276784358,0.5833333333333334,0.0026026125662521604,-0.010781848836640906,-0.032946372226847376,0.5555555555555556,-0.062305807989853045
1.0,2.0,0.5,0.25,0.0,20,3,-0.013935733181979493,-0.13293044601156934,-0.12729266775380832,0.30795454545454537,-0.07200760768820758,-0.029939483870763728,-0.05434734806305874,0.4166666666666667,-0.00643526712323228,0.015177734700193013,-0.017019328821519686,0.4166666666666667,0.017010702374430586,0.00362624097153752,-0.03204469903674634,0.3777777777777777,-0.06448297532213755
1.0,2.0,0.5,0.25,0.0,10,5,0.009448521833140822,-0.10954619099644902,-0.14798441219851877,1.0,-0.06890458540856648,-0.02683646159112263,-0.06123821893889292,1.0,-0.03231927274667912,-0.010706270923253824,-0.02986331529293418,1.0,0.04098699368492209,0.027602532282029024,-0.029041694032191034,1.0,-0.05347046214236644
1.0,2.0,0.5,0.25,0.0,10,3,0.0055120846824097125,-0.11348262814718013,-0.12621412033815205,0.6045454545454544,-0.026917864263900748,0.0151502595535431,-0.023561417812095975,0.6666666666666666,-0.020363986046826987,0.0012490157765983056,-0.016232881765365637,0.6666666666666666,0.04257733563210597,0.029192874229212906,-0.029084457137011244,0.6444444444444444,-0.0427133342769736
1.0,2.0,0.5,0.25,0.5,20,5,-0.0016241023009758715,-0.12061881513056572,-0.10682337641798911,0.5056818181818182,-0.009956025790682665,0.03211209802676118,-0.015776774594187692,0.5833333333333334,-0.02339042773459754,-0.001777425911172248,-0.026415517325034,0.5833333333333334,-0.0037291002674847418,-0.017113561670377808,-0.020430606430678067,0.5555555555555556,-0.04908409043929678
1.0,2.0,0.5,0.25,0.5,20,3,-0.012792119002205893,-0.13178683183179574,-0.1184835507104719,0.30795454545454537,-0.027531119829664163,0.014537003987779684,-0.03701958999058175,0.4166666666666667,-0.030476812187984592,-0.0088638103645593,-0.029322820132529515,0.4166666666666667,-0.011806295491045171,-0.025190756893938238,-0.031033316571482006,0.3777777777777777,-0.0607780084161378
1.0,2.0,0.5,0.25,0.5,10,5,0.06271466295939931,-0.05628004987019053,-0.143064235649921,1.0,-0.06586634778931988,-0.02379822397187603,-0.029217570216323874,1.0,-0.05306650975671634,-0.03145350793329105,-0.060237112780844315,1.0,-0.03200431547327798,-0.045388776876171044,-0.04015507983173383,1.0,-0.04280192115597407
1.0,2.0,0.5,0.25,0.5,10,3,0.005914366335793675,-0.11308034649379617,-0.1253649228014342,0.6045454545454544,-0.029574476028783048,0.0124936477886608,-0.015229826863408125,0.6666666666666666,-0.04153689410847161,-0.01992389228504632,-0.04244873355347534,0.6666666666666666,0.0033479606357829095,-0.010036500767110157,-0.021168964293465042,0.6444444444444444,-0.05225680293286655
1.0,2.0,0.5,0.5,0.0,20,5,0.010524779591883915,-0.10846993323770593,-0.1108517683395398,0.5056818181818182,-0.08085356969326563,-0.03878544587582178,-0.06224397458077979,0.5833333333333334,-0.02275132124946755,-0.0011383194260422558,-0.031184983949401834,0.5833333333333334,0.00954170116761821,-0.0038427602352748558,-0.02254585816802579,0.5555555555555556,-0.059254993375120676
1.0,2.0,0.5,0.5,0.0,20,3,0.027591938836259322,-0.09140277399333052,-0.10800756251999066,0.30795454545454537,-0.0632432030352642,-0.02117507921782036,-0.05071575178555865,0.4166666666666667,-0.0001996458620181496,0.021413355961407143,-0.015642972953780476,0.4166666666666667,0.01017652579662176,-0.003207935606271306,-0.03355335312988106,0.3777777777777777,-0.04369420504818345
1.0,2.0,0.5,0.5,0.0,10,5,-0.020236906379983655,-0.1392316192095735,-0.16576417876654137,1.0,-0.06431985511081462,-0.02225173129337077,-0.054006885167922625,1.0,-0.047980972977292646,-0.026367971153867353,-0.05187847799578926,1.0,0.04019147472655504,0.026807013323661977,-0.02678840027918128,1.0,-0.06815130514218157
1.0,2.0,0.5,0.5,0.0,10,3,0.04331083060754182,-0.07568388222204803,-0.11504152514429877,0.6045454545454544,-0.030684770614349044,0.011383353203094804,-0.023561417812095975,0.6666666666666666,-0.02154241449140426,7.058733202103262e-05,-0.020188497514878834,0.6666666666666666,0.02127949064296386,0.007895029240070794,-0.022216439099690177,0.6444444444444444,-0.030017066213334137
1.0,2.0,0.5,0.5,0.5,20,5,0.00015000530995235017,-0.1188447075196375,-0.09244766607676713,0.5056818181818182,-0.032713807286253394,0.009354316531190454,-0.03405056149964958,0.5833333333333334,-0.026982516579583504,-0.005369514756158211,-0.028008644140930405,0.5833333333333334,0.0016427695364737982,-0.011741691866419268,-0.01135343016738688,0.5555555555555556,-0.05370822024442588
1.0,2.0,0.5,0.5,0.5,20,3,0.012864308108788025,-0.10613040472080182,-0.09000557843909285,0.30795454545454537,-0.027738026608422173,0.014330097209021675,-0.03768786984835659,0.4166666666666667,-0.03063740558065553,-0.009024403757230237,-0.034491818943489294,0.4166666666666667,-0.006037347970795803,-0.01942180937368887,-0.02466365622480371,0.3777777777777777,-0.04844308979174326
1.0,2.0,0.5,0.5,0.5,10,5,0.06151116760412356,-0.05748354522546628,-0.10014190004897794,1.0,-0.04861093713561826,-0.006542813318174412,-0.02392653207008999,1.0,-0.01425139894957772,0.0073616028738475725,-0.03899834541502856,1.0,-0.0332116120956466,-0.04659607349853967,-0.04135221071634454,1.0,-0.03338846927470725
1.0,2.0,0.5,0.5,0.5,10,3,0.11295646730450604,-0.006038245525083807,-0.07366912631792943,0.6045454545454544,-0.028363960291082457,0.01370416352636139,-0.01181600994944576,0.6666666666666666,-0.04224840949291919,-0.0206354076694939,-0.058983717218794474,0.6666666666666666,0.008605083865364405,-0.004779377537528662,-0.01995544738859012,0.6444444444444444,-0.00310338738575075
1.0,2.0,0.5,0.75,0.0,20,5,0.039624447530059115,-0.07937026529953073,-0.09908870520586677,0.5056818181818182,-0.06592970954209698,-0.023861585724653134,-0.05371317031034428,0.5833333333333334,-0.014917355040961366,0.0066956467824639265,-0.026470205273885328,0.5833333333333334,0.009637676022159924,-0.003746785380733142,-0.02178749791123813,0.5555555555555556,-0.0412396866056925
1.0,2.0,0.5,0.75,0.0,20,3,0.035764198645858114,-0.08323051418373173,-0.0992298084619595,0.30795454545454537,-0.05340488776827079,-0.011336763950826945,-0.03974756723242068,0.4166666666666667,-0.002463555387452576,0.019149446435972717,-0.01718611087867572,0.4166666666666667,-0.005113387278380177,-0.018497848681273243,-0.03130933422145732,0.3777777777777777,-0.040190182707181096
1.0,2.0,0.5,0.75,0.0,10,5,-0.0016129555639403659,-0.12060766839353021,-0.1493180851889997,1.0,-0.0610090367176187,-0.018940912900174856,-0.044319338479742676,1.0,-0.025018531657655996,-0.0034055298342307028,-0.040209222156719404,1.0,-0.007600658052855591,-0.020985119455748658,-0.028852973543604832,1.0,-0.06266727639562922
1.0,2.0,0.5,0.75,0.0,10,3,0.07524156603867493,-0.04375314679091491,-0.11714482999420905,0.6045454545454544,-0.015169508920909625,0.026898614896534223,-0.016783307152844373,0.6666666666666666,-0.03748398992182467,-0.015870988098399375,-0.04201675575056052,0.6666666666666666,0.024348184347406487,0.010963722944513421,-0.02126288028153045,0.6444444444444444,-0.013700352104861048
1.0,2.0,0.5,0.75,0.5,20,5,0.01730649523375849,-0.10168821759583135,-0.07655837132573906,0.5056818181818182,-0.023072923491938457,0.01899520032550539,-0.028290505137372746,0.5833333333333334,-0.019729562866824812,0.0018834389566004806,-0.02622375482605077,0.5833333333333334,-0.005028986625259413,-0.01841344802815248,-0.01619167804383681,0.5555555555555556,-0.043490399197480566
1.0,2.0,0.5,0.75,0.5,20,3,0.025049604815011284,-0.09394510801457856,-0.09460509902050107,0.30795454545454537,-0.011975151192356703,0.030092972625087144,-0.025518088280040874,0.4166666666666667,-0.018643621522979492,0.002969380300445801,-0.028200242343638937,0.4166666666666667,-0.0089674633702157,-0.022351924773108767,-0.022341468676137954,0.3777777777777777,-0.037659437121188015
1.0,2.0,0.5,0.75,0.5,10,5,0.05718705935745061,-0.061807653472139235,-0.0867547277371502,1.0,-0.0446414681116577,-0.002573344294213853,-0.026264302592943878,1.0,-0.02961718609716757,-0.008004184273742276,-0.04129000520860959,1.0,-0.03338922788738463,-0.0467736892902777,-0.04319140275371447,1.0,-0.036673461170619114
1.0,2.0,0.5,0.75,0.5,10,3,0.034173279047755356,-0.08482143378183449,-0.07872517490278441,0.6045454545454544,0.013510232354915441,0.05557835617235929,-0.004064020538255608,0.6666666666666666,-0.030514626243682175,-0.008901624420256882,-0.047493547475603304,0.6666666666666666,0.0069328436671214355,-0.006451617735771631,-0.01746957747041944,0.6444444444444444,-0.02657804248213998
